{
	"credit": "Сделано Веббером специально для MoreDeco https://modrinth.com/resourcepack/moredeco mc _Webber_3",
	"texture_size": [32, 32],
	"textures": {
		"1": "item/brush/mop"
	},
	"elements": [
		{
			"from": [0.25, -0.125, 0.5],
			"to": [9.25, 2.125, 15.5],
			"faces": {
				"north": {"uv": [6.5, 9.5, 7.5, 14], "rotation": 90, "texture": "#1"},
				"east": {"uv": [7.5, 8.5, 15, 9.5], "texture": "#1"},
				"south": {"uv": [6.5, 14, 7.5, 9.5], "rotation": 90, "texture": "#1"},
				"west": {"uv": [7.5, 7.5, 15, 8.5], "texture": "#1"},
				"up": {"uv": [7.5, 9.5, 15, 14], "rotation": 90, "texture": "#1"},
				"down": {"uv": [15, 9.5, 7.5, 14], "rotation": 90, "texture": "#1"}
			}
		},
		{
			"from": [0.25, 2.125, 0.5],
			"to": [9.25, -0.125, 15.5],
			"faces": {
				"north": {"uv": [6.5, 9.5, 7.5, 14], "rotation": 90, "texture": "#1"},
				"east": {"uv": [7.5, 8.5, 15, 9.5], "texture": "#1"},
				"south": {"uv": [6.5, 14, 7.5, 9.5], "rotation": 90, "texture": "#1"},
				"west": {"uv": [7.5, 7.5, 15, 8.5], "texture": "#1"},
				"up": {"uv": [7.5, 9.5, 15, 14], "rotation": 90, "texture": "#1"},
				"down": {"uv": [15, 9.5, 7.5, 14], "rotation": 90, "texture": "#1"}
			}
		},
		{
			"from": [7, 2, 7],
			"to": [9, 30, 9],
			"faces": {
				"north": {"uv": [15, 0, 16, 14], "texture": "#1"},
				"east": {"uv": [16, 0, 15, 14], "texture": "#1"},
				"south": {"uv": [15, 0, 16, 14], "texture": "#1"},
				"west": {"uv": [16, 0, 15, 14], "texture": "#1"},
				"up": {"uv": [16, 15, 15, 14], "texture": "#1"},
				"down": {"uv": [16, 14, 15, 15], "texture": "#1"}
			}
		},
		{
			"from": [7, 0, 1],
			"to": [9, 2, 15],
			"faces": {
				"north": {"uv": [15, 15, 16, 16], "texture": "#1"},
				"east": {"uv": [8, 15, 15, 16], "texture": "#1"},
				"south": {"uv": [16, 15, 15, 16], "texture": "#1"},
				"west": {"uv": [15, 14, 8, 15], "texture": "#1"},
				"up": {"uv": [15, 15.5, 8, 14.5], "rotation": 90, "texture": "#1"},
				"down": {"uv": [8, 15.5, 15, 14.5], "rotation": 90, "texture": "#1"}
			}
		}
	],
	"display": {
		"thirdperson_righthand": {
			"rotation": [55, 90, 0],
			"translation": [-0.5, -4, -6],
			"scale": [0.75, 0.75, 0.75]
		},
		"thirdperson_lefthand": {
			"rotation": [55, 90, 0],
			"translation": [-0.5, -4, -6],
			"scale": [0.75, 0.75, 0.75]
		},
		"firstperson_righthand": {
			"rotation": [-25, 90, 180],
			"translation": [0, 2, 0],
			"scale": [0.75, 0.75, 0.75]
		},
		"firstperson_lefthand": {
			"rotation": [-25, -90, 180],
			"translation": [0, 2, 0],
			"scale": [0.75, 0.75, 0.75]
		},
		"ground": {
			"rotation": [0, 0, 90],
			"translation": [5, -2, 0],
			"scale": [0.75, 0.75, 0.75]
		},
		"gui": {
			"rotation": [-31, -115, 30],
			"translation": [0, -2.5, 0],
			"scale": [0.85, 0.85, 0.85]
		},
		"head": {
			"rotation": [-90, -50, -90],
			"translation": [-4, -21, 5]
		},
		"fixed": {
			"rotation": [-90, 0, 20],
			"translation": [0, 0, -16],
			"scale": [2, 2, 2]
		}
	}
}