{
	"credit": "Сделано Веббером специально для MoreDeco https://modrinth.com/resourcepack/moredeco mc _Webber_3",
	"textures": {
		"2": "item/painting/webber_1.20",
		"3": "item/painting/back2_1",
		"particle": "item/painting/webber_1.20"
	},
	"elements": [
		{
			"from": [0, 0, 0],
			"to": [16, 1, 32],
			"faces": {
				"north": {"uv": [8, 15.5, 16, 16], "texture": "#2"},
				"east": {"uv": [8, 0, 8.5, 16], "rotation": 270, "texture": "#2"},
				"south": {"uv": [8, 0, 16, 0.5], "texture": "#2"},
				"west": {"uv": [15.5, 0, 16, 16], "rotation": 90, "texture": "#2"},
				"up": {"uv": [16, 16, 8, 0], "texture": "#2"},
				"down": {"uv": [8, 0, 16, 16], "texture": "#3"}
			}
		}
	],
	"display": {
		"thirdperson_righthand": {
			"rotation": [90, 0, 90],
			"translation": [-4.5, 2, -3.5],
			"scale": [0.5, 0.5, 0.5]
		},
		"thirdperson_lefthand": {
			"rotation": [90, 0, 90],
			"translation": [-4.5, 2, -3.5],
			"scale": [0.5, 0.5, 0.5]
		},
		"firstperson_righthand": {
			"rotation": [-90, 0, 128],
			"scale": [0.5, 0.5, 0.5]
		},
		"firstperson_lefthand": {
			"rotation": [-90, 0, 128],
			"scale": [0.5, 0.5, 0.5]
		},
		"ground": {
			"translation": [0, 1, -4],
			"scale": [0.5, 0.5, 0.5]
		},
		"gui": {
			"rotation": [90, 180, 0],
			"translation": [0, -4, 0],
			"scale": [0.5, 0.5, 0.5]
		},
		"head": {
			"translation": [0, 7.5, -33],
			"scale": [2, 2, 2]
		},
		"fixed": {
			"rotation": [-90, 0, 0],
			"translation": [0, 0, -16],
			"scale": [2.01, 2.01, 2.01]
		}
	}
}