{
	"credit": "Сделано Веббером специально для MoreDeco https://modrinth.com/resourcepack/moredeco mc _Webber_3",
	"textures": {
		"1": "item/painting/back1_1",
		"2": "item/painting/sunflower"
	},
	"elements": [
		{
			"from": [0, 0, 0],
			"to": [16, 1, 16],
			"faces": {
				"north": {"uv": [0, 15, 16, 16], "texture": "#2"},
				"east": {"uv": [0, 0, 1, 16], "rotation": 270, "texture": "#2"},
				"south": {"uv": [0, 0, 16, 1], "texture": "#2"},
				"west": {"uv": [15, 0, 16, 16], "rotation": 90, "texture": "#2"},
				"up": {"uv": [16, 16, 0, 0], "texture": "#2"},
				"down": {"uv": [0, 0, 16, 16], "texture": "#1"}
			}
		}
	],
	"display": {
		"thirdperson_righthand": {
			"rotation": [0, 0, 90],
			"translation": [-4.5, -0.5, -3.5],
			"scale": [0.5, 0.5, 0.5]
		},
		"thirdperson_lefthand": {
			"rotation": [0, 0, 90],
			"translation": [-4.5, -0.5, -3.5],
			"scale": [0.5, 0.5, 0.5]
		},
		"firstperson_righthand": {
			"rotation": [-90, 0, 128]
		},
		"firstperson_lefthand": {
			"rotation": [-90, 0, 128]
		},
		"ground": {
			"translation": [0, 1, 0],
			"scale": [0.5, 0.5, 0.5]
		},
		"gui": {
			"rotation": [90, 180, 0]
		},
		"head": {
			"translation": [0, 7.5, 0],
			"scale": [2, 2, 2]
		},
		"fixed": {
			"rotation": [-90, 0, 0],
			"translation": [0, 0, -16],
			"scale": [2.01, 2.01, 2.01]
		}
	}
}