{
	"format_version": "1.21.6",
	"credit": "Сделано Веббером специально для MoreDeco https://modrinth.com/resourcepack/moredeco mc _Webber_3",
	"textures": {
		"1": "item/carved_pumpkin/water_mask/water_mask_w"
	},
	"elements": [
		{
			"from": [3, 3, 3],
			"to": [13, 8, 5],
			"faces": {
				"north": {"uv": [0.8, 0.8, 4.8, 2.8], "texture": "#1"},
				"east": {"uv": [0, 0.8, 0.8, 2.8], "texture": "#1"},
				"south": {"uv": [5.6, 0.8, 9.6, 2.8], "texture": "#1"},
				"west": {"uv": [4.8, 0.8, 5.6, 2.8], "texture": "#1"},
				"up": {"uv": [0.8, 0.8, 4.8, 0], "texture": "#1"},
				"down": {"uv": [4.8, 0, 8.8, 0.8], "texture": "#1"}
			}
		},
		{
			"from": [3.025, 7.975, 3],
			"to": [12.975, 3.025, 5],
			"rotation": {"angle": 0, "axis": "z", "origin": [8, 5.5, 4]},
			"faces": {
				"north": {"uv": [0.8, 0.8, 4.8, 2.8], "rotation": 180, "texture": "#1"},
				"east": {"uv": [4.8, 0.8, 5.6, 2.8], "rotation": 180, "texture": "#1"},
				"south": {"uv": [5.6, 0.8, 9.6, 2.8], "rotation": 180, "texture": "#1"},
				"west": {"uv": [0, 0.8, 0.8, 2.8], "rotation": 180, "texture": "#1"},
				"up": {"uv": [4.8, 0, 8.8, 0.8], "rotation": 180, "texture": "#1"},
				"down": {"uv": [0.8, 0.8, 4.8, 0], "rotation": 180, "texture": "#1"}
			}
		},
		{
			"from": [4, 3, 5],
			"to": [12, 6, 12],
			"faces": {
				"north": {"uv": [5.6, 8.4, 9.6, 9.6], "texture": "#1"},
				"east": {"uv": [6.8, 3.2, 9.6, 4.4], "texture": "#1"},
				"south": {"uv": [2.8, 3.2, 6.8, 4.4], "texture": "#1"},
				"west": {"uv": [0, 3.2, 2.8, 4.4], "texture": "#1"},
				"up": {"uv": [15.2, 16, 16, 15.2], "texture": "#1"},
				"down": {"uv": [15.2, 15.2, 16, 16], "texture": "#1"}
			}
		},
		{
			"from": [4, 3, 12],
			"to": [12, 6, 5],
			"rotation": {"angle": 0, "axis": "y", "origin": [8, 4.5, 8.5]},
			"faces": {
				"north": {"uv": [2.8, 3.2, 6.8, 4.4], "texture": "#1"},
				"east": {"uv": [0, 3.2, 2.8, 4.4], "texture": "#1"},
				"south": {"uv": [5.6, 8.4, 9.6, 9.6], "texture": "#1"},
				"west": {"uv": [6.8, 3.2, 9.6, 4.4], "texture": "#1"},
				"up": {"uv": [15.2, 16, 16, 15.2], "rotation": 180, "texture": "#1"},
				"down": {"uv": [15.2, 15.2, 16, 16], "rotation": 180, "texture": "#1"}
			}
		},
		{
			"from": [7, 3, 2.5],
			"to": [9, 5, 2.5],
			"faces": {
				"north": {"uv": [8, 5.6, 8.8, 6.4], "texture": "#1"},
				"east": {"uv": [8.8, 5.6, 8, 6.4], "texture": "#1"},
				"south": {"uv": [8, 5.6, 8.8, 6.4], "texture": "#1"},
				"west": {"uv": [8.8, 5.6, 8, 6.4], "texture": "#1"},
				"up": {"uv": [8, 6.4, 8.8, 5.6], "texture": "#1"},
				"down": {"uv": [8, 6.4, 8.8, 5.6], "texture": "#1"}
			}
		},
		{
			"from": [1, 1, 3],
			"to": [3, 17, 5],
			"rotation": {"angle": 0, "axis": "y", "origin": [0, 1, 0]},
			"faces": {
				"north": {"uv": [11.2, 0.8, 12, 7.2], "texture": "#1"},
				"east": {"uv": [11.2, 0.8, 10.4, 7.2], "texture": "#1"},
				"south": {"uv": [12.8, 0.8, 13.6, 7.2], "texture": "#1"},
				"west": {"uv": [12, 0.8, 12.8, 7.2], "texture": "#1"},
				"up": {"uv": [1.6, 10, 5.6, 9.2], "texture": "#1"},
				"down": {"uv": [12, 0, 12.8, 0.8], "texture": "#1"}
			}
		},
		{
			"from": [3, 1, 3],
			"to": [9, 3, 5],
			"rotation": {"angle": 0, "axis": "y", "origin": [0, 1, 0]},
			"faces": {
				"north": {"uv": [0.8, 5.6, 3.2, 6.4], "texture": "#1"},
				"east": {"uv": [0, 5.6, 0.8, 6.4], "texture": "#1"},
				"south": {"uv": [3.2, 5.6, 5.6, 6.4], "texture": "#1"},
				"west": {"uv": [12, 0.8, 12.8, 7.2], "texture": "#1"},
				"up": {"uv": [5.6, 5.6, 3.2, 4.8], "texture": "#1"},
				"down": {"uv": [5.6, 4.8, 3.2, 5.6], "texture": "#1"}
			}
		},
		{
			"from": [3, 17, 5],
			"to": [1, 1, 3],
			"rotation": {"angle": 0, "axis": "y", "origin": [2, 9, 4]},
			"faces": {
				"north": {"uv": [13.6, 0.8, 12.8, 7.2], "rotation": 180, "texture": "#1"},
				"east": {"uv": [12.8, 0.8, 12, 7.2], "rotation": 180, "texture": "#1"},
				"south": {"uv": [12, 0.8, 11.2, 7.2], "rotation": 180, "texture": "#1"},
				"west": {"uv": [10.4, 0.8, 11.2, 7.2], "rotation": 180, "texture": "#1"},
				"up": {"uv": [12, 0, 12.8, 0.8], "rotation": 180, "texture": "#1"},
				"down": {"uv": [1.6, 10, 5.6, 9.2], "rotation": 180, "texture": "#1"}
			}
		}
	],
	"display": {
		"thirdperson_righthand": {
			"rotation": [45, 0, 0],
			"translation": [0, 2, 2],
			"scale": [0.7, 0.7, 0.7]
		},
		"thirdperson_lefthand": {
			"rotation": [45, 0, 0],
			"translation": [0, 2, 2],
			"scale": [0.7, 0.7, 0.7]
		},
		"firstperson_righthand": {
			"translation": [3.75, 2.25, 0],
			"scale": [0.6, 0.6, 0.6]
		},
		"firstperson_lefthand": {
			"translation": [3.75, 2.25, 0],
			"scale": [0.6, 0.6, 0.6]
		},
		"ground": {
			"translation": [0, 4, 0],
			"scale": [0.75, 0.75, 0.75]
		},
		"gui": {
			"rotation": [20, -145, 0],
			"translation": [-1.5, 0.5, 0],
			"scale": [0.85, 0.85, 0.85]
		},
		"head": {
			"translation": [0, 5, 0],
			"scale": [1.65, 1.65, 1.65]
		},
		"fixed": {
			"rotation": [-68, 0, 0],
			"translation": [-0.75, 4.75, -13],
			"scale": [2, 2, 2]
		}
	}
}