{
	"credit": "Сделано Веббером специально для MoreDeco https://modrinth.com/resourcepack/moredeco mc _Webber_3",
	"textures": {
		"0": "item/bread/blins",
		"particle": "item/bread/blins"
	},
	"elements": [
		{
			"from": [5, 0, 5],
			"to": [12, 0, 12],
			"rotation": {"angle": 0, "axis": "y", "origin": [8, 0.125, 8]},
			"faces": {
				"north": {"uv": [11, 13, 16, 14], "texture": "#0"},
				"east": {"uv": [11, 14, 16, 15], "texture": "#0"},
				"south": {"uv": [11, 14, 16, 16], "texture": "#0"},
				"west": {"uv": [11, 14, 16, 16], "texture": "#0"},
				"up": {"uv": [7, 7, 0, 0], "texture": "#0"},
				"down": {"uv": [7, 0, 0, 7], "texture": "#0"}
			}
		},
		{
			"from": [5, 1, 5],
			"to": [12, 1, 12],
			"rotation": {"angle": 0, "axis": "y", "origin": [8, 1.375, 8]},
			"faces": {
				"north": {"uv": [11, 14, 16, 15], "texture": "#0"},
				"east": {"uv": [11, 14, 16, 16], "texture": "#0"},
				"south": {"uv": [11, 14, 16, 16], "texture": "#0"},
				"west": {"uv": [11, 13, 16, 14], "texture": "#0"},
				"up": {"uv": [7, 7, 0, 0], "rotation": 270, "texture": "#0"},
				"down": {"uv": [7, 0, 0, 7], "rotation": 90, "texture": "#0"}
			}
		},
		{
			"from": [5, 0.75, 5],
			"to": [12, 0.75, 12],
			"rotation": {"angle": 0, "axis": "x", "origin": [8, 0.125, 8]},
			"faces": {
				"north": {"uv": [11, 13, 16, 14], "texture": "#0"},
				"east": {"uv": [11, 14, 16, 15], "texture": "#0"},
				"south": {"uv": [11, 14, 16, 16], "texture": "#0"},
				"west": {"uv": [11, 14, 16, 16], "texture": "#0"},
				"up": {"uv": [7, 7, 0, 0], "texture": "#0"},
				"down": {"uv": [7, 0, 0, 7], "texture": "#0"}
			}
		},
		{
			"from": [5, 2, 5],
			"to": [12, 2, 12],
			"rotation": {"angle": 0, "axis": "y", "origin": [8, 0.125, 8]},
			"faces": {
				"north": {"uv": [11, 13, 16, 14], "texture": "#0"},
				"east": {"uv": [11, 14, 16, 15], "texture": "#0"},
				"south": {"uv": [11, 14, 16, 16], "texture": "#0"},
				"west": {"uv": [11, 14, 16, 16], "texture": "#0"},
				"up": {"uv": [7, 7, 0, 0], "texture": "#0"},
				"down": {"uv": [7, 0, 0, 7], "texture": "#0"}
			}
		},
		{
			"from": [5, 0.25, 5],
			"to": [12, 0.25, 12],
			"rotation": {"angle": 0, "axis": "x", "origin": [8, 0.125, 8]},
			"faces": {
				"north": {"uv": [11, 13, 16, 14], "texture": "#0"},
				"east": {"uv": [11, 14, 16, 15], "texture": "#0"},
				"south": {"uv": [11, 14, 16, 16], "texture": "#0"},
				"west": {"uv": [11, 14, 16, 16], "texture": "#0"},
				"up": {"uv": [7, 7, 0, 0], "texture": "#0"},
				"down": {"uv": [7, 0, 0, 7], "texture": "#0"}
			}
		},
		{
			"from": [5, 0.5, 5],
			"to": [12, 0.5, 12],
			"rotation": {"angle": 22.5, "axis": "y", "origin": [8, 1.375, 8]},
			"faces": {
				"north": {"uv": [11, 14, 16, 15], "texture": "#0"},
				"east": {"uv": [11, 14, 16, 16], "texture": "#0"},
				"south": {"uv": [11, 14, 16, 16], "texture": "#0"},
				"west": {"uv": [11, 13, 16, 14], "texture": "#0"},
				"up": {"uv": [7, 7, 0, 0], "rotation": 270, "texture": "#0"},
				"down": {"uv": [7, 0, 0, 7], "rotation": 90, "texture": "#0"}
			}
		},
		{
			"from": [5, 1.5, 5],
			"to": [12, 1.5, 12],
			"rotation": {"angle": 0, "axis": "y", "origin": [8, 1.375, 8]},
			"faces": {
				"north": {"uv": [11, 13, 16, 14], "texture": "#0"},
				"east": {"uv": [11, 14, 16, 15], "texture": "#0"},
				"south": {"uv": [11, 14, 16, 16], "texture": "#0"},
				"west": {"uv": [11, 14, 16, 16], "texture": "#0"},
				"up": {"uv": [7, 7, 0, 0], "texture": "#0"},
				"down": {"uv": [7, 0, 0, 7], "texture": "#0"}
			}
		},
		{
			"from": [5, 1.75, 5],
			"to": [12, 1.75, 12],
			"rotation": {"angle": 0, "axis": "y", "origin": [8, 1.375, 8]},
			"faces": {
				"north": {"uv": [11, 14, 16, 15], "texture": "#0"},
				"east": {"uv": [11, 14, 16, 16], "texture": "#0"},
				"south": {"uv": [11, 14, 16, 16], "texture": "#0"},
				"west": {"uv": [11, 13, 16, 14], "texture": "#0"},
				"up": {"uv": [7, 7, 0, 0], "rotation": 270, "texture": "#0"},
				"down": {"uv": [7, 0, 0, 7], "rotation": 90, "texture": "#0"}
			}
		},
		{
			"from": [5, 1.25, 5],
			"to": [12, 1.25, 12],
			"rotation": {"angle": -22.5, "axis": "y", "origin": [8, 1.375, 8]},
			"faces": {
				"north": {"uv": [11, 13, 16, 14], "texture": "#0"},
				"east": {"uv": [11, 14, 16, 15], "texture": "#0"},
				"south": {"uv": [11, 14, 16, 16], "texture": "#0"},
				"west": {"uv": [11, 14, 16, 16], "texture": "#0"},
				"up": {"uv": [7, 7, 0, 0], "texture": "#0"},
				"down": {"uv": [7, 0, 0, 7], "texture": "#0"}
			}
		},
		{
			"from": [5, 2.25, 5],
			"to": [12, 2.25, 12],
			"rotation": {"angle": 0, "axis": "y", "origin": [8, 1.375, 8]},
			"faces": {
				"north": {"uv": [11, 14, 16, 16], "texture": "#0"},
				"east": {"uv": [11, 14, 16, 16], "texture": "#0"},
				"south": {"uv": [11, 14, 16, 16], "texture": "#0"},
				"west": {"uv": [11, 14, 16, 16], "texture": "#0"},
				"up": {"uv": [7, 7, 0, 0], "rotation": 270, "texture": "#0"},
				"down": {"uv": [7, 0, 0, 7], "rotation": 90, "texture": "#0"}
			}
		},
		{
			"from": [5, 2.5, 5],
			"to": [12, 2.5, 12],
			"rotation": {"angle": 0, "axis": "y", "origin": [8, 1.375, 8]},
			"faces": {
				"north": {"uv": [11, 13, 16, 14], "texture": "#0"},
				"east": {"uv": [11, 14, 16, 15], "texture": "#0"},
				"south": {"uv": [11, 14, 16, 16], "texture": "#0"},
				"west": {"uv": [11, 14, 16, 16], "texture": "#0"},
				"up": {"uv": [7, 7, 0, 0], "texture": "#0"},
				"down": {"uv": [7, 0, 0, 7], "texture": "#0"}
			}
		},
		{
			"from": [5, 2.75, 5],
			"to": [12, 2.75, 12],
			"rotation": {"angle": 22.5, "axis": "y", "origin": [8, 1.375, 8]},
			"faces": {
				"north": {"uv": [11, 13, 16, 14], "texture": "#0"},
				"east": {"uv": [11, 14, 16, 15], "texture": "#0"},
				"south": {"uv": [11, 14, 16, 16], "texture": "#0"},
				"west": {"uv": [11, 14, 16, 16], "texture": "#0"},
				"up": {"uv": [7, 7, 0, 0], "texture": "#0"},
				"down": {"uv": [7, 0, 0, 7], "texture": "#0"}
			}
		},
		{
			"from": [5, 3, 5],
			"to": [12, 3, 12],
			"rotation": {"angle": 0, "axis": "y", "origin": [8, 1.375, 8]},
			"faces": {
				"north": {"uv": [11, 13, 16, 14], "texture": "#0"},
				"east": {"uv": [11, 14, 16, 15], "texture": "#0"},
				"south": {"uv": [11, 14, 16, 16], "texture": "#0"},
				"west": {"uv": [11, 14, 16, 16], "texture": "#0"},
				"up": {"uv": [7, 7, 0, 0], "texture": "#0"},
				"down": {"uv": [7, 0, 0, 7], "texture": "#0"}
			}
		},
		{
			"from": [7, 3, 7],
			"to": [8, 4, 8],
			"rotation": {"angle": 0, "axis": "y", "origin": [8, 1.375, 8]},
			"faces": {
				"north": {"uv": [14, 0, 16, 1], "texture": "#0"},
				"east": {"uv": [14, 1, 16, 2], "texture": "#0"},
				"south": {"uv": [14, 1, 16, 2], "texture": "#0"},
				"west": {"uv": [14, 0, 16, 1], "texture": "#0"},
				"up": {"uv": [16, 2, 14, 0], "texture": "#0"},
				"down": {"uv": [16, 0, 14, 2], "texture": "#0"}
			}
		}
	],
	"display": {
		"thirdperson_righthand": {
			"translation": [-0.5, 8.25, 1]
		},
		"thirdperson_lefthand": {
			"translation": [-0.5, 8.25, 1]
		},
		"firstperson_righthand": {
			"translation": [-0.5, 8.25, 1]
		},
		"firstperson_lefthand": {
			"translation": [-0.5, 8.25, 1]
		},
		"ground": {
			"translation": [0, 5, 0]
		},
		"gui": {
			"rotation": [45, 45, 0],
			"translation": [-1.25, 6.75, 0],
			"scale": [1.5, 1.5, 1.5]
		},
		"head": {
			"translation": [0, 15.25, 0]
		},
		"fixed": {
			"rotation": [-90, 0, 0],
			"translation": [0, 0, -17],
			"scale": [2, 2, 2]
		}
	}
}