{
	"credit": "Сделано Веббером специально для MoreDeco https://modrinth.com/resourcepack/moredeco mc _Webber_3",
	"textures": {
		"0": "item/torch/torching",
		"particle": "item/torch/torching"
	},
	"elements": [
		{
			"from": [5.5, 24, 5.5],
			"to": [10.5, 24, 10.5],
			"faces": {
				"north": {"uv": [3.5, 16, 4.5, 3], "rotation": 180, "texture": "#0"},
				"east": {"uv": [3.5, 3, 4.5, 16], "texture": "#0"},
				"south": {"uv": [3.5, 16, 4.5, 3], "rotation": 180, "texture": "#0"},
				"west": {"uv": [3.5, 3, 4.5, 16], "texture": "#0"},
				"up": {"uv": [5, 4, 7.5, 6.5], "texture": "#0"},
				"down": {"uv": [5, 4, 7.5, 6.5], "texture": "#0"}
			}
		},
		{
			"from": [5.5, 24, 5.5],
			"to": [10.5, 30, 5.5],
			"faces": {
				"north": {"uv": [5, 4, 7.5, 1], "rotation": 180, "texture": "#0"},
				"east": {"uv": [5, 1, 7.5, 4], "texture": "#0"},
				"south": {"uv": [5, 4, 7.5, 1], "rotation": 180, "texture": "#0"},
				"west": {"uv": [5, 1, 7.5, 4], "texture": "#0"},
				"up": {"uv": [3.5, 3, 4.5, 4], "texture": "#0"},
				"down": {"uv": [5, 1, 7.5, 4], "texture": "#0"}
			}
		},
		{
			"from": [5.5, 24, 10.5],
			"to": [10.5, 30, 10.5],
			"faces": {
				"north": {"uv": [5, 4, 7.5, 1], "rotation": 180, "texture": "#0"},
				"east": {"uv": [5, 1, 7.5, 4], "texture": "#0"},
				"south": {"uv": [5, 4, 7.5, 1], "rotation": 180, "texture": "#0"},
				"west": {"uv": [5, 1, 7.5, 4], "texture": "#0"},
				"up": {"uv": [3.5, 3, 4.5, 4], "texture": "#0"},
				"down": {"uv": [5, 1, 7.5, 4], "texture": "#0"}
			}
		},
		{
			"from": [10.5, 24, 5.5],
			"to": [10.5, 30, 10.5],
			"rotation": {"angle": 0, "axis": "y", "origin": [8, 26.5, 8]},
			"faces": {
				"north": {"uv": [5, 1, 7.5, 4], "texture": "#0"},
				"east": {"uv": [5, 4, 7.5, 1], "rotation": 180, "texture": "#0"},
				"south": {"uv": [5, 1, 7.5, 4], "texture": "#0"},
				"west": {"uv": [5, 4, 7.5, 1], "rotation": 180, "texture": "#0"},
				"up": {"uv": [3.5, 3, 4.5, 4], "rotation": 270, "texture": "#0"},
				"down": {"uv": [5, 1, 7.5, 4], "rotation": 90, "texture": "#0"}
			}
		},
		{
			"from": [5.5, 24, 5.5],
			"to": [5.5, 30, 10.5],
			"rotation": {"angle": 0, "axis": "y", "origin": [8, 26.5, 8]},
			"faces": {
				"north": {"uv": [5, 1, 7.5, 4], "texture": "#0"},
				"east": {"uv": [5, 4, 7.5, 1], "rotation": 180, "texture": "#0"},
				"south": {"uv": [5, 1, 7.5, 4], "texture": "#0"},
				"west": {"uv": [5, 4, 7.5, 1], "rotation": 180, "texture": "#0"},
				"up": {"uv": [3.5, 3, 4.5, 4], "rotation": 270, "texture": "#0"},
				"down": {"uv": [5, 1, 7.5, 4], "rotation": 90, "texture": "#0"}
			}
		},
		{
			"from": [5.25, 24, 5.25],
			"to": [5.25, 30, 10.75],
			"rotation": {"angle": 0, "axis": "y", "origin": [8, 26.5, 8]},
			"faces": {
				"north": {"uv": [8, 1, 10.5, 4], "texture": "#0"},
				"east": {"uv": [8, 4, 10.5, 1], "rotation": 180, "texture": "#0"},
				"south": {"uv": [8, 1, 10.5, 4], "texture": "#0"},
				"west": {"uv": [8, 4, 10.5, 1], "rotation": 180, "texture": "#0"},
				"up": {"uv": [3.5, 3, 4.5, 4], "rotation": 270, "texture": "#0"},
				"down": {"uv": [8, 1, 10.5, 4], "rotation": 90, "texture": "#0"}
			}
		},
		{
			"from": [10.75, 24, 5.25],
			"to": [10.75, 30, 10.75],
			"rotation": {"angle": 0, "axis": "y", "origin": [8, 26.5, 8]},
			"faces": {
				"north": {"uv": [8, 1, 10.5, 4], "texture": "#0"},
				"east": {"uv": [8, 4, 10.5, 1], "rotation": 180, "texture": "#0"},
				"south": {"uv": [8, 1, 10.5, 4], "texture": "#0"},
				"west": {"uv": [8, 4, 10.5, 1], "rotation": 180, "texture": "#0"},
				"up": {"uv": [3.5, 3, 4.5, 4], "rotation": 270, "texture": "#0"},
				"down": {"uv": [8, 1, 10.5, 4], "rotation": 90, "texture": "#0"}
			}
		},
		{
			"from": [5.25, 24, 5.25],
			"to": [10.75, 30, 5.25],
			"rotation": {"angle": 0, "axis": "y", "origin": [8, 27, 8]},
			"faces": {
				"north": {"uv": [8, 4, 10.5, 1], "rotation": 180, "texture": "#0"},
				"east": {"uv": [8, 1, 10.5, 4], "texture": "#0"},
				"south": {"uv": [8, 4, 10.5, 1], "rotation": 180, "texture": "#0"},
				"west": {"uv": [8, 1, 10.5, 4], "texture": "#0"},
				"up": {"uv": [3.5, 3, 4.5, 4], "rotation": 180, "texture": "#0"},
				"down": {"uv": [8, 1, 10.5, 4], "rotation": 180, "texture": "#0"}
			}
		},
		{
			"from": [5.25, 24, 10.75],
			"to": [10.75, 30, 10.75],
			"rotation": {"angle": 0, "axis": "y", "origin": [8, 27, 8]},
			"faces": {
				"north": {"uv": [8, 4, 10.5, 1], "rotation": 180, "texture": "#0"},
				"east": {"uv": [8, 1, 10.5, 4], "texture": "#0"},
				"south": {"uv": [8, 4, 10.5, 1], "rotation": 180, "texture": "#0"},
				"west": {"uv": [8, 1, 10.5, 4], "texture": "#0"},
				"up": {"uv": [3.5, 3, 4.5, 4], "rotation": 180, "texture": "#0"},
				"down": {"uv": [8, 1, 10.5, 4], "rotation": 180, "texture": "#0"}
			}
		},
		{
			"from": [6.95, 0, 6.95],
			"to": [9.05, 26, 9.05],
			"faces": {
				"north": {"uv": [3.5, 16, 4.5, 3], "rotation": 180, "texture": "#0"},
				"east": {"uv": [3.5, 3, 4.5, 16], "texture": "#0"},
				"south": {"uv": [3.5, 16, 4.5, 3], "rotation": 180, "texture": "#0"},
				"west": {"uv": [3.5, 3, 4.5, 16], "texture": "#0"},
				"up": {"uv": [3.5, 3, 4.5, 4], "texture": "#0"},
				"down": {"uv": [3.5, 15.5, 4.5, 16], "texture": "#0"}
			}
		}
	],
	"display": {
		"thirdperson_righthand": {
			"translation": [0, -8, 0]
		},
		"thirdperson_lefthand": {
			"translation": [0, -8, 0]
		},
		"firstperson_righthand": {
			"translation": [0, -8, 0],
			"scale": [0.75, 0.75, 0.75]
		},
		"firstperson_lefthand": {
			"translation": [0, -8, 0],
			"scale": [0.75, 0.75, 0.75]
		},
		"ground": {
			"rotation": [90, 0, 0],
			"translation": [0, 4, -3],
			"scale": [0.5, 0.5, 0.5]
		},
		"gui": {
			"rotation": [15, 45, 45],
			"translation": [3.5, -3.5, 0],
			"scale": [0.75, 0.75, 0.75]
		},
		"head": {
			"translation": [0, 15, 0]
		},
		"fixed": {
			"translation": [0, 0, 16],
			"scale": [2, 2, 2]
		}
	},
	"groups": [
		{
			"name": "group",
			"origin": [0, 0, 0],
			"color": 0,
			"children": [0, 1, 2, 3, 4, 5, 6, 7, 8]
		},
		9
	]
}