{
	"format_version": "1.21.6",
	"credit": "Сделано Веббером специально для MoreDeco https://modrinth.com/resourcepack/moredeco mc _Webber_3",
	"texture_size": [32, 32],
	"textures": {
		"0": "item/carved_pumpkin/mask/paper_pocet",
		"particle": "item/carved_pumpkin/mask/paper_pocet"
	},
	"elements": [
		{
			"from": [3, 0, 4],
			"to": [13, 10, 12],
			"faces": {
				"north": {"uv": [5, 10, 10, 15], "texture": "#0"},
				"east": {"uv": [5, 0, 9, 5], "texture": "#0"},
				"south": {"uv": [0, 5, 5, 10], "texture": "#0"},
				"west": {"uv": [5, 0, 9, 5], "texture": "#0"},
				"up": {"uv": [14, 4, 9, 0], "texture": "#0"},
				"down": {"uv": [16, 0, 16, 0], "texture": "#0"}
			}
		},
		{
			"from": [3, 10, 4],
			"to": [13, 0, 12],
			"rotation": {"angle": 0, "axis": "y", "origin": [8, -5, 8]},
			"faces": {
				"north": {"uv": [9, 5, 14, 10], "rotation": 180, "texture": "#0"},
				"east": {"uv": [5, 5, 9, 10], "rotation": 180, "texture": "#0"},
				"south": {"uv": [9, 5, 14, 10], "rotation": 180, "texture": "#0"},
				"west": {"uv": [5, 5, 9, 10], "rotation": 180, "texture": "#0"},
				"up": {"uv": [16, 0, 16, 0], "rotation": 180, "texture": "#0"},
				"down": {"uv": [14, 4, 9, 0], "rotation": 180, "texture": "#0"}
			}
		}
	],
	"display": {
		"thirdperson_righthand": {
			"rotation": [-110, 0, 0],
			"translation": [-5.75, 1.75, -0.25],
			"scale": [0.75, 0.75, 0.75]
		},
		"thirdperson_lefthand": {
			"rotation": [-110, 0, 0],
			"translation": [-5.75, 1.75, -0.25],
			"scale": [0.75, 0.75, 0.75]
		},
		"firstperson_righthand": {
			"rotation": [-167, -180, 0],
			"translation": [-0.5, -0.5, 0.5],
			"scale": [0.75, 0.75, 0.75]
		},
		"firstperson_lefthand": {
			"rotation": [-167, -180, 0],
			"translation": [-0.5, -0.5, 0.5],
			"scale": [0.75, 0.75, 0.75]
		},
		"ground": {
			"translation": [0, 5, 0],
			"scale": [0.75, 0.75, 0.75]
		},
		"gui": {
			"rotation": [25, -150, 0],
			"translation": [0, 2.75, 0]
		},
		"head": {
			"translation": [0, 7, 0],
			"scale": [1.85, 1.85, 1.85]
		},
		"fixed": {
			"rotation": [-90, 0, 0],
			"translation": [0, 0, -16],
			"scale": [2, 2, 2]
		}
	}
}