{
	"format_version": "1.21.6",
	"credit": "Сделано Веббером специально для MoreDeco https://modrinth.com/resourcepack/moredeco mc _Webber_3",
	"textures": {
		"0": "item/carved_pumpkin/nimbus/nimbus",
		"particle": "item/carved_pumpkin/nimbus/nimbus"
	},
	"elements": [
		{
			"from": [4, 3, 4],
			"to": [12, 4, 12],
			"faces": {
				"north": {"uv": [7, 8, 8, 0], "rotation": 90, "texture": "#0"},
				"east": {"uv": [0, 0, 1, 8], "rotation": 90, "texture": "#0"},
				"south": {"uv": [0, 0, 8, 1], "texture": "#0"},
				"west": {"uv": [8, 7, 0, 8], "texture": "#0"},
				"up": {"uv": [8, 8, 0, 0], "texture": "#0"},
				"down": {"uv": [16, 8, 8, 16], "texture": "#0"}
			}
		},
		{
			"from": [5, 3, 11],
			"to": [11, 4, 5],
			"faces": {
				"north": {"uv": [1, 15, 7, 16], "texture": "#0"},
				"east": {"uv": [0, 9, 1, 15], "rotation": 90, "texture": "#0"},
				"south": {"uv": [1, 8, 7, 9], "texture": "#0"},
				"west": {"uv": [7, 9, 8, 15], "rotation": 90, "texture": "#0"},
				"up": {"uv": [2, 10, 6, 14], "texture": "#0"},
				"down": {"uv": [2, 14, 6, 10], "texture": "#0"}
			}
		},
		{
			"from": [7.5, 0, 7],
			"to": [8.5, 4, 7],
			"rotation": {"angle": -40, "axis": "x", "origin": [8, 0, 7]},
			"faces": {
				"north": {"uv": [8, 4, 9, 8], "texture": "#0"},
				"east": {"uv": [8, 5, 8, 8], "texture": "#0"},
				"south": {"uv": [8, 4, 9, 8], "texture": "#0"},
				"west": {"uv": [8, 5, 8, 8], "texture": "#0"},
				"up": {"uv": [8, 4, 9, 4], "texture": "#0"},
				"down": {"uv": [8, 4, 9, 4], "texture": "#0"}
			}
		},
		{
			"from": [7.5, 0, 9],
			"to": [8.5, 4, 9],
			"rotation": {"angle": 40, "axis": "x", "origin": [8, 0, 9]},
			"faces": {
				"north": {"uv": [8, 4, 9, 8], "texture": "#0"},
				"east": {"uv": [8, 5, 8, 8], "texture": "#0"},
				"south": {"uv": [8, 4, 9, 8], "texture": "#0"},
				"west": {"uv": [8, 5, 8, 8], "texture": "#0"},
				"up": {"uv": [8, 4, 9, 4], "texture": "#0"},
				"down": {"uv": [8, 4, 9, 4], "texture": "#0"}
			}
		}
	],
	"display": {
		"thirdperson_righthand": {
			"rotation": [0, 90, 0],
			"translation": [0, 8, 1.5]
		},
		"thirdperson_lefthand": {
			"rotation": [0, 90, 0],
			"translation": [0, 8, 1.5]
		},
		"firstperson_righthand": {
			"rotation": [-15, 90, 0],
			"translation": [-0.5, 9, 1.5]
		},
		"firstperson_lefthand": {
			"rotation": [-15, 90, 0],
			"translation": [-0.5, 9, 1.5]
		},
		"ground": {
			"translation": [0, 4.25, 0]
		},
		"gui": {
			"rotation": [25, -45, 0],
			"translation": [0, 5.5, 0],
			"scale": [1.35, 1.35, 1.35]
		},
		"head": {
			"rotation": [0, 90, 0],
			"translation": [0, 21.5, 0],
			"scale": [2, 2, 2]
		},
		"fixed": {
			"rotation": [-90, 0, 0],
			"translation": [0, 0, -16],
			"scale": [2, 2, 2]
		}
	}
}