{
	"credit": "Сделано Веббером специально для MoreDeco https://modrinth.com/resourcepack/moredeco mc _Webber_3",
	"textures": {
		"0": "item/glass/ngshar",
		"1": "item/glass/snow",
		"particle": "item/glass/ngshar"
	},
	"elements": [
		{
			"from": [4, 1, 4],
			"to": [12, 2, 12],
			"rotation": {"angle": 0, "axis": "x", "origin": [7.5, 4, 8.25]},
			"faces": {
				"north": {"uv": [15.5, 15.5, 16, 16], "texture": "#0"},
				"east": {"uv": [16, 15.5, 15.5, 16], "texture": "#0"},
				"south": {"uv": [15.5, 15.5, 16, 16], "texture": "#0"},
				"west": {"uv": [16, 15.5, 15.5, 16], "texture": "#0"},
				"up": {"uv": [12, 8, 8, 4], "texture": "#0"},
				"down": {"uv": [16, 15.5, 15.5, 16], "texture": "#0"}
			}
		},
		{
			"from": [4, 2, 9],
			"to": [7, 3, 12],
			"rotation": {"angle": 0, "axis": "x", "origin": [7.5, 4, 8.25]},
			"faces": {
				"north": {"uv": [10.5, 3, 12, 3.5], "texture": "#0"},
				"east": {"uv": [12, 3, 10.5, 3.5], "texture": "#0"},
				"south": {"uv": [10.5, 3.5, 12, 4], "texture": "#0"},
				"west": {"uv": [12, 3.5, 10.5, 4], "texture": "#0"},
				"up": {"uv": [12, 3.5, 10.5, 2], "texture": "#0"},
				"down": {"uv": [16, 15.5, 15.5, 16], "texture": "#0"}
			}
		},
		{
			"from": [4, 3, 10],
			"to": [6, 4, 12],
			"rotation": {"angle": 0, "axis": "x", "origin": [7.5, 4, 8.25]},
			"faces": {
				"north": {"uv": [11, 3.5, 12, 3.5], "texture": "#0"},
				"east": {"uv": [12, 3.5, 11, 3.5], "texture": "#0"},
				"south": {"uv": [10, 3.5, 12, 4], "texture": "#0"},
				"west": {"uv": [12, 3.5, 10, 4], "texture": "#0"},
				"up": {"uv": [12, 3.5, 11, 2.5], "texture": "#0"},
				"down": {"uv": [16, 15.5, 15.5, 16], "texture": "#0"}
			}
		},
		{
			"from": [6, 2, 5],
			"to": [7, 5, 6],
			"rotation": {"angle": 0, "axis": "x", "origin": [7.5, 4, 8.25]},
			"faces": {
				"north": {"uv": [9.5, 2.5, 10, 4], "texture": "#0"},
				"east": {"uv": [9.5, 2.5, 9, 4], "texture": "#0"},
				"south": {"uv": [9, 2.5, 9.5, 4], "texture": "#0"},
				"west": {"uv": [9.5, 2.5, 9, 4], "texture": "#0"},
				"up": {"uv": [10, 2.5, 9.5, 2], "rotation": 90, "texture": "#0"},
				"down": {"uv": [16, 15.5, 15.5, 16], "texture": "#0"}
			}
		},
		{
			"from": [5.25, 3.25, 5.5],
			"to": [7.75, 3.75, 5.5],
			"rotation": {"angle": 0, "axis": "x", "origin": [7.5, 4, 8.25]},
			"faces": {
				"north": {"uv": [9, 1.5, 11, 2], "texture": "#0"},
				"east": {"uv": [11, 1.5, 9, 2], "texture": "#0"},
				"south": {"uv": [9, 1.5, 11, 2], "texture": "#0"},
				"west": {"uv": [11, 1.5, 9, 2], "texture": "#0"},
				"up": {"uv": [10, 3.5, 9.5, 3], "rotation": 90, "texture": "#0"},
				"down": {"uv": [16, 15.5, 15.5, 16], "texture": "#0"}
			}
		},
		{
			"from": [8.5, 2, 10],
			"to": [11.5, 6, 10],
			"rotation": {"angle": 0, "axis": "x", "origin": [7.5, 4, 8.25]},
			"faces": {
				"north": {"uv": [14.5, 2, 13, 4], "texture": "#0"},
				"east": {"uv": [14.5, 2, 13, 4], "texture": "#0"},
				"south": {"uv": [13, 2, 14.5, 4], "texture": "#0"},
				"west": {"uv": [14.5, 2, 13, 4], "texture": "#0"},
				"up": {"uv": [14, 2.5, 13.5, 2], "texture": "#0"},
				"down": {"uv": [16, 15.5, 15.5, 16], "texture": "#0"}
			}
		},
		{
			"from": [10, 2, 8.5],
			"to": [10, 6, 11.5],
			"rotation": {"angle": 0, "axis": "y", "origin": [7.5, 4, 8.25]},
			"faces": {
				"north": {"uv": [14.5, 2, 13, 4], "texture": "#0"},
				"east": {"uv": [13, 2, 14.5, 4], "texture": "#0"},
				"south": {"uv": [14.5, 2, 13, 4], "texture": "#0"},
				"west": {"uv": [14.5, 2, 13, 4], "texture": "#0"},
				"up": {"uv": [14, 2.5, 13.5, 2], "rotation": 270, "texture": "#0"},
				"down": {"uv": [16, 15.5, 15.5, 16], "rotation": 90, "texture": "#0"}
			}
		},
		{
			"from": [8, 2, 4],
			"to": [8, 8, 12],
			"rotation": {"angle": 0, "axis": "y", "origin": [7.5, 4, 8.25]},
			"faces": {
				"north": {"uv": [0, 0, 0, 6], "texture": "#1"},
				"east": {"uv": [0, 0, 8, 6], "texture": "#1"},
				"south": {"uv": [0, 0, 0, 6], "texture": "#1"},
				"west": {"uv": [0, 0, 8, 6], "texture": "#1"},
				"up": {"uv": [0, 8, 0, 0], "texture": "#1"},
				"down": {"uv": [0, 0, 0, 8], "texture": "#1"}
			}
		},
		{
			"from": [4, 2, 8],
			"to": [12, 8, 8],
			"rotation": {"angle": 0, "axis": "y", "origin": [7.5, 4, 8.25]},
			"faces": {
				"north": {"uv": [0, 0, 8, 6], "texture": "#1"},
				"east": {"uv": [0, 0, 0, 6], "texture": "#1"},
				"south": {"uv": [0, 0, 8, 6], "texture": "#1"},
				"west": {"uv": [0, 0, 0, 6], "texture": "#1"},
				"up": {"uv": [0, 8, 0, 0], "rotation": 270, "texture": "#1"},
				"down": {"uv": [0, 0, 0, 8], "rotation": 90, "texture": "#1"}
			}
		},
		{
			"from": [4.03033, 2, 8.42678],
			"to": [12.03033, 8, 8.42678],
			"rotation": {"angle": 45, "axis": "y", "origin": [7.5, 4, 8.25]},
			"faces": {
				"north": {"uv": [0, 0, 8, 6], "texture": "#1"},
				"east": {"uv": [0, 0, 0, 6], "texture": "#1"},
				"south": {"uv": [0, 0, 8, 6], "texture": "#1"},
				"west": {"uv": [0, 0, 0, 6], "texture": "#1"},
				"up": {"uv": [0, 8, 0, 0], "rotation": 270, "texture": "#1"},
				"down": {"uv": [0, 0, 0, 8], "rotation": 90, "texture": "#1"}
			}
		},
		{
			"from": [8.03033, 2, 4.42678],
			"to": [8.03033, 8, 12.42678],
			"rotation": {"angle": 45, "axis": "y", "origin": [7.5, 4, 8.25]},
			"faces": {
				"north": {"uv": [0, 0, 0, 6], "texture": "#1"},
				"east": {"uv": [0, 0, 8, 6], "texture": "#1"},
				"south": {"uv": [0, 0, 0, 6], "texture": "#1"},
				"west": {"uv": [0, 0, 8, 6], "texture": "#1"},
				"up": {"uv": [0, 8, 0, 0], "texture": "#1"},
				"down": {"uv": [0, 0, 0, 8], "texture": "#1"}
			}
		},
		{
			"from": [5, 7, 5],
			"to": [11, 8, 11],
			"rotation": {"angle": 0, "axis": "x", "origin": [7.5, 4, 8.25]},
			"faces": {
				"north": {"uv": [0.5, 0, 3.5, 0.5], "texture": "#0"},
				"east": {"uv": [7.5, 0, 4.5, 0.5], "texture": "#0"},
				"south": {"uv": [0.5, 0, 3.5, 0.5], "texture": "#0"},
				"west": {"uv": [7.5, 0, 4.5, 0.5], "texture": "#0"},
				"up": {"uv": [3.5, 7.5, 0.5, 4.5], "texture": "#0"},
				"down": {"uv": [16, 13, 13, 16], "texture": "#0"}
			}
		},
		{
			"from": [5, 7, 11],
			"to": [11, 8, 5],
			"rotation": {"angle": 0, "axis": "y", "origin": [7.5, 4, 8.25]},
			"faces": {
				"north": {"uv": [3.5, 0, 0.5, 0.5], "texture": "#0"},
				"east": {"uv": [4.5, 0, 7.5, 0.5], "texture": "#0"},
				"south": {"uv": [3.5, 0, 0.5, 0.5], "texture": "#0"},
				"west": {"uv": [4.5, 0, 7.5, 0.5], "texture": "#0"},
				"up": {"uv": [0.5, 4.5, 3.5, 7.5], "rotation": 270, "texture": "#0"},
				"down": {"uv": [16, 13, 13, 16], "rotation": 90, "texture": "#0"}
			}
		},
		{
			"from": [4, 1, 4],
			"to": [12, 7, 12],
			"rotation": {"angle": 0, "axis": "x", "origin": [7.5, 4, 8.25]},
			"faces": {
				"north": {"uv": [0, 0.5, 4, 3.5], "texture": "#0"},
				"east": {"uv": [8, 0.5, 4, 3.5], "texture": "#0"},
				"south": {"uv": [0, 0.5, 4, 3.5], "texture": "#0"},
				"west": {"uv": [8, 0.5, 4, 3.5], "texture": "#0"},
				"up": {"uv": [8, 8, 4, 4], "texture": "#0"},
				"down": {"uv": [16, 12, 12, 16], "texture": "#0"}
			}
		},
		{
			"from": [4, 1, 12],
			"to": [12, 7, 4],
			"rotation": {"angle": 0, "axis": "y", "origin": [7.5, 4, 8.25]},
			"faces": {
				"north": {"uv": [4, 0.5, 0, 3.5], "texture": "#0"},
				"east": {"uv": [4, 0.5, 8, 3.5], "texture": "#0"},
				"south": {"uv": [4, 0.5, 0, 3.5], "texture": "#0"},
				"west": {"uv": [4, 0.5, 8, 3.5], "texture": "#0"},
				"up": {"uv": [4, 4, 8, 8], "rotation": 270, "texture": "#0"},
				"down": {"uv": [12, 4, 8, 8], "rotation": 90, "texture": "#0"}
			}
		},
		{
			"from": [3, 0, 3],
			"to": [13, 1, 13],
			"rotation": {"angle": 0, "axis": "x", "origin": [7.5, 4, 8.25]},
			"faces": {
				"north": {"uv": [0.5, 13.5, 5.5, 14], "texture": "#0"},
				"east": {"uv": [6, 13.5, 5.5, 8.5], "rotation": 90, "texture": "#0"},
				"south": {"uv": [0.5, 8, 5.5, 8.5], "texture": "#0"},
				"west": {"uv": [0.5, 8.5, 0, 13.5], "rotation": 90, "texture": "#0"},
				"up": {"uv": [5.5, 13.5, 0.5, 8.5], "texture": "#0"},
				"down": {"uv": [5.5, 8.5, 0.5, 13.5], "texture": "#0"}
			}
		}
	],
	"display": {
		"thirdperson_righthand": {
			"rotation": [0, 180, 0],
			"translation": [-3, 8.25, 0]
		},
		"thirdperson_lefthand": {
			"rotation": [0, 180, 0],
			"translation": [-3, 8.25, 0]
		},
		"firstperson_righthand": {
			"rotation": [0, 180, 0],
			"translation": [-3, 8.25, 0]
		},
		"firstperson_lefthand": {
			"rotation": [0, 180, 0],
			"translation": [-3, 8.25, 0]
		},
		"ground": {
			"translation": [0, 6, 0]
		},
		"gui": {
			"rotation": [35, 45, 0],
			"translation": [0, 4, 0]
		},
		"head": {
			"translation": [0, 20.75, 0],
			"scale": [1.75, 1.75, 1.75]
		},
		"fixed": {
			"rotation": [-90, 0, 0],
			"translation": [0, 0, -16],
			"scale": [2, 2, 2]
		}
	},
	"groups": [
		{
			"name": "group",
			"origin": [8, 4, 8],
			"color": 0,
			"children": [0, 1, 2, 3, 4, 5, 6, 7, 8, 9, 10]
		},
		11,
		12,
		13,
		14,
		15
	]
}