{
	"format_version": "1.21.6",
	"credit": "Сделано Веббером специально для MoreDeco https://modrinth.com/resourcepack/moredeco mc _Webber_3",
	"textures": {
		"0": "item/glass/gerlyanda",
		"particle": "item/glass/gerlyanda"
	},
	"elements": [
		{
			"from": [0, 0, 8],
			"to": [16, 16, 8],
			"faces": {
				"north": {"uv": [0, 0, 8, 8], "texture": "#0"},
				"east": {"uv": [0, 0, 8, 8], "texture": "#0"},
				"south": {"uv": [8, 0, 0, 8], "texture": "#0"},
				"west": {"uv": [0, 0, 8, 8], "texture": "#0"},
				"up": {"uv": [0, 0, 8, 8], "texture": "#0"},
				"down": {"uv": [0, 0, 8, 8], "texture": "#0"}
			}
		}
	],
	"display": {
		"thirdperson_righthand": {
			"rotation": [45, 0, 0],
			"translation": [-6, 0, -0.75]
		},
		"thirdperson_lefthand": {
			"rotation": [45, 0, 0],
			"translation": [-6, 0, -0.75]
		},
		"firstperson_righthand": {
			"rotation": [45, 0, 0],
			"translation": [-8.75, 0, -0.75]
		},
		"firstperson_lefthand": {
			"rotation": [45, 0, 0],
			"translation": [-9.25, 0, -0.75]
		},
		"ground": {
			"rotation": [90, 0, 0]
		},
		"head": {
			"translation": [0, 0, 7.25]
		},
		"fixed": {
			"translation": [0, 0, -1],
			"scale": [2, 2, 2]
		}
	}
}