{
	"credit": "Сделано Веббером специально для MoreDeco https://modrinth.com/resourcepack/moredeco mc _Webber_3",
	"textures": {
		"0": "item/wooden_pickaxe/instr_1",
		"particle": "item/wooden_pickaxe/instr_1"
	},
	"elements": [
		{
			"from": [8, 6, 7],
			"to": [8, 12, 9],
			"faces": {
				"north": {"uv": [0, 0, 0, 6], "texture": "#0"},
				"east": {"uv": [2, 0, 0, 6], "texture": "#0"},
				"south": {"uv": [0, 0, 0, 6], "texture": "#0"},
				"west": {"uv": [0, 0, 2, 6], "texture": "#0"},
				"up": {"uv": [0, 0, 0, 2], "texture": "#0"},
				"down": {"uv": [0, 0, 0, 2], "texture": "#0"}
			}
		},
		{
			"from": [7, 0, 7],
			"to": [9, 6, 9],
			"faces": {
				"north": {"uv": [1, 6, 0, 12], "texture": "#0"},
				"east": {"uv": [2, 6, 0, 12], "texture": "#0"},
				"south": {"uv": [1, 6, 2, 12], "texture": "#0"},
				"west": {"uv": [0, 6, 2, 12], "texture": "#0"},
				"up": {"uv": [0, 12, 2, 14], "texture": "#0"},
				"down": {"uv": [0, 14, 2, 16], "texture": "#0"}
			}
		}
	],
	"display": {
		"thirdperson_righthand": {
			"rotation": [180, 0, 0],
			"translation": [0, -7, -0.25]
		},
		"thirdperson_lefthand": {
			"translation": [0, 3, -0.25]
		},
		"firstperson_righthand": {
			"rotation": [-165, 0, 0],
			"translation": [2, 0, 0]
		},
		"firstperson_lefthand": {
			"rotation": [-10, 0, 0],
			"translation": [2, 5, 0]
		},
		"ground": {
			"rotation": [90, 0, 0],
			"translation": [0, 0, 5]
		},
		"gui": {
			"rotation": [180, 44, -25],
			"translation": [0, -2.5, 0],
			"scale": [1.25, 1.25, 1.25]
		},
		"head": {
			"rotation": [90, 0, -90],
			"translation": [16.5, -7, 0],
			"scale": [3, 3, 1]
		},
		"fixed": {
			"translation": [0, 12, 0],
			"scale": [2.01, 2.01, 2.01]
		}
	}
}