{
	"credit": "Сделано Веббером специально для MoreDeco https://modrinth.com/resourcepack/moredeco mc _Webber_3",
	"textures": {
		"0": "item/glass_bottle/cup",
		"particle": "item/glass_bottle/cup"
	},
	"elements": [
		{
			"from": [6, 4, 6],
			"to": [10, 4, 10],
			"faces": {
				"north": {"uv": [0, 0, 2, 2], "texture": "#0"},
				"east": {"uv": [14, 14, 16, 16], "texture": "#0"},
				"south": {"uv": [14, 14, 16, 16], "texture": "#0"},
				"west": {"uv": [14, 14, 16, 16], "texture": "#0"},
				"up": {"uv": [4, 12, 8, 16], "texture": "#0"},
				"down": {"uv": [14, 14, 16, 16], "texture": "#0"}
			}
		},
		{
			"from": [10, 0, 6],
			"to": [6, 5, 10],
			"rotation": {"angle": 0, "axis": "y", "origin": [7.5, 13.5, 9.5]},
			"faces": {
				"north": {"uv": [0, 0, 5, 6], "texture": "#0"},
				"east": {"uv": [5, 6, 0, 12], "texture": "#0"},
				"south": {"uv": [5, 6, 0, 12], "texture": "#0"},
				"west": {"uv": [5, 0, 0, 6], "texture": "#0"},
				"up": {"uv": [14, 8, 12, 10], "rotation": 180, "texture": "#0"},
				"down": {"uv": [10, 4, 14, 8], "texture": "#0"}
			}
		},
		{
			"from": [6, 0, 6],
			"to": [10, 5, 10],
			"faces": {
				"north": {"uv": [0, 0, 5, 6], "texture": "#0"},
				"east": {"uv": [5, 0, 10, 6], "texture": "#0"},
				"south": {"uv": [0, 6, 5, 12], "texture": "#0"},
				"west": {"uv": [5, 6, 10, 12], "texture": "#0"},
				"up": {"uv": [16, 16, 13, 14], "texture": "#0"},
				"down": {"uv": [14, 4, 10, 8], "texture": "#0"}
			}
		},
		{
			"from": [8.5, 2, 5],
			"to": [7.5, 3, 6],
			"faces": {
				"north": {"uv": [15, 10, 16, 9], "texture": "#0"},
				"east": {"uv": [13, 10, 14, 9], "texture": "#0"},
				"south": {"uv": [13, 9, 14, 10], "texture": "#0"},
				"west": {"uv": [13, 9, 14, 10], "texture": "#0"},
				"up": {"uv": [13, 8, 14, 9], "texture": "#0"},
				"down": {"uv": [13, 10, 14, 11], "texture": "#0"}
			}
		},
		{
			"from": [7.5, 1, 4],
			"to": [8.5, 4, 6],
			"faces": {
				"north": {"uv": [14, 11, 15, 14], "texture": "#0"},
				"east": {"uv": [14, 8, 16, 11], "texture": "#0"},
				"south": {"uv": [15, 11, 16, 14], "texture": "#0"},
				"west": {"uv": [12, 8, 14, 11], "texture": "#0"},
				"up": {"uv": [12, 11, 13, 13], "texture": "#0"},
				"down": {"uv": [13, 11, 14, 13], "texture": "#0"}
			}
		}
	],
	"display": {
		"thirdperson_righthand": {
			"rotation": [0, 180, 0],
			"translation": [-0.5, 5.25, -2.25]
		},
		"thirdperson_lefthand": {
			"rotation": [0, 180, 0],
			"translation": [-0.5, 5.25, -2]
		},
		"firstperson_righthand": {
			"rotation": [5, -170, 0],
			"translation": [0, 9.5, 1.5]
		},
		"firstperson_lefthand": {
			"rotation": [5, -170, 0],
			"translation": [0, 9.5, 1.5]
		},
		"ground": {
			"translation": [0, 4, 0]
		},
		"gui": {
			"rotation": [35, -75, 0],
			"translation": [-1, 9, 0],
			"scale": [2, 2, 2]
		},
		"head": {
			"rotation": [0, 180, 0],
			"translation": [0, 14, 0]
		},
		"fixed": {
			"rotation": [-90, 0, 0],
			"translation": [0, 0, -16.1],
			"scale": [2, 2, 2]
		}
	}
}