{
	"credit": "Сделано Веббером специально для MoreDeco https://modrinth.com/resourcepack/moredeco mc _Webber_3",
	"textures": {
		"0": "item/glass_bottle/cup",
		"1": "item/potion/hot_smoke",
		"particle": "item/glass_bottle/cup"
	},
	"elements": [
		{
			"from": [8, 1.5, 7],
			"to": [8, 9.5, 10],
			"rotation": {"angle": 0, "axis": "y", "origin": [8, 6.5, 7]},
			"faces": {
				"north": {"uv": [8, 0, 8, 16], "texture": "#1"},
				"east": {"uv": [2, 0, 8, 16], "texture": "#1"},
				"south": {"uv": [2, 0, 2, 16], "texture": "#1"},
				"west": {"uv": [2, 0, 8, 16], "texture": "#1"},
				"up": {"uv": [2, 0, 8, 0], "rotation": 270, "texture": "#1"},
				"down": {"uv": [2, 16, 8, 16], "rotation": 90, "texture": "#1"}
			}
		},
		{
			"from": [8, 3, 8],
			"to": [9, 4, 9],
			"rotation": {"angle": 45, "axis": "x", "origin": [8.5, 3.5, 8.5]},
			"faces": {
				"north": {"uv": [15, 0, 16, 1], "texture": "#0"},
				"east": {"uv": [15, 0, 16, 1], "texture": "#0"},
				"south": {"uv": [15, 0, 16, 1], "texture": "#0"},
				"west": {"uv": [15, 0, 16, 1], "texture": "#0"},
				"up": {"uv": [15, 0, 16, 1], "texture": "#0"},
				"down": {"uv": [15, 0, 16, 1], "texture": "#0"}
			}
		},
		{
			"from": [6.35355, 3, 6.5],
			"to": [7.35355, 4, 7.5],
			"rotation": {"angle": 45, "axis": "z", "origin": [6.85355, 3.5, 7]},
			"faces": {
				"north": {"uv": [15, 0, 16, 1], "rotation": 270, "texture": "#0"},
				"east": {"uv": [15, 0, 16, 1], "rotation": 270, "texture": "#0"},
				"south": {"uv": [15, 0, 16, 1], "rotation": 270, "texture": "#0"},
				"west": {"uv": [15, 0, 16, 1], "rotation": 90, "texture": "#0"},
				"up": {"uv": [15, 0, 16, 1], "rotation": 180, "texture": "#0"},
				"down": {"uv": [15, 0, 16, 1], "texture": "#0"}
			}
		},
		{
			"from": [6, 3.5, 6],
			"to": [10, 3.5, 10],
			"faces": {
				"north": {"uv": [0, 0, 2, 2], "texture": "#0"},
				"east": {"uv": [12, 14, 14, 16], "texture": "#0"},
				"south": {"uv": [12, 14, 14, 16], "texture": "#0"},
				"west": {"uv": [12, 14, 14, 16], "texture": "#0"},
				"up": {"uv": [8, 12, 12, 16], "texture": "#0"},
				"down": {"uv": [12, 14, 14, 16], "texture": "#0"}
			}
		},
		{
			"from": [10, 1, 6],
			"to": [6, 4, 10],
			"rotation": {"angle": 0, "axis": "y", "origin": [7.5, 13.5, 9.5]},
			"faces": {
				"north": {"uv": [0, 0, 5, 3], "texture": "#0"},
				"east": {"uv": [5, 6, 0, 9], "texture": "#0"},
				"south": {"uv": [5, 6, 0, 9], "texture": "#0"},
				"west": {"uv": [5, 0, 0, 3], "texture": "#0"},
				"up": {"uv": [14, 8, 12, 10], "rotation": 180, "texture": "#0"},
				"down": {"uv": [10, 4, 14, 8], "texture": "#0"}
			}
		},
		{
			"from": [6, 1, 6],
			"to": [10, 4, 10],
			"faces": {
				"north": {"uv": [0, 0, 5, 3], "texture": "#0"},
				"east": {"uv": [0, 0, 5, 3], "texture": "#0"},
				"south": {"uv": [0, 6, 5, 9], "texture": "#0"},
				"west": {"uv": [0, 6, 5, 9], "texture": "#0"},
				"up": {"uv": [15, 16, 12, 14], "texture": "#1"},
				"down": {"uv": [14, 0, 10, 4], "texture": "#0"}
			}
		},
		{
			"from": [8.5, 1.85, 5],
			"to": [7.5, 2.7, 6],
			"faces": {
				"north": {"uv": [15, 10, 16, 9], "texture": "#0"},
				"east": {"uv": [13, 10, 14, 9], "texture": "#0"},
				"south": {"uv": [13, 9, 14, 10], "texture": "#0"},
				"west": {"uv": [13, 9, 14, 10], "texture": "#0"},
				"up": {"uv": [13, 8, 14, 9], "texture": "#0"},
				"down": {"uv": [13, 10, 14, 11], "texture": "#0"}
			}
		},
		{
			"from": [7.5, 1, 4.25],
			"to": [8.5, 3.5, 6],
			"faces": {
				"north": {"uv": [14, 11, 15, 14], "texture": "#0"},
				"east": {"uv": [14, 8, 16, 11], "texture": "#0"},
				"south": {"uv": [15, 11, 16, 14], "texture": "#0"},
				"west": {"uv": [12, 8, 14, 11], "texture": "#0"},
				"up": {"uv": [12, 11, 13, 13], "texture": "#0"},
				"down": {"uv": [13, 11, 14, 13], "texture": "#0"}
			}
		},
		{
			"from": [6.25, 0, 6.25],
			"to": [9.75, 1, 9.75],
			"faces": {
				"north": {"uv": [0, 5, 4, 6], "texture": "#0"},
				"east": {"uv": [6, 5, 10, 6], "texture": "#0"},
				"south": {"uv": [0, 11, 4, 12], "texture": "#0"},
				"west": {"uv": [6, 11, 10, 12], "texture": "#0"},
				"up": {"uv": [15, 16, 12, 14], "texture": "#0"},
				"down": {"uv": [14, 0, 10, 4], "texture": "#0"}
			}
		}
	],
	"display": {
		"thirdperson_righthand": {
			"rotation": [0, 180, 0],
			"translation": [-0.5, 5.25, -2.25]
		},
		"thirdperson_lefthand": {
			"rotation": [0, 180, 0],
			"translation": [-0.5, 5.25, -2]
		},
		"firstperson_righthand": {
			"rotation": [5, -170, 0],
			"translation": [0, 9.5, 1.5]
		},
		"firstperson_lefthand": {
			"rotation": [5, -170, 0],
			"translation": [0, 9.5, 1.5]
		},
		"ground": {
			"translation": [0, 4, 0]
		},
		"gui": {
			"rotation": [35, -75, 0],
			"translation": [-1, 9, 0],
			"scale": [2, 2, 2]
		},
		"head": {
			"rotation": [0, 180, 0],
			"translation": [0, 14, 0]
		},
		"fixed": {
			"rotation": [-90, 0, 0],
			"translation": [0, 0, -16.1],
			"scale": [2, 2, 2]
		}
	}
}