{
	"credit": "Сделано Веббером специально для MoreDeco https://modrinth.com/resourcepack/moredeco mc _Webber_3",
	"textures": {
		"0": "item/glass_bottle/banka",
		"particle": "item/glass_bottle/banka"
	},
	"elements": [
		{
			"from": [6, 8, 6],
			"to": [10, 10, 10],
			"faces": {
				"north": {"uv": [16, 4, 12, 6], "texture": "#0"},
				"east": {"uv": [12, 4, 16, 6], "texture": "#0"},
				"south": {"uv": [16, 4, 12, 6], "texture": "#0"},
				"west": {"uv": [12, 6, 16, 8], "texture": "#0"},
				"up": {"uv": [12, 0, 16, 4], "texture": "#0"},
				"down": {"uv": [12, 0, 16, 4], "texture": "#0"}
			}
		},
		{
			"from": [5.875, 8, 5.875],
			"to": [10.125, 10, 10.125],
			"faces": {
				"north": {"uv": [16, 12, 12, 14], "texture": "#0"},
				"east": {"uv": [12, 12, 16, 14], "texture": "#0"},
				"south": {"uv": [16, 12, 12, 14], "texture": "#0"},
				"west": {"uv": [12, 12, 16, 14], "texture": "#0"},
				"up": {"uv": [8, 10, 10, 12], "texture": "#0"},
				"down": {"uv": [8, 10, 10, 12], "texture": "#0"}
			}
		},
		{
			"from": [5.75, 9, 5.75],
			"to": [10.25, 10.25, 10.25],
			"faces": {
				"north": {"uv": [16, 14, 12, 15], "texture": "#0"},
				"east": {"uv": [12, 14, 16, 15], "texture": "#0"},
				"south": {"uv": [16, 14, 12, 15], "texture": "#0"},
				"west": {"uv": [12, 12, 16, 13], "texture": "#0"},
				"up": {"uv": [12, 8, 16, 12], "texture": "#0"},
				"down": {"uv": [12, 12, 16, 8], "texture": "#0"}
			}
		},
		{
			"from": [4.75, 6, 4.75],
			"to": [11.25, 8.25, 11.25],
			"faces": {
				"north": {"uv": [12, 14, 6, 16], "texture": "#0"},
				"east": {"uv": [0, 14, 6, 16], "texture": "#0"},
				"south": {"uv": [12, 14, 6, 16], "texture": "#0"},
				"west": {"uv": [0, 14, 6, 16], "texture": "#0"},
				"up": {"uv": [14, 14, 16, 16], "texture": "#0"},
				"down": {"uv": [10, 10, 8, 12], "texture": "#0"}
			}
		},
		{
			"from": [11.25, 6, 4.75],
			"to": [4.75, 8.25, 11.25],
			"rotation": {"angle": 0, "axis": "y", "origin": [8, 7.125, 8]},
			"faces": {
				"north": {"uv": [6, 14, 12, 16], "texture": "#0"},
				"east": {"uv": [6, 14, 0, 16], "texture": "#0"},
				"south": {"uv": [6, 14, 12, 16], "texture": "#0"},
				"west": {"uv": [6, 14, 0, 16], "texture": "#0"},
				"up": {"uv": [14, 14, 16, 16], "rotation": 180, "texture": "#0"},
				"down": {"uv": [10, 10, 8, 12], "rotation": 180, "texture": "#0"}
			}
		},
		{
			"from": [5, 0, 5],
			"to": [11, 8, 11],
			"faces": {
				"north": {"uv": [12, 0, 6, 8], "texture": "#0"},
				"east": {"uv": [0, 0, 6, 8], "texture": "#0"},
				"south": {"uv": [12, 0, 6, 8], "texture": "#0"},
				"west": {"uv": [0, 0, 6, 8], "texture": "#0"},
				"up": {"uv": [6, 8, 12, 14], "texture": "#0"},
				"down": {"uv": [6, 8, 0, 14], "texture": "#0"}
			}
		},
		{
			"from": [5, 0, 11],
			"to": [11, 8, 5],
			"rotation": {"angle": 0, "axis": "y", "origin": [8, 4, 8]},
			"faces": {
				"north": {"uv": [0, 0, 6, 8], "texture": "#0"},
				"east": {"uv": [12, 0, 6, 8], "texture": "#0"},
				"south": {"uv": [0, 0, 6, 8], "texture": "#0"},
				"west": {"uv": [12, 0, 6, 8], "texture": "#0"},
				"up": {"uv": [6, 8, 12, 14], "rotation": 270, "texture": "#0"},
				"down": {"uv": [6, 8, 0, 14], "rotation": 90, "texture": "#0"}
			}
		}
	],
	"display": {
		"thirdperson_righthand": {
			"translation": [-3, 7, 0]
		},
		"thirdperson_lefthand": {
			"translation": [-3, 2.75, 0]
		},
		"firstperson_righthand": {
			"translation": [0, 3.75, 0]
		},
		"ground": {
			"translation": [0, 6, 0]
		},
		"gui": {
			"rotation": [35, 45, 0],
			"translation": [0, 3.5, 0],
			"scale": [1.25, 1.25, 1.25]
		},
		"head": {
			"translation": [0, 20.75, 0],
			"scale": [1.75, 1.75, 1.75]
		},
		"fixed": {
			"rotation": [-90, 0, 0],
			"translation": [0, 0, -16.1],
			"scale": [2, 2, 2]
		}
	}
}