{
	"credit": "Сделано Веббером специально для MoreDeco https://modrinth.com/resourcepack/moredeco mc _Webber_3",
	"textures": {
		"0": "item/potion/bonk",
		"particle": "item/potion/bonk"
	},
	"elements": [
		{
			"from": [7, 2.25, 7],
			"to": [10, 2.5, 10],
			"rotation": {"angle": 0, "axis": "y", "origin": [8, 0, 8]},
			"faces": {
				"north": {"uv": [3, 8, 6, 9], "texture": "#0"},
				"east": {"uv": [4, 9, 3, 6], "rotation": 90, "texture": "#0"},
				"south": {"uv": [6, 6, 3, 7], "texture": "#0"},
				"west": {"uv": [6, 6, 5, 9], "rotation": 90, "texture": "#0"},
				"up": {"uv": [6, 9, 3, 6], "texture": "#0"},
				"down": {"uv": [9, 6, 6, 9], "texture": "#0"}
			}
		},
		{
			"from": [7, 0.25, 7],
			"to": [10, 2.25, 10],
			"rotation": {"angle": 0, "axis": "z", "origin": [8.5, 1.25, 8.5]},
			"faces": {
				"north": {"uv": [0, 0, 3, 6], "texture": "#0"},
				"east": {"uv": [3, 0, 6, 6], "texture": "#0"},
				"south": {"uv": [0, 6, 3, 12], "texture": "#0"},
				"west": {"uv": [6, 0, 9, 6], "texture": "#0"},
				"up": {"uv": [6, 9, 3, 6], "texture": "#0"},
				"down": {"uv": [9, 6, 6, 9], "texture": "#0"}
			}
		},
		{
			"from": [7, 0, 7],
			"to": [10, 0.25, 10],
			"faces": {
				"north": {"uv": [3, 8, 6, 9], "texture": "#0"},
				"east": {"uv": [4, 9, 3, 6], "rotation": 90, "texture": "#0"},
				"south": {"uv": [6, 6, 3, 7], "texture": "#0"},
				"west": {"uv": [6, 8, 3, 9], "texture": "#0"},
				"up": {"uv": [6, 9, 3, 6], "texture": "#0"},
				"down": {"uv": [9, 6, 6, 9], "texture": "#0"}
			}
		}
	],
	"display": {
		"thirdperson_righthand": {
			"translation": [-1.75, 8, 0]
		},
		"thirdperson_lefthand": {
			"translation": [0, 8, 0]
		},
		"firstperson_righthand": {
			"translation": [0, 9, 0]
		},
		"firstperson_lefthand": {
			"translation": [0, 9, 0]
		},
		"ground": {
			"translation": [0, 5, 0]
		},
		"gui": {
			"rotation": [35, 40, 0],
			"translation": [-1.5, 7.75, 0],
			"scale": [2, 2, 2]
		},
		"head": {
			"translation": [0, 14.5, 0]
		},
		"fixed": {
			"rotation": [-90, 0, 0],
			"translation": [0, 0, -16],
			"scale": [2, 2, 2]
		}
	}
}