{
	"credit": "Сделано Веббером специально для MoreDeco https://modrinth.com/resourcepack/moredeco mc _Webber_3",
	"textures": {
		"0": "item/glass_bottle/stackan",
		"particle": "item/glass_bottle/stackan"
	},
	"elements": [
		{
			"from": [6.5, 0, 6.5],
			"to": [9.5, 5, 9.5],
			"faces": {
				"north": {"uv": [6, 0, 3, 5], "texture": "#0"},
				"east": {"uv": [0, 0, 3, 5], "texture": "#0"},
				"south": {"uv": [3, 0, 0, 5], "texture": "#0"},
				"west": {"uv": [3, 0, 6, 5], "texture": "#0"},
				"up": {"uv": [13, 16, 16, 13], "texture": "#0"},
				"down": {"uv": [9, 3, 6, 0], "texture": "#0"}
			}
		},
		{
			"from": [6.525, 0.05, 6.525],
			"to": [9.475, 4, 9.475],
			"faces": {
				"north": {"uv": [16, 6, 13, 9], "texture": "#0"},
				"east": {"uv": [13, 6, 16, 9], "texture": "#0"},
				"south": {"uv": [16, 6, 13, 9], "texture": "#0"},
				"west": {"uv": [13, 6, 16, 9], "texture": "#0"},
				"up": {"uv": [16, 9, 13, 6], "texture": "#0"},
				"down": {"uv": [16, 9, 13, 6], "texture": "#0"}
			}
		},
		{
			"from": [9.5, 5, 9.5],
			"to": [6.5, 0, 6.5],
			"faces": {
				"north": {"uv": [3, 5, 0, 0], "texture": "#0"},
				"east": {"uv": [0, 5, 3, 0], "texture": "#0"},
				"south": {"uv": [6, 5, 3, 0], "texture": "#0"},
				"west": {"uv": [3, 5, 6, 0], "texture": "#0"},
				"up": {"uv": [6, 3, 9, 0], "texture": "#0"},
				"down": {"uv": [16, 16, 13, 13], "texture": "#0"}
			}
		},
		{
			"from": [6, 0, 8.5],
			"to": [8, 7, 8.5],
			"rotation": {"angle": 0, "axis": "y", "origin": [7, 3.5, 9]},
			"faces": {
				"north": {"uv": [9, 0, 11, 7], "texture": "#0"},
				"east": {"uv": [10, 0, 9, 7], "texture": "#0"},
				"south": {"uv": [11, 0, 9, 7], "texture": "#0"},
				"west": {"uv": [10, 0, 11, 7], "texture": "#0"},
				"up": {"uv": [9, 0, 11, 1], "texture": "#0"},
				"down": {"uv": [9, 6, 11, 7], "rotation": 180, "texture": "#0"}
			}
		}
	],
	"display": {
		"thirdperson_righthand": {
			"translation": [-1.5, 8.01, 0]
		},
		"thirdperson_lefthand": {
			"translation": [-1.5, 8.01, 0]
		},
		"firstperson_righthand": {
			"rotation": [-10, 0, 0],
			"translation": [0.25, 9.25, -0.75],
			"scale": [1.25, 1.25, 1.25]
		},
		"firstperson_lefthand": {
			"rotation": [-10, 20, 0],
			"translation": [0.25, 9.25, -0.75],
			"scale": [1.25, 1.25, 1.25]
		},
		"ground": {
			"translation": [0, 5, 0]
		},
		"gui": {
			"rotation": [20, 45, 0],
			"translation": [0, 9.5, 0],
			"scale": [2, 2, 2]
		},
		"head": {
			"translation": [0, 15.25, 0]
		},
		"fixed": {
			"rotation": [-90, 0, 0],
			"translation": [0, 0, -16.1],
			"scale": [2, 2, 2]
		}
	}
}