{
	"credit": "Сделано Веббером специально для MoreDeco https://modrinth.com/resourcepack/moredeco mc _Webber_3",
	"textures": {
		"1": "item/carved_pumpkin/pitomec/axolotl/axolotl_gold",
		"particle": "item/carved_pumpkin/pitomec/axolotl/axolotl_gold"
	},
	"elements": [
		{
			"from": [4, 0, 3],
			"to": [12, 4, 13],
			"rotation": {"angle": 0, "axis": "y", "origin": [4, 2.5, 8.5]},
			"faces": {
				"north": {"uv": [2.5, 5.25, 4.5, 6.25], "texture": "#1"},
				"east": {"uv": [0, 5.25, 2.5, 6.25], "texture": "#1"},
				"south": {"uv": [7, 5.25, 9, 6.25], "texture": "#1"},
				"west": {"uv": [4.5, 5.25, 7, 6.25], "texture": "#1"},
				"up": {"uv": [4.5, 2.75, 2.5, 5.25], "rotation": 180, "texture": "#1"},
				"down": {"uv": [6.5, 2.75, 4.5, 5.25], "rotation": 180, "texture": "#1"}
			}
		},
		{
			"from": [1, -1.41421, 1],
			"to": [4, 5.58579, 1],
			"rotation": {"angle": -45, "axis": "x", "origin": [4, 2, 1]},
			"faces": {
				"north": {"uv": [2.75, 10, 3.5, 11.75], "texture": "#1"},
				"east": {"uv": [10.75, 14.75, 12, 16], "texture": "#1"},
				"south": {"uv": [0, 10, 0.75, 11.75], "texture": "#1"},
				"west": {"uv": [14, 14.75, 15.25, 16], "texture": "#1"},
				"up": {"uv": [14, 13.5, 12, 14.75], "rotation": 180, "texture": "#1"},
				"down": {"uv": [16, 13.5, 14, 14.75], "rotation": 180, "texture": "#1"}
			}
		},
		{
			"from": [12, -1, 0],
			"to": [15, 6, 0],
			"rotation": {"angle": -45, "axis": "x", "origin": [12, 3.5, 1]},
			"faces": {
				"north": {"uv": [0, 10, 0.75, 11.75], "texture": "#1"},
				"east": {"uv": [10.75, 14.75, 12, 16], "texture": "#1"},
				"south": {"uv": [2.75, 10, 3.5, 11.75], "texture": "#1"},
				"west": {"uv": [14, 14.75, 15.25, 16], "texture": "#1"},
				"up": {"uv": [14, 13.5, 12, 14.75], "rotation": 180, "texture": "#1"},
				"down": {"uv": [16, 13.5, 14, 14.75], "rotation": 180, "texture": "#1"}
			}
		},
		{
			"from": [1, 3, -2],
			"to": [15, 3, 1],
			"rotation": {"angle": 22.5, "axis": "x", "origin": [8, 5, 1]},
			"faces": {
				"north": {"uv": [14, 13.5, 12, 14.75], "texture": "#1"},
				"east": {"uv": [10.75, 14.75, 12, 16], "rotation": 90, "texture": "#1"},
				"south": {"uv": [16, 13.5, 14, 14.75], "rotation": 180, "texture": "#1"},
				"west": {"uv": [14, 14.75, 15.25, 16], "rotation": 270, "texture": "#1"},
				"up": {"uv": [0, 9.25, 3.5, 10], "texture": "#1"},
				"down": {"uv": [0, 9.25, 3.5, 10], "rotation": 180, "texture": "#1"}
			}
		},
		{
			"from": [8, 0, 4],
			"to": [8, 5, 13],
			"rotation": {"angle": 0, "axis": "x", "origin": [8, 5, 1]},
			"faces": {
				"north": {"uv": [14, 14.25, 16, 16], "texture": "#1"},
				"east": {"uv": [0.5, 6.5, 2.75, 7.75], "texture": "#1"},
				"south": {"uv": [14, 14.25, 16, 16], "texture": "#1"},
				"west": {"uv": [0.5, 6.5, 2.75, 7.75], "texture": "#1"},
				"up": {"uv": [14, 14.25, 14, 16], "rotation": 180, "texture": "#1"},
				"down": {"uv": [16, 14.25, 14, 16], "rotation": 180, "texture": "#1"}
			}
		},
		{
			"from": [8, -9.15, 9.2],
			"to": [8, 2.85, 14.2],
			"rotation": {"angle": -45, "axis": "x", "origin": [8, 2.5, 11]},
			"faces": {
				"north": {"uv": [16, 14.25, 14, 16], "texture": "#1"},
				"east": {"uv": [0.5, 7.75, 3.5, 9], "rotation": 270, "texture": "#1"},
				"south": {"uv": [14, 14.25, 14, 16], "rotation": 180, "texture": "#1"},
				"west": {"uv": [3.5, 7.75, 0.5, 9], "rotation": 90, "texture": "#1"},
				"up": {"uv": [14, 14.25, 16, 16], "rotation": 180, "texture": "#1"},
				"down": {"uv": [14, 14.25, 16, 16], "texture": "#1"}
			}
		},
		{
			"from": [3.95, 0, -2],
			"to": [12.05, 5.1, 3.1],
			"rotation": {"angle": -45, "axis": "x", "origin": [8, 2.5, 3]},
			"faces": {
				"north": {"uv": [1.25, 1.5, 3.25, 2.75], "texture": "#1"},
				"east": {"uv": [0, 1.5, 1.25, 2.75], "texture": "#1"},
				"south": {"uv": [4.5, 1.5, 6.5, 2.75], "texture": "#1"},
				"west": {"uv": [3.25, 1.5, 4.5, 2.75], "texture": "#1"},
				"up": {"uv": [3.25, 0.25, 1.25, 1.5], "rotation": 180, "texture": "#1"},
				"down": {"uv": [5.25, 0.25, 3.25, 1.5], "rotation": 180, "texture": "#1"}
			}
		},
		{
			"from": [3.95, -5, 3.5],
			"to": [3.95, 0, 6.5],
			"rotation": {"angle": -45, "axis": "x", "origin": [4, 0, 4]},
			"faces": {
				"north": {"uv": [14, 14.25, 16, 16], "texture": "#1"},
				"east": {"uv": [1.25, 3.25, 2, 4.5], "texture": "#1"},
				"south": {"uv": [14, 14.25, 16, 16], "texture": "#1"},
				"west": {"uv": [1.25, 3.25, 2, 4.5], "texture": "#1"},
				"up": {"uv": [14, 14.25, 14, 16], "rotation": 180, "texture": "#1"},
				"down": {"uv": [16, 14.25, 14, 16], "rotation": 180, "texture": "#1"}
			}
		},
		{
			"from": [4, -5, 9.5],
			"to": [4, 0, 12.5],
			"faces": {
				"north": {"uv": [14, 14.25, 16, 16], "texture": "#1"},
				"east": {"uv": [1.25, 3.25, 2, 4.5], "texture": "#1"},
				"south": {"uv": [14, 14.25, 16, 16], "texture": "#1"},
				"west": {"uv": [1.25, 3.25, 2, 4.5], "texture": "#1"},
				"up": {"uv": [14, 14.25, 14, 16], "rotation": 180, "texture": "#1"},
				"down": {"uv": [16, 14.25, 14, 16], "rotation": 180, "texture": "#1"}
			}
		},
		{
			"from": [12, -5, 9.5],
			"to": [12, 0, 12.5],
			"rotation": {"angle": 0, "axis": "z", "origin": [12, 0, 11]},
			"faces": {
				"north": {"uv": [14, 14.25, 16, 16], "texture": "#1"},
				"east": {"uv": [0.5, 3.25, 1.25, 4.5], "texture": "#1"},
				"south": {"uv": [14, 14.25, 16, 16], "texture": "#1"},
				"west": {"uv": [0.5, 3.25, 1.25, 4.5], "texture": "#1"},
				"up": {"uv": [14, 14.25, 14, 16], "rotation": 180, "texture": "#1"},
				"down": {"uv": [16, 14.25, 14, 16], "rotation": 180, "texture": "#1"}
			}
		},
		{
			"from": [12.05, -5, 3.5],
			"to": [12.05, 0, 6.5],
			"rotation": {"angle": -45, "axis": "x", "origin": [12, 0, 4]},
			"faces": {
				"north": {"uv": [14, 14.25, 16, 16], "texture": "#1"},
				"east": {"uv": [0.5, 3.25, 1.25, 4.5], "texture": "#1"},
				"south": {"uv": [14, 14.25, 16, 16], "texture": "#1"},
				"west": {"uv": [0.5, 3.25, 1.25, 4.5], "texture": "#1"},
				"up": {"uv": [14, 14.25, 14, 16], "rotation": 180, "texture": "#1"},
				"down": {"uv": [16, 14.25, 14, 16], "rotation": 180, "texture": "#1"}
			}
		}
	],
	"display": {
		"thirdperson_righthand": {
			"translation": [-1, 3, 2],
			"scale": [0.45, 0.45, 0.45]
		},
		"thirdperson_lefthand": {
			"translation": [-1, 3, 2],
			"scale": [0.45, 0.45, 0.45]
		},
		"firstperson_righthand": {
			"rotation": [43, 0, 0],
			"translation": [-0.5, 4.5, 5.25],
			"scale": [0.35, 0.35, 0.35]
		},
		"firstperson_lefthand": {
			"rotation": [102, 34, -125],
			"translation": [0.5, 4.5, 2],
			"scale": [0.35, 0.35, 0.35]
		},
		"ground": {
			"rotation": [43, 0, 180],
			"translation": [0, 1, 0],
			"scale": [0.5, 0.5, 0.5]
		},
		"gui": {
			"rotation": [-25, -150, 0],
			"translation": [-1.75, 6.5, 0],
			"scale": [0.85, 0.85, 0.85]
		},
		"head": {
			"rotation": [45, 0, 0],
			"translation": [0, 11, 12],
			"scale": [1.75, 1.75, 1.75]
		},
		"fixed": {
			"rotation": [-45, 0, 0],
			"translation": [0, 8, -14],
			"scale": [2, 2, 2]
		}
	}
}