{
	"format_version": "1.21.6",
	"credit": "Сделано Веббером специально для MoreDeco https://modrinth.com/resourcepack/moredeco mc _Webber_3",
	"textures": {
		"0": "item/carved_pumpkin/mask/masks",
		"particle": "item/carved_pumpkin/mask/masks"
	},
	"elements": [
		{
			"from": [4, 0, 4],
			"to": [12, 8, 12],
			"rotation": {"angle": 0, "axis": "y", "origin": [8, 4, 8]},
			"faces": {
				"north": {"uv": [1, 13.125, 2, 14.125], "texture": "#0"},
				"east": {"uv": [0, 13.125, 1, 14.125], "texture": "#0"},
				"south": {"uv": [3, 13.125, 4, 14.125], "texture": "#0"},
				"west": {"uv": [2, 13.125, 3, 14.125], "texture": "#0"},
				"up": {"uv": [1, 13.125, 2, 12.125], "texture": "#0"},
				"down": {"uv": [1, 15.125, 2, 14.125], "texture": "#0"}
			}
		},
		{
			"from": [4, 8, 4],
			"to": [12, 0, 12],
			"rotation": {"angle": 0, "axis": "y", "origin": [8, 4, 8]},
			"faces": {
				"north": {"uv": [15, 5, 16, 4], "texture": "#0"},
				"east": {"uv": [0, 14.125, 1, 13.125], "texture": "#0"},
				"south": {"uv": [3, 14.125, 4, 13.125], "texture": "#0"},
				"west": {"uv": [2, 14.125, 3, 13.125], "texture": "#0"},
				"up": {"uv": [1, 14.125, 2, 15.125], "texture": "#0"},
				"down": {"uv": [1, 12.125, 2, 13.125], "texture": "#0"}
			}
		}
	],
	"display": {
		"thirdperson_righthand": {
			"translation": [-2.25, 6, 4],
			"scale": [0.75, 0.75, 0.75]
		},
		"thirdperson_lefthand": {
			"rotation": [0, -180, 0],
			"translation": [-2.25, 6, -1.25],
			"scale": [0.75, 0.75, 0.75]
		},
		"firstperson_righthand": {
			"rotation": [0, -35, 0],
			"translation": [4, 3.25, 0],
			"scale": [0.75, 0.75, 0.75]
		},
		"firstperson_lefthand": {
			"rotation": [0, 98, 0],
			"translation": [2.25, 6.75, 0],
			"scale": [0.75, 0.75, 0.75]
		},
		"ground": {
			"translation": [0, 5, 0]
		},
		"gui": {
			"rotation": [25, -150, 0],
			"translation": [-1.5, 6, 0],
			"scale": [1.25, 1.25, 1.25]
		},
		"head": {
			"translation": [0, 5, 0],
			"scale": [1.85, 1.85, 1.85]
		},
		"fixed": {
			"rotation": [-35, 0, 0],
			"translation": [0, 8, -1.75],
			"scale": [2, 2, 2]
		}
	}
}