{
	"credit": "Сделано Веббером специально для MoreDeco https://modrinth.com/resourcepack/moredeco mc _Webber_3",
	"texture_size": [64, 64],
	"textures": {
		"2": "item/note_block/mini_jukebox",
		"particle": "item/note_block/mini_jukebox"
	},
	"elements": [
		{
			"from": [5, 2, 6],
			"to": [11, 10, 10],
			"faces": {
				"north": {"uv": [0, 0, 4, 5], "texture": "#2"},
				"east": {"uv": [8, 0, 11, 5], "texture": "#2"},
				"south": {"uv": [4, 0, 8, 5], "texture": "#2"},
				"west": {"uv": [8, 0, 11, 5], "texture": "#2"},
				"up": {"uv": [4, 5, 8, 8], "texture": "#2"},
				"down": {"uv": [0, 5, 4, 8], "texture": "#2"}
			}
		},
		{
			"from": [7, 1, 7],
			"to": [9, 2, 9],
			"faces": {
				"north": {"uv": [1.5, 4.5, 2.5, 5], "texture": "#2"},
				"east": {"uv": [9, 4.5, 10, 5], "texture": "#2"},
				"south": {"uv": [5.5, 4.5, 6.5, 5], "texture": "#2"},
				"west": {"uv": [9, 4.5, 10, 5], "texture": "#2"},
				"up": {"uv": [15.5, 15.5, 16, 16], "texture": "#2"},
				"down": {"uv": [15.5, 15.5, 16, 16], "texture": "#2"}
			}
		},
		{
			"from": [6, 0, 6],
			"to": [10, 1, 10],
			"faces": {
				"north": {"uv": [8.5, 5, 10.5, 5.5], "texture": "#2"},
				"east": {"uv": [8.5, 5, 10.5, 5.5], "texture": "#2"},
				"south": {"uv": [8.5, 5, 10.5, 5.5], "texture": "#2"},
				"west": {"uv": [8.5, 5, 10.5, 5.5], "texture": "#2"},
				"up": {"uv": [8.5, 5.5, 10.5, 7.5], "texture": "#2"},
				"down": {"uv": [8.5, 5.5, 10.5, 7.5], "texture": "#2"}
			}
		}
	],
	"display": {
		"thirdperson_righthand": {
			"translation": [0, 8.25, 0]
		},
		"thirdperson_lefthand": {
			"translation": [0, 8.25, 0]
		},
		"firstperson_righthand": {
			"rotation": [0, 15, 0],
			"translation": [0, 5.25, 2],
			"scale": [0.75, 0.75, 0.75]
		},
		"firstperson_lefthand": {
			"rotation": [0, 15, 0],
			"translation": [0, 5.25, 2],
			"scale": [0.75, 0.75, 0.75]
		},
		"ground": {
			"rotation": [90, 0, 0],
			"translation": [0, 0, 3]
		},
		"gui": {
			"rotation": [25, 145, 0],
			"translation": [0, 3, 0],
			"scale": [1.25, 1.25, 1.25]
		},
		"head": {
			"translation": [0, 15, 0]
		},
		"fixed": {
			"rotation": [-90, 0, 0],
			"translation": [0, 0, -16],
			"scale": [2.01, 2.01, 2.01]
		}
	}
}