{
	"credit": "Сделано Веббером специально для MoreDeco https://modrinth.com/resourcepack/moredeco mc _Webber_3",
	"textures": {
		"0": "item/crossbow/microfon/microfons",
		"particle": "item/crossbow/microfon/microfons"
	},
	"elements": [
		{
			"from": [6.6, 7, 6.6],
			"to": [9.35, 9.75, 9.35],
			"faces": {
				"north": {"uv": [6, 0, 4, 2], "texture": "#0"},
				"east": {"uv": [4, 0, 6, 2], "texture": "#0"},
				"south": {"uv": [6, 0, 4, 2], "texture": "#0"},
				"west": {"uv": [4, 0, 6, 2], "texture": "#0"},
				"up": {"uv": [6, 4, 4, 2], "texture": "#0"},
				"down": {"uv": [6, 4, 4, 6], "texture": "#0"}
			}
		},
		{
			"from": [7, 0, 7],
			"to": [9, 6, 9],
			"faces": {
				"north": {"uv": [2, 0, 4, 6], "texture": "#0"},
				"east": {"uv": [0, 0, 2, 6], "texture": "#0"},
				"south": {"uv": [2, 0, 4, 6], "texture": "#0"},
				"west": {"uv": [0, 0, 2, 6], "texture": "#0"},
				"up": {"uv": [14, 14, 16, 16], "texture": "#0"},
				"down": {"uv": [0, 6, 2, 8], "texture": "#0"}
			}
		},
		{
			"from": [6.25, 4, 6.25],
			"to": [9.75, 7, 9.75],
			"faces": {
				"north": {"uv": [12, 3, 16, 6], "texture": "#0"},
				"east": {"uv": [16, 3, 12, 6], "texture": "#0"},
				"south": {"uv": [12, 3, 16, 6], "texture": "#0"},
				"west": {"uv": [16, 3, 12, 6], "texture": "#0"},
				"up": {"uv": [12, 10, 16, 14], "texture": "#0"},
				"down": {"uv": [12, 10, 16, 14], "texture": "#0"}
			}
		},
		{
			"from": [8, -1, 7.5],
			"to": [8, 0, 8.5],
			"faces": {
				"north": {"uv": [14, 14, 16, 16], "texture": "#0"},
				"east": {"uv": [2, 6, 3, 7], "texture": "#0"},
				"south": {"uv": [14, 14, 16, 16], "texture": "#0"},
				"west": {"uv": [2, 6, 3, 7], "texture": "#0"},
				"up": {"uv": [14, 14, 16, 16], "texture": "#0"},
				"down": {"uv": [14, 14, 16, 16], "texture": "#0"}
			}
		}
	],
	"display": {
		"thirdperson_righthand": {
			"translation": [-2, 4, 0]
		},
		"thirdperson_lefthand": {
			"translation": [-2, 4, 0]
		},
		"firstperson_righthand": {
			"rotation": [10, -10, 2],
			"translation": [1.25, 3.5, 0]
		},
		"firstperson_lefthand": {
			"rotation": [10, -10, 2],
			"translation": [1.25, 3.5, 0]
		},
		"ground": {
			"rotation": [0, 0, 90],
			"translation": [-4, 0, 0]
		},
		"gui": {
			"rotation": [45, -45, 45],
			"translation": [-2.5, 4.25, 0],
			"scale": [1.5, 1.5, 1.5]
		},
		"head": {
			"translation": [0, -7.5, -10.25],
			"scale": [1.5, 1.5, 1.5]
		},
		"fixed": {
			"rotation": [-90, 0, 25],
			"translation": [-2, 0, -15.25],
			"scale": [2, 2, 2]
		}
	}
}