{
	"credit": "Сделано Веббером специально для MoreDeco https://modrinth.com/resourcepack/moredeco mc _Webber_3",
	"textures": {
		"1": "item/carved_pumpkin/pitomec/cats/black"
	},
	"elements": [
		{
			"from": [6, 7, 21],
			"to": [9, 9, 22],
			"faces": {
				"north": {"uv": [0, 8.66667, 0.66667, 8], "texture": "#1"},
				"east": {"uv": [1.66666, 8.66667, 2, 9.33333], "texture": "#1"},
				"south": {"uv": [0.66667, 8.66667, 1.66666, 9.33333], "texture": "#1"},
				"west": {"uv": [0.33333, 8.66667, 0.66667, 9.33333], "texture": "#1"},
				"up": {"uv": [0.66667, 8.33333, 1.66666, 8.66667], "texture": "#1"},
				"down": {"uv": [1.66666, 8.33333, 2.66667, 8.66667], "texture": "#1"}
			}
		},
		{
			"from": [5, 7, 16],
			"to": [10, 11, 21],
			"faces": {
				"north": {"uv": [5, 3, 6.66667, 1.66667], "texture": "#1"},
				"east": {"uv": [3.33333, 1.66667, 5, 3], "texture": "#1"},
				"south": {"uv": [1.66667, 1.66667, 3.33333, 3], "texture": "#1"},
				"west": {"uv": [0, 1.66667, 1.66667, 3], "texture": "#1"},
				"up": {"uv": [1.66667, 0, 3.33333, 1.66667], "texture": "#1"},
				"down": {"uv": [3.33333, 0, 5, 1.66667], "texture": "#1"}
			}
		},
		{
			"from": [5.5, 11, 16],
			"to": [6.5, 12, 18],
			"faces": {
				"north": {"uv": [1.66667, 4.33333, 2, 4], "texture": "#1"},
				"east": {"uv": [1, 4, 1.66667, 4.33333], "texture": "#1"},
				"south": {"uv": [0.66667, 4, 1, 4.33333], "texture": "#1"},
				"west": {"uv": [0, 4, 0.66667, 4.33333], "texture": "#1"},
				"up": {"uv": [0.66667, 3.66667, 1.33333, 4], "texture": "#1"},
				"down": {"uv": [0, 3.33333, 0.66667, 4], "texture": "#1"}
			}
		},
		{
			"from": [8.5, 11, 16],
			"to": [9.5, 12, 18],
			"faces": {
				"north": {"uv": [3.66667, 4.33333, 4, 4], "texture": "#1"},
				"east": {"uv": [3, 4, 3.66667, 4.33333], "texture": "#1"},
				"south": {"uv": [2.66667, 4, 3, 4.33333], "texture": "#1"},
				"west": {"uv": [2, 4, 2.66667, 4.33333], "texture": "#1"},
				"up": {"uv": [2.66667, 3.66667, 3.33333, 4], "texture": "#1"},
				"down": {"uv": [2, 3.33333, 2.66667, 4], "texture": "#1"}
			}
		},
		{
			"from": [5.5, 3.75, 0],
			"to": [9.5, 9.75, 16],
			"faces": {
				"north": {"uv": [10, 0, 11.33333, 2], "texture": "#1"},
				"east": {"uv": [10, 2, 12, 7.33333], "rotation": 270, "texture": "#1"},
				"south": {"uv": [8.66667, 0, 10, 2], "texture": "#1"},
				"west": {"uv": [6.66667, 2, 8.66667, 7.33333], "rotation": 90, "texture": "#1"},
				"up": {"uv": [12, 7.33333, 13.33333, 2], "texture": "#1"},
				"down": {"uv": [8.66667, 2, 10, 7.33333], "texture": "#1"}
			}
		},
		{
			"from": [5, 0, 12],
			"to": [7, 10, 14],
			"faces": {
				"north": {"uv": [15.33333, 0.66667, 16, 4], "texture": "#1"},
				"east": {"uv": [14.66667, 0.66667, 15.33333, 4], "texture": "#1"},
				"south": {"uv": [14, 0.66667, 14.66667, 4], "texture": "#1"},
				"west": {"uv": [13.33333, 0.66667, 14, 4], "texture": "#1"},
				"up": {"uv": [14, 0, 14.66667, 0.66667], "texture": "#1"},
				"down": {"uv": [14.66667, 0.66667, 15.33333, 0], "texture": "#1"}
			}
		},
		{
			"from": [8, 0, 12],
			"to": [10, 10, 14],
			"faces": {
				"north": {"uv": [15.33333, 0.66667, 16, 4], "texture": "#1"},
				"east": {"uv": [14.66667, 0.66667, 15.33333, 4], "texture": "#1"},
				"south": {"uv": [14, 0.66667, 14.66667, 4], "texture": "#1"},
				"west": {"uv": [13.33333, 0.66667, 14, 4], "texture": "#1"},
				"up": {"uv": [14, 0, 14.66667, 0.66667], "texture": "#1"},
				"down": {"uv": [14.66667, 0.66667, 15.33333, 0], "texture": "#1"}
			}
		},
		{
			"from": [8, 0, 1],
			"to": [10, 6, 3],
			"faces": {
				"north": {"uv": [4.66667, 5, 5.33333, 7], "texture": "#1"},
				"east": {"uv": [4, 5, 4.66667, 7], "texture": "#1"},
				"south": {"uv": [3.33333, 5, 4, 7], "texture": "#1"},
				"west": {"uv": [2.66667, 5, 3.33333, 7], "texture": "#1"},
				"up": {"uv": [3.33333, 4.33333, 4, 5], "texture": "#1"},
				"down": {"uv": [4, 5, 4.66667, 4.33333], "texture": "#1"}
			}
		},
		{
			"from": [5, 0, 1],
			"to": [7, 6, 3],
			"faces": {
				"north": {"uv": [4.66667, 5, 5.33333, 7], "texture": "#1"},
				"east": {"uv": [4, 5, 4.66667, 7], "texture": "#1"},
				"south": {"uv": [3.33333, 5, 4, 7], "texture": "#1"},
				"west": {"uv": [2.66667, 5, 3.33333, 7], "texture": "#1"},
				"up": {"uv": [3.33333, 4.33333, 4, 5], "texture": "#1"},
				"down": {"uv": [4, 5, 4.66667, 4.33333], "texture": "#1"}
			}
		},
		{
			"from": [7, 8, -7],
			"to": [8, 9, 1],
			"rotation": {"angle": -45, "axis": "x", "origin": [7.5, 8.5, 0]},
			"faces": {
				"north": {"uv": [0.66667, 5.33333, 1, 5], "texture": "#1"},
				"east": {"uv": [0.66667, 5.33333, 1, 8], "texture": "#1"},
				"south": {"uv": [0.33333, 5.33333, 0.66667, 5], "texture": "#1"},
				"west": {"uv": [0, 5.33333, 0.33333, 8], "texture": "#1"},
				"up": {"uv": [0.33333, 5.33333, 0.66667, 8], "texture": "#1"},
				"down": {"uv": [1.33333, 5.33333, 1, 8], "texture": "#1"}
			}
		},
		{
			"from": [7, 4.22183, -13.77817],
			"to": [8, 5.22183, -5.77817],
			"rotation": {"angle": 22.5, "axis": "x", "origin": [7.5, 0.72183, -7.77817]},
			"faces": {
				"north": {"uv": [2, 5.33333, 2.33333, 5], "texture": "#1"},
				"east": {"uv": [2, 5.33333, 2.33333, 8], "rotation": 270, "texture": "#1"},
				"south": {"uv": [1.66667, 5.33333, 2, 5], "texture": "#1"},
				"west": {"uv": [1.33333, 5.33333, 1.66667, 8], "rotation": 90, "texture": "#1"},
				"up": {"uv": [1.66667, 5.33333, 2, 8], "rotation": 180, "texture": "#1"},
				"down": {"uv": [2.66667, 5.33333, 2.33333, 8], "texture": "#1"}
			}
		}
	],
	"groups": [
		{
			"name": "group",
			"origin": [0, 0, 0],
			"color": 0,
			"children": [0, 1, 2, 3]
		},
		4,
		5,
		6,
		7,
		8,
		9,
		10
	]
}