{
	"credit": "Сделано Веббером специально для MoreDeco https://modrinth.com/resourcepack/moredeco mc _Webber_3",
	"textures": {
		"1": "item/carved_pumpkin/pitomec/cats/ocelot"
	},
	"elements": [
		{
			"from": [-2.5476, 1.5, 3.9524],
			"to": [0.4524, 3.5, 4.9524],
			"rotation": {"angle": -22.5, "axis": "y", "origin": [-3.0476, 2.25, -0.7976]},
			"faces": {
				"north": {"uv": [0, 8.66667, 0.66667, 8], "texture": "#1"},
				"east": {"uv": [1.66666, 8.66667, 2, 9.33333], "texture": "#1"},
				"south": {"uv": [0.66667, 8.66667, 1.66666, 9.33333], "texture": "#1"},
				"west": {"uv": [0.33333, 8.66667, 0.66667, 9.33333], "texture": "#1"},
				"up": {"uv": [0.66667, 8.33333, 1.66666, 8.66667], "texture": "#1"},
				"down": {"uv": [1.66666, 8.33333, 2.66667, 8.66667], "texture": "#1"}
			}
		},
		{
			"from": [-3.5476, 1.5, -1.0476],
			"to": [1.4524, 5.5, 3.9524],
			"rotation": {"angle": -22.5, "axis": "y", "origin": [-3.0476, 2.25, -0.7976]},
			"faces": {
				"north": {"uv": [5, 3, 6.66667, 1.66667], "texture": "#1"},
				"east": {"uv": [3.33333, 1.66667, 5, 3], "texture": "#1"},
				"south": {"uv": [1.66667, 1.66667, 3.33333, 3], "texture": "#1"},
				"west": {"uv": [0, 1.66667, 1.66667, 3], "texture": "#1"},
				"up": {"uv": [1.66667, 0, 3.33333, 1.66667], "texture": "#1"},
				"down": {"uv": [3.33333, 0, 5, 1.66667], "texture": "#1"}
			}
		},
		{
			"from": [-3.0476, 5.5, -1.0476],
			"to": [-2.0476, 6.5, 0.9524],
			"rotation": {"angle": -22.5, "axis": "y", "origin": [-3.0476, 2.25, -0.7976]},
			"faces": {
				"north": {"uv": [1.66667, 4.33333, 2, 4], "texture": "#1"},
				"east": {"uv": [1, 4, 1.66667, 4.33333], "texture": "#1"},
				"south": {"uv": [0.66667, 4, 1, 4.33333], "texture": "#1"},
				"west": {"uv": [0, 4, 0.66667, 4.33333], "texture": "#1"},
				"up": {"uv": [0.66667, 3.66667, 1.33333, 4], "texture": "#1"},
				"down": {"uv": [0, 3.33333, 0.66667, 4], "texture": "#1"}
			}
		},
		{
			"from": [-0.0476, 5.5, -1.0476],
			"to": [0.9524, 6.5, 0.9524],
			"rotation": {"angle": -22.5, "axis": "y", "origin": [-3.0476, 2.25, -0.7976]},
			"faces": {
				"north": {"uv": [3.66667, 4.33333, 4, 4], "texture": "#1"},
				"east": {"uv": [3, 4, 3.66667, 4.33333], "texture": "#1"},
				"south": {"uv": [2.66667, 4, 3, 4.33333], "texture": "#1"},
				"west": {"uv": [2, 4, 2.66667, 4.33333], "texture": "#1"},
				"up": {"uv": [2.66667, 3.66667, 3.33333, 4], "texture": "#1"},
				"down": {"uv": [2, 3.33333, 2.66667, 4], "texture": "#1"}
			}
		},
		{
			"from": [0, 0, 0],
			"to": [16, 4, 6],
			"rotation": {"angle": 0, "axis": "y", "origin": [7.5, 3.25, 6.5]},
			"faces": {
				"north": {"uv": [12, 7.33333, 13.33333, 2], "rotation": 270, "texture": "#1"},
				"east": {"uv": [10, 0, 11.33333, 2], "rotation": 90, "texture": "#1"},
				"south": {"uv": [8.66667, 2, 10, 7.33333], "rotation": 270, "texture": "#1"},
				"west": {"uv": [8.66667, 0, 10, 2], "rotation": 270, "texture": "#1"},
				"up": {"uv": [10, 2, 12, 7.33333], "rotation": 270, "texture": "#1"},
				"down": {"uv": [6.66667, 2, 8.66667, 7.33333], "rotation": 270, "texture": "#1"}
			}
		},
		{
			"from": [-8, -0.25, 0],
			"to": [2, 1.75, 2],
			"rotation": {"angle": 22.5, "axis": "y", "origin": [3, 0.75, 1]},
			"faces": {
				"north": {"uv": [14, 0.66667, 14.66667, 4], "rotation": 270, "texture": "#1"},
				"east": {"uv": [14, 0, 14.66667, 0.66667], "rotation": 270, "texture": "#1"},
				"south": {"uv": [15.33333, 0.66667, 16, 4], "rotation": 90, "texture": "#1"},
				"west": {"uv": [14.66667, 0.66667, 15.33333, 0], "rotation": 270, "texture": "#1"},
				"up": {"uv": [14.66667, 0.66667, 15.33333, 4], "rotation": 90, "texture": "#1"},
				"down": {"uv": [13.33333, 0.66667, 14, 4], "rotation": 90, "texture": "#1"}
			}
		},
		{
			"from": [2, -0.25, 2],
			"to": [4, 1.75, 12],
			"rotation": {"angle": -45, "axis": "y", "origin": [3, 0.75, 1]},
			"faces": {
				"north": {"uv": [14, 0, 14.66667, 0.66667], "rotation": 270, "texture": "#1"},
				"east": {"uv": [15.33333, 0.66667, 16, 4], "rotation": 90, "texture": "#1"},
				"south": {"uv": [14.66667, 0.66667, 15.33333, 0], "rotation": 270, "texture": "#1"},
				"west": {"uv": [14, 0.66667, 14.66667, 4], "rotation": 270, "texture": "#1"},
				"up": {"uv": [14.66667, 0.66667, 15.33333, 4], "texture": "#1"},
				"down": {"uv": [13.33333, 0.66667, 14, 4], "rotation": 180, "texture": "#1"}
			}
		},
		{
			"from": [14, 1.75, 4.5],
			"to": [16, 3.75, 10.5],
			"rotation": {"angle": 22.5, "axis": "y", "origin": [15, 1, 7]},
			"faces": {
				"north": {"uv": [3.33333, 4.33333, 4, 5], "rotation": 270, "texture": "#1"},
				"east": {"uv": [4.66667, 5, 5.33333, 7], "rotation": 90, "texture": "#1"},
				"south": {"uv": [4, 5, 4.66667, 4.33333], "rotation": 270, "texture": "#1"},
				"west": {"uv": [3.33333, 5, 4, 7], "rotation": 270, "texture": "#1"},
				"up": {"uv": [4, 5, 4.66667, 7], "texture": "#1"},
				"down": {"uv": [2.66667, 5, 3.33333, 7], "rotation": 180, "texture": "#1"}
			}
		},
		{
			"from": [13, -0.25, 4],
			"to": [15, 1.75, 10],
			"rotation": {"angle": 45, "axis": "y", "origin": [14, 0.75, 4]},
			"faces": {
				"north": {"uv": [3.33333, 4.33333, 4, 5], "rotation": 270, "texture": "#1"},
				"east": {"uv": [4.66667, 5, 5.33333, 7], "rotation": 90, "texture": "#1"},
				"south": {"uv": [4, 5, 4.66667, 4.33333], "rotation": 270, "texture": "#1"},
				"west": {"uv": [3.33333, 5, 4, 7], "rotation": 270, "texture": "#1"},
				"up": {"uv": [4, 5, 4.66667, 7], "texture": "#1"},
				"down": {"uv": [2.66667, 5, 3.33333, 7], "rotation": 180, "texture": "#1"}
			}
		},
		{
			"from": [16, 1.5, 0],
			"to": [24, 2.5, 1],
			"rotation": {"angle": -45, "axis": "y", "origin": [16, 2, 0.5]},
			"faces": {
				"north": {"uv": [0.66667, 5.33333, 1, 8], "texture": "#1"},
				"east": {"uv": [0.33333, 5.33333, 0.66667, 5], "texture": "#1"},
				"south": {"uv": [0, 5.33333, 0.33333, 8], "texture": "#1"},
				"west": {"uv": [0.66667, 5.33333, 1, 5], "texture": "#1"},
				"up": {"uv": [0.33333, 5.33333, 0.66667, 8], "rotation": 270, "texture": "#1"},
				"down": {"uv": [1.33333, 5.33333, 1, 8], "rotation": 90, "texture": "#1"}
			}
		},
		{
			"from": [21, 1.5, 5.75],
			"to": [22, 2.5, 13.75],
			"rotation": {"angle": 0, "axis": "y", "origin": [21.5, 2, 9]},
			"faces": {
				"north": {"uv": [1.66667, 5.33333, 2, 5], "texture": "#1"},
				"east": {"uv": [1.33333, 5.33333, 1.66667, 8], "rotation": 90, "texture": "#1"},
				"south": {"uv": [2, 5.33333, 2.33333, 5], "texture": "#1"},
				"west": {"uv": [2, 5.33333, 2.33333, 8], "rotation": 270, "texture": "#1"},
				"up": {"uv": [1.66667, 5.33333, 2, 8], "texture": "#1"},
				"down": {"uv": [2.66667, 5.33333, 2.33333, 8], "rotation": 180, "texture": "#1"}
			}
		}
	],
	"display": {
		"thirdperson_righthand": {
			"translation": [-5, 6.25, 6.25],
			"scale": [0.75, 0.75, 0.75]
		},
		"thirdperson_lefthand": {
			"translation": [-5, 6.25, 6.25],
			"scale": [0.75, 0.75, 0.75]
		},
		"firstperson_righthand": {
			"translation": [-5, 6.25, 6.25],
			"scale": [0.75, 0.75, 0.75]
		},
		"firstperson_lefthand": {
			"translation": [-8.5, 6.25, 6.25],
			"scale": [0.75, 0.75, 0.75]
		},
		"ground": {
			"translation": [0, 4.5, 2],
			"scale": [0.75, 0.75, 0.75]
		},
		"gui": {
			"rotation": [45, -35, 0],
			"translation": [-0.5, 2, 0],
			"scale": [0.65, 0.65, 0.65]
		},
		"head": {
			"rotation": [0, 180, 0],
			"translation": [-1, 4.5, 0],
			"scale": [1.25, 1.25, 1.25]
		},
		"fixed": {
			"rotation": [-90, 0, 0],
			"translation": [0, 9.25, -16],
			"scale": [2, 2, 2]
		}
	},
	"groups": [
		{
			"name": "group",
			"origin": [0, 0, 0],
			"color": 0,
			"children": [0, 1, 2, 3]
		},
		4,
		5,
		6,
		7,
		8,
		{
			"name": "group",
			"origin": [7.5, 1.7807, -5.10826],
			"color": 0,
			"children": [9, 10]
		}
	]
}