{
	"credit": "Сделано Веббером специально для MoreDeco https://modrinth.com/resourcepack/moredeco mc _Webber_3",
	"textures": {
		"1": "item/carved_pumpkin/halloween/magic_colpak"
	},
	"elements": [
		{
			"from": [7, 10.81192, 10.10303],
			"to": [9, 12.81192, 12.10303],
			"rotation": {"angle": -22.5, "axis": "x", "origin": [8, 10.90659, 10.12626]},
			"faces": {
				"north": {"uv": [6.33333, 1, 7, 1.66667], "rotation": 180, "texture": "#1"},
				"east": {"uv": [3.66667, 1.33334, 4.33334, 2], "rotation": 180, "texture": "#1"},
				"south": {"uv": [3.66667, 2, 4.33333, 1.33333], "texture": "#1"},
				"west": {"uv": [3.66666, 1.33334, 4.33333, 2], "rotation": 180, "texture": "#1"},
				"up": {"uv": [3.66667, 2.66667, 4.33333, 3.33333], "rotation": 180, "texture": "#1"},
				"down": {"uv": [9, 2.66667, 9.66667, 3.33333], "texture": "#1"}
			}
		},
		{
			"from": [7.5, 11.31192, 12.12435],
			"to": [8.5, 12.31192, 13.12435],
			"rotation": {"angle": -22.5, "axis": "x", "origin": [8, 10.90659, 10.12626]},
			"faces": {
				"north": {"uv": [6.33333, 1, 7, 1.66667], "rotation": 180, "texture": "#1"},
				"east": {"uv": [3.66667, 1.33334, 4.33334, 2], "rotation": 180, "texture": "#1"},
				"south": {"uv": [3.66667, 2, 4.33333, 1.33333], "texture": "#1"},
				"west": {"uv": [3.66666, 1.33334, 4.33333, 2], "rotation": 180, "texture": "#1"},
				"up": {"uv": [4.66667, 1, 5.33333, 1.66666], "texture": "#1"},
				"down": {"uv": [9, 2.66667, 9.66667, 3.33333], "texture": "#1"}
			}
		},
		{
			"from": [6.5, 8.63801, 7.93267],
			"to": [9.5, 11.63801, 10.93267],
			"rotation": {"angle": 45, "axis": "x", "origin": [8, 10.90659, 10.12626]},
			"faces": {
				"north": {"uv": [3.33334, 3, 4.33333, 4], "texture": "#1"},
				"east": {"uv": [5.66667, 2.66667, 4.66667, 3.66666], "texture": "#1"},
				"south": {"uv": [9, 3, 10, 4], "texture": "#1"},
				"west": {"uv": [4.66666, 2.66667, 5.66667, 3.66666], "texture": "#1"},
				"up": {"uv": [3.33334, 2, 3.66666, 1], "texture": "#1"},
				"down": {"uv": [6, 1, 7, 2], "texture": "#1"}
			}
		},
		{
			"from": [6, 7, 7],
			"to": [10, 10, 11],
			"rotation": {"angle": 22.5, "axis": "x", "origin": [8, 10.90659, 10.12626]},
			"faces": {
				"north": {"uv": [3.33334, 2.66667, 4.33333, 3.66666], "texture": "#1"},
				"east": {"uv": [1, 4.33334, 2.33334, 5.33333], "texture": "#1"},
				"south": {"uv": [8.66667, 4, 10, 5], "texture": "#1"},
				"west": {"uv": [5.66666, 4.33334, 7, 5.33333], "texture": "#1"},
				"up": {"uv": [3.66667, 2.33334, 4.33333, 1], "texture": "#1"},
				"down": {"uv": [5.33333, 0, 8, 2.66667], "texture": "#1"}
			}
		},
		{
			"from": [5.5, 6, 5.5],
			"to": [10.5, 9, 10.5],
			"faces": {
				"north": {"uv": [3, 3, 4.66666, 4], "texture": "#1"},
				"east": {"uv": [0.66667, 5, 2.33334, 6], "texture": "#1"},
				"south": {"uv": [8.33333, 5, 10, 6], "texture": "#1"},
				"west": {"uv": [5.66666, 5, 7.33333, 6], "texture": "#1"},
				"up": {"uv": [1, 1.66667, 2.66666, 0], "texture": "#1"},
				"down": {"uv": [5.33333, 0, 8, 2.66667], "texture": "#1"}
			}
		},
		{
			"from": [5, 3, 5],
			"to": [11, 6, 11],
			"faces": {
				"north": {"uv": [3, 6, 5, 7], "texture": "#1"},
				"east": {"uv": [0.33333, 6, 2.33334, 7], "texture": "#1"},
				"south": {"uv": [8.33333, 6, 10.33334, 7], "texture": "#1"},
				"west": {"uv": [5.66666, 6, 7.66667, 7], "texture": "#1"},
				"up": {"uv": [3, 4, 5, 6], "texture": "#1"},
				"down": {"uv": [5.33333, 0, 8, 2.66667], "texture": "#1"}
			}
		},
		{
			"from": [4.5, 1, 4.5],
			"to": [11.5, 3, 11.5],
			"faces": {
				"north": {"uv": [2.66667, 7, 5.33333, 7.66666], "texture": "#1"},
				"east": {"uv": [0, 7, 2.66667, 7.66666], "texture": "#1"},
				"south": {"uv": [8, 7, 10.66667, 7.66666], "texture": "#1"},
				"west": {"uv": [5.33333, 7, 8, 7.66666], "texture": "#1"},
				"up": {"uv": [3.66667, 7.66667, 4.33333, 7], "texture": "#1"},
				"down": {"uv": [13.33333, 13.33333, 16, 16], "texture": "#1"}
			}
		},
		{
			"from": [2, 0, 2],
			"to": [14, 1, 14],
			"faces": {
				"north": {"uv": [4, 15.66667, 8, 16], "texture": "#1"},
				"east": {"uv": [0, 15.66667, 4, 16], "texture": "#1"},
				"south": {"uv": [12, 15.66667, 16, 16], "texture": "#1"},
				"west": {"uv": [8, 15.66667, 12, 16], "texture": "#1"},
				"up": {"uv": [4, 15.66667, 8, 11.66667], "texture": "#1"},
				"down": {"uv": [8, 11.66667, 12, 15.66667], "texture": "#1"}
			}
		}
	],
	"display": {
		"thirdperson_righthand": {
			"translation": [-2.75, 6.25, 0],
			"scale": [0.75, 0.75, 0.75]
		},
		"thirdperson_lefthand": {
			"translation": [-2.75, 6.25, 0],
			"scale": [0.75, 0.75, 0.75]
		},
		"firstperson_righthand": {
			"translation": [1.75, 3, 0],
			"scale": [0.75, 0.75, 0.75]
		},
		"firstperson_lefthand": {
			"rotation": [0, 180, 0],
			"translation": [1.75, 3, 0],
			"scale": [0.75, 0.75, 0.75]
		},
		"ground": {
			"translation": [0, 3, 0],
			"scale": [0.75, 0.75, 0.75]
		},
		"gui": {
			"rotation": [45, -135, 0],
			"translation": [0, 2.5, 0],
			"scale": [0.9, 0.9, 0.9]
		},
		"head": {
			"translation": [0, 18, 0],
			"scale": [1.65, 1.65, 1.65]
		},
		"fixed": {
			"rotation": [-90, 0, 0],
			"translation": [0, 0, -16],
			"scale": [2.01, 2.01, 2.01]
		}
	}
}