{
	"format_version": "1.21.6",
	"credit": "Сделано Веббером специально для MoreDeco https://modrinth.com/resourcepack/moredeco mc _Webber_3",
	"textures": {
		"0": "item/shield/brutal_shield",
		"particle": "item/shield/brutal_shield"
	},
	"elements": [
		{
			"from": [6, 6, 4],
			"to": [10, 10, 12],
			"rotation": {"angle": 0, "axis": "x", "origin": [8, 8, 8.5]},
			"faces": {
				"north": {"uv": [8, 2, 12, 6], "rotation": 270, "texture": "#0"},
				"east": {"uv": [8, 6, 12, 14], "rotation": 270, "texture": "#0"},
				"south": {"uv": [8, 2, 12, 6], "rotation": 90, "texture": "#0"},
				"west": {"uv": [0, 6, 4, 14], "rotation": 90, "texture": "#0"},
				"up": {"uv": [12, 6, 16, 14], "rotation": 180, "texture": "#0"},
				"down": {"uv": [4, 6, 8, 14], "texture": "#0"}
			}
		},
		{
			"from": [10, 10, 13],
			"to": [6, 6, 5],
			"rotation": {"angle": 0, "axis": "x", "origin": [8, 8, 8.5]},
			"faces": {
				"north": {"uv": [8, 2, 12, 6], "rotation": 90, "texture": "#0"},
				"east": {"uv": [0, 13, 4, 5], "rotation": 270, "texture": "#0"},
				"south": {"uv": [8, 2, 12, 6], "rotation": 270, "texture": "#0"},
				"west": {"uv": [8, 13, 12, 5], "rotation": 90, "texture": "#0"},
				"up": {"uv": [4, 13, 8, 5], "rotation": 180, "texture": "#0"},
				"down": {"uv": [12, 13, 16, 5], "texture": "#0"}
			}
		}
	],
	"gui_light": "front",
	"display": {
		"thirdperson_righthand": {
			"translation": [0, -2, 4.5],
			"scale": [1.2, 1.2, 1.2]
		},
		"thirdperson_lefthand": {
			"rotation": [0, 0, -180],
			"translation": [0, -2, 4.5],
			"scale": [1.2, 1.2, 1.2]
		},
		"firstperson_righthand": {
			"rotation": [-50, 0, 90],
			"translation": [4, -0.25, 1.25]
		},
		"firstperson_lefthand": {
			"rotation": [-50, 0, -90],
			"translation": [4, -0.25, 1.25]
		},
		"gui": {
			"rotation": [110, -180, 45],
			"scale": [1.5, 1.5, 1.5]
		},
		"head": {
			"rotation": [90, -180, -90],
			"scale": [3.5, 3.5, 1]
		},
		"fixed": {
			"rotation": [0, 90, 0],
			"translation": [-2, 0, -4.25],
			"scale": [2.5, 2.5, 2.5]
		}
	}
}