{
	"format_version": "1.21.6",
	"credit": "Сделано Веббером специально для MoreDeco https://modrinth.com/resourcepack/moredeco mc _Webber_3",
	"textures": {
		"0": "item/shield/rim_shield",
		"particle": "item/shield/rim_shield"
	},
	"elements": [
		{
			"from": [6, 0, 7.5],
			"to": [10, 0.5, 8],
			"faces": {
				"north": {"uv": [12.25, 11.25, 10.25, 11.5], "texture": "#0"},
				"east": {"uv": [12, 11.5, 12.25, 11.25], "texture": "#0"},
				"south": {"uv": [5.5, 11.25, 7.5, 11.5], "texture": "#0"},
				"west": {"uv": [10.25, 11.5, 10.5, 11.25], "texture": "#0"},
				"up": {"uv": [16, 16, 16, 16], "texture": "#0"},
				"down": {"uv": [10.25, 11.5, 12.25, 11.25], "texture": "#0"}
			}
		},
		{
			"from": [5.5, 0.5, 7.5],
			"to": [10.5, 1, 8],
			"faces": {
				"north": {"uv": [12.5, 11, 10, 11.25], "texture": "#0"},
				"east": {"uv": [12.5, 11.25, 12.25, 11], "texture": "#0"},
				"south": {"uv": [5.25, 11, 7.75, 11.25], "texture": "#0"},
				"west": {"uv": [10, 11, 10.25, 11.25], "texture": "#0"},
				"up": {"uv": [16, 16, 16, 16], "texture": "#0"},
				"down": {"uv": [10, 11.25, 12.5, 11], "texture": "#0"}
			}
		},
		{
			"from": [12, 5.5, 7.5],
			"to": [12.5, 8.5, 8],
			"faces": {
				"north": {"uv": [8.75, 7.25, 8.5, 8.75], "texture": "#0"},
				"east": {"uv": [13.5, 7.25, 13.25, 8.75], "texture": "#0"},
				"south": {"uv": [8.5, 7.25, 8.75, 8.75], "texture": "#0"},
				"west": {"uv": [16, 16, 16, 16], "texture": "#0"},
				"up": {"uv": [13.5, 7.25, 13.25, 7.5], "rotation": 270, "texture": "#0"},
				"down": {"uv": [13.5, 8.75, 13.25, 8.5], "texture": "#0"}
			}
		},
		{
			"from": [11.5, 3, 7.5],
			"to": [12, 11, 8],
			"faces": {
				"north": {"uv": [13.25, 6, 13, 10], "texture": "#0"},
				"east": {"uv": [13.25, 6, 13, 10], "texture": "#0"},
				"south": {"uv": [8.25, 6, 8.5, 10], "texture": "#0"},
				"west": {"uv": [16, 16, 16, 16], "texture": "#0"},
				"up": {"uv": [8.5, 6.5, 8.25, 6], "texture": "#0"},
				"down": {"uv": [8.25, 10, 8.5, 9.75], "texture": "#0"}
			}
		},
		{
			"from": [11, 2, 7.5],
			"to": [11.5, 12, 8],
			"faces": {
				"north": {"uv": [13, 5.5, 12.75, 10.5], "texture": "#0"},
				"east": {"uv": [13, 5.5, 12.75, 10.5], "texture": "#0"},
				"south": {"uv": [8, 5.5, 8.25, 10.5], "texture": "#0"},
				"west": {"uv": [16, 16, 16, 16], "texture": "#0"},
				"up": {"uv": [8.25, 5.75, 8, 5.5], "texture": "#0"},
				"down": {"uv": [8, 10.5, 8.25, 10.25], "texture": "#0"}
			}
		},
		{
			"from": [5, 1, 7.5],
			"to": [11, 13, 8],
			"faces": {
				"north": {"uv": [12.75, 5, 9.75, 11], "texture": "#0"},
				"east": {"uv": [12.75, 5, 12.5, 11], "texture": "#0"},
				"south": {"uv": [5, 5, 8, 11], "texture": "#0"},
				"west": {"uv": [10, 5, 9.75, 11], "texture": "#0"},
				"up": {"uv": [12.75, 5.25, 9.75, 5], "texture": "#0"},
				"down": {"uv": [9.75, 11, 12.75, 10.75], "texture": "#0"}
			}
		},
		{
			"from": [4.5, 2, 7.5],
			"to": [5, 12, 8],
			"faces": {
				"north": {"uv": [9.75, 5.5, 9.5, 10.5], "texture": "#0"},
				"east": {"uv": [16, 16, 16, 16], "texture": "#0"},
				"south": {"uv": [4.75, 5.5, 5, 10.5], "texture": "#0"},
				"west": {"uv": [9.75, 5.5, 9.5, 10.5], "texture": "#0"},
				"up": {"uv": [9.75, 5.75, 9.5, 5.5], "texture": "#0"},
				"down": {"uv": [9.75, 10.5, 9.5, 10.25], "texture": "#0"}
			}
		},
		{
			"from": [4, 3, 7.5],
			"to": [4.5, 11, 8],
			"faces": {
				"north": {"uv": [9.5, 6, 9.25, 10], "texture": "#0"},
				"east": {"uv": [16, 16, 16, 16], "texture": "#0"},
				"south": {"uv": [4.5, 6, 4.75, 10], "texture": "#0"},
				"west": {"uv": [9.5, 6, 9.25, 10], "texture": "#0"},
				"up": {"uv": [9.5, 6.25, 9.25, 6], "texture": "#0"},
				"down": {"uv": [9.5, 10, 9.25, 9.75], "texture": "#0"}
			}
		},
		{
			"from": [3.5, 5.5, 7.5],
			"to": [4, 8.5, 8],
			"faces": {
				"north": {"uv": [4.5, 7.25, 4.25, 8.75], "texture": "#0"},
				"east": {"uv": [16, 16, 16, 16], "texture": "#0"},
				"south": {"uv": [4.25, 7.25, 4.5, 8.75], "texture": "#0"},
				"west": {"uv": [9.25, 8.75, 9, 7.25], "texture": "#0"},
				"up": {"uv": [9.25, 7.5, 9, 7.25], "texture": "#0"},
				"down": {"uv": [9.25, 8.5, 9, 8.75], "texture": "#0"}
			}
		},
		{
			"from": [5.5, 13, 7.5],
			"to": [10.5, 13.5, 8],
			"faces": {
				"north": {"uv": [12.5, 4.75, 10, 5], "texture": "#0"},
				"east": {"uv": [12.5, 4.75, 12.25, 5], "texture": "#0"},
				"south": {"uv": [5.25, 4.75, 7.75, 5], "texture": "#0"},
				"west": {"uv": [10, 4.75, 10.25, 5], "texture": "#0"},
				"up": {"uv": [12.5, 5, 10, 4.75], "texture": "#0"},
				"down": {"uv": [16, 16, 16, 16], "texture": "#0"}
			}
		},
		{
			"from": [6, 13.5, 7.5],
			"to": [10, 14, 8],
			"faces": {
				"north": {"uv": [7.5, 4.5, 5.5, 4.75], "texture": "#0"},
				"east": {"uv": [12, 4.5, 12.25, 4.75], "texture": "#0"},
				"south": {"uv": [5.5, 4.5, 7.5, 4.75], "texture": "#0"},
				"west": {"uv": [10.5, 4.5, 10.25, 4.75], "texture": "#0"},
				"up": {"uv": [12.25, 4.75, 10.25, 4.5], "texture": "#0"},
				"down": {"uv": [16, 16, 16, 16], "texture": "#0"}
			}
		},
		{
			"from": [7.5, 5.5, 4.5],
			"to": [8.5, 8.5, 7.5],
			"faces": {
				"north": {"uv": [2.25, 4, 2.75, 5.5], "texture": "#0"},
				"east": {"uv": [2.75, 4, 4.25, 5.5], "texture": "#0"},
				"south": {"uv": [2.75, 4, 2.25, 5.5], "texture": "#0"},
				"west": {"uv": [2.75, 4, 4.25, 5.5], "texture": "#0"},
				"up": {"uv": [2.75, 4, 2.25, 5.5], "texture": "#0"},
				"down": {"uv": [2.75, 4, 2.25, 5.5], "texture": "#0"}
			}
		}
	],
	"display": {
		"thirdperson_righthand": {
			"rotation": [0, 90, 0],
			"translation": [4, 0, 3],
			"scale": [2, 2, 2]
		},
		"thirdperson_lefthand": {
			"rotation": [0, 90, 0],
			"translation": [4, 0, 3],
			"scale": [2, 2, 2]
		},
		"firstperson_righthand": {
			"rotation": [-9, -180, -4],
			"translation": [9, -7.5, -2.5],
			"scale": [2, 2, 2]
		},
		"firstperson_lefthand": {
			"rotation": [-9, -180, -4],
			"translation": [9, -7.5, -2.5],
			"scale": [2, 2, 2]
		},
		"ground": {
			"translation": [0, 4.5, 0]
		},
		"gui": {
			"rotation": [10, -45, -5],
			"translation": [0, 1, -10],
			"scale": [1.1, 1.1, 1.1]
		},
		"head": {
			"rotation": [0, 1.5, 11],
			"translation": [0, -11.75, 7.5],
			"scale": [2, 2, 2]
		},
		"fixed": {
			"rotation": [0, -180, 0],
			"translation": [0, 0, -6],
			"scale": [4, 4, 4]
		}
	}
}