{
	"credit": "Сделано Веббером специально для MoreDeco https://modrinth.com/resourcepack/moredeco mc _Webber_3",
	"texture_size": [32, 32],
	"textures": {
		"2": "item/carved_pumpkin/profesions/farmer_hat",
		"particle": "item/carved_pumpkin/profesions/farmer_hat"
	},
	"elements": [
		{
			"from": [0, 7, 0],
			"to": [16, 7, 16],
			"faces": {
				"north": {"uv": [0, 0, 6, 0], "texture": "#2"},
				"east": {"uv": [0, 0, 6, 0], "texture": "#2"},
				"south": {"uv": [0, 0, 6, 0], "texture": "#2"},
				"west": {"uv": [0, 0, 6, 0], "texture": "#2"},
				"up": {"uv": [0, 8, 8, 16], "rotation": 270, "texture": "#2"},
				"down": {"uv": [8, 8, 0, 16], "rotation": 270, "texture": "#2"}
			}
		},
		{
			"from": [4, 7, 4],
			"to": [12, 11, 12],
			"faces": {
				"north": {"uv": [8, 4, 12, 6], "texture": "#2"},
				"east": {"uv": [4, 4, 8, 6], "texture": "#2"},
				"south": {"uv": [0, 4, 4, 6], "texture": "#2"},
				"west": {"uv": [12, 4, 16, 6], "texture": "#2"},
				"up": {"uv": [8, 4, 4, 0], "rotation": 90, "texture": "#2"},
				"down": {"uv": [16, 12, 12, 16], "texture": "#2"}
			}
		},
		{
			"from": [4, 11, 4],
			"to": [12, 13, 12],
			"faces": {
				"north": {"uv": [8, 6.5, 12, 7.5], "texture": "#2"},
				"east": {"uv": [4, 6.5, 8, 7.5], "texture": "#2"},
				"south": {"uv": [0, 6.5, 4, 7.5], "texture": "#2"},
				"west": {"uv": [12, 6.5, 16, 7.5], "texture": "#2"},
				"up": {"uv": [16, 16, 12, 12], "rotation": 90, "texture": "#2"},
				"down": {"uv": [16, 12, 12, 16], "texture": "#2"}
			}
		},
		{
			"from": [4, 11, 12],
			"to": [12, 13, 4],
			"rotation": {"angle": 0, "axis": "y", "origin": [8, 12, 8]},
			"faces": {
				"north": {"uv": [4, 6.5, 0, 7.5], "texture": "#2"},
				"east": {"uv": [8, 6.5, 4, 7.5], "texture": "#2"},
				"south": {"uv": [12, 6.5, 8, 7.5], "texture": "#2"},
				"west": {"uv": [16, 6.5, 12, 7.5], "texture": "#2"},
				"up": {"uv": [16, 16, 12, 12], "rotation": 270, "texture": "#2"},
				"down": {"uv": [16, 12, 12, 16], "rotation": 180, "texture": "#2"}
			}
		},
		{
			"from": [4, 7, 12],
			"to": [12, 11, 4],
			"faces": {
				"north": {"uv": [0, 4, 4, 5], "texture": "#2"},
				"east": {"uv": [0, 4, 4, 5], "texture": "#2"},
				"south": {"uv": [0, 4, 4, 5], "texture": "#2"},
				"west": {"uv": [0, 4, 4, 5], "texture": "#2"},
				"up": {"uv": [8, 4, 4, 0], "texture": "#2"},
				"down": {"uv": [16, 12, 12, 16], "texture": "#2"}
			}
		},
		{
			"from": [4, 8, 4],
			"to": [12, 8, 12],
			"faces": {
				"north": {"uv": [0, 4, 4, 6], "texture": "#2"},
				"east": {"uv": [0, 4, 4, 6], "texture": "#2"},
				"south": {"uv": [0, 4, 4, 6], "texture": "#2"},
				"west": {"uv": [0, 4, 4, 6], "texture": "#2"},
				"up": {"uv": [8, 4, 4, 0], "texture": "#2"},
				"down": {"uv": [12, 0, 8, 4], "rotation": 270, "texture": "#2"}
			}
		}
	],
	"display": {
		"thirdperson_righthand": {
			"translation": [0, 1, 0]
		},
		"thirdperson_lefthand": {
			"translation": [0, 1, 0]
		},
		"firstperson_righthand": {
			"translation": [0.75, 0, 0],
			"scale": [0.75, 0.75, 0.75]
		},
		"firstperson_lefthand": {
			"translation": [0.75, 0, 0],
			"scale": [0.75, 0.75, 0.75]
		},
		"gui": {
			"rotation": [45, 45, 0],
			"scale": [0.8, 0.8, 0.8]
		},
		"head": {
			"translation": [0, 6.5, 0],
			"scale": [1.65, 1.65, 1.65]
		},
		"fixed": {
			"rotation": [-90, 0, 0],
			"translation": [0, 0, -2.1],
			"scale": [2, 2, 2]
		}
	}
}