{
	"credit": "Сделано Веббером специально для MoreDeco https://modrinth.com/resourcepack/moredeco mc _Webber_3",
	"texture_size": [32, 32],
	"textures": {
		"1": "item/carved_pumpkin/profesions/matros"
	},
	"elements": [
		{
			"from": [3, 8, 3],
			"to": [13, 11, 13],
			"faces": {
				"north": {"uv": [9, 4.5, 14, 6], "texture": "#1"},
				"east": {"uv": [9, 0, 14, 1.5], "texture": "#1"},
				"south": {"uv": [9, 1.5, 14, 3], "texture": "#1"},
				"west": {"uv": [9, 3, 14, 4.5], "texture": "#1"},
				"up": {"uv": [5, 5, 0, 0], "texture": "#1"},
				"down": {"uv": [5, 5, 0, 10], "texture": "#1"}
			}
		},
		{
			"from": [4, 7, 4],
			"to": [12, 8, 12],
			"faces": {
				"north": {"uv": [9, 6, 13, 6.5], "texture": "#1"},
				"east": {"uv": [9, 6.5, 13, 7], "texture": "#1"},
				"south": {"uv": [9, 7, 13, 7.5], "texture": "#1"},
				"west": {"uv": [9, 7.5, 13, 8], "texture": "#1"},
				"up": {"uv": [9, 4, 5, 0], "texture": "#1"},
				"down": {"uv": [9, 4, 5, 8], "texture": "#1"}
			}
		},
		{
			"from": [4, 1, 12],
			"to": [6, 7, 12],
			"rotation": {"angle": -22.5, "axis": "x", "origin": [5, 7, 12]},
			"faces": {
				"north": {"uv": [15, 6, 14, 3], "rotation": 180, "texture": "#1"},
				"east": {"uv": [9, 6.5, 13, 7], "rotation": 270, "texture": "#1"},
				"south": {"uv": [15, 3, 14, 6], "texture": "#1"},
				"west": {"uv": [9, 7.5, 13, 8], "rotation": 90, "texture": "#1"},
				"up": {"uv": [9, 6, 13, 6.5], "rotation": 180, "texture": "#1"},
				"down": {"uv": [9, 7, 13, 7.5], "texture": "#1"}
			}
		},
		{
			"from": [10, 1.22836, 13.14805],
			"to": [12, 7.22836, 13.14805],
			"rotation": {"angle": -22.5, "axis": "x", "origin": [11, 4.22836, 13.14805]},
			"faces": {
				"north": {"uv": [14, 6, 15, 3], "rotation": 180, "texture": "#1"},
				"east": {"uv": [9, 6.5, 13, 7], "rotation": 270, "texture": "#1"},
				"south": {"uv": [14, 3, 15, 6], "texture": "#1"},
				"west": {"uv": [9, 7.5, 13, 8], "rotation": 90, "texture": "#1"},
				"up": {"uv": [9, 6, 13, 6.5], "rotation": 180, "texture": "#1"},
				"down": {"uv": [9, 7, 13, 7.5], "texture": "#1"}
			}
		}
	],
	"display": {
		"thirdperson_righthand": {
			"translation": [0, 1, 0]
		},
		"thirdperson_lefthand": {
			"translation": [0, 1, 0]
		},
		"firstperson_righthand": {
			"translation": [0.75, 0, 0],
			"scale": [0.75, 0.75, 0.75]
		},
		"firstperson_lefthand": {
			"translation": [0.75, 0, 0],
			"scale": [0.75, 0.75, 0.75]
		},
		"ground": {
			"scale": [0.5, 0.5, 0.5]
		},
		"gui": {
			"rotation": [15, 45, 0],
			"translation": [0, 0.5, 0]
		},
		"head": {
			"translation": [0, 6.75, 0],
			"scale": [1.85, 1.85, 1.85]
		},
		"fixed": {
			"rotation": [-90, 0, 0],
			"translation": [0, 0, -2],
			"scale": [2, 2, 2]
		}
	}
}