{
	"credit": "Сделано Веббером специально для MoreDeco https://modrinth.com/resourcepack/moredeco mc _Webber_3",
	"texture_size": [32, 32],
	"textures": {
		"0": "item/carved_pumpkin/profesions/stroitel_hat",
		"particle": "item/carved_pumpkin/profesions/stroitel_hat"
	},
	"elements": [
		{
			"from": [7, 1, 3.5],
			"to": [9, 4.25, 12.5],
			"faces": {
				"north": {"uv": [5, 9.00001, 5.99999, 10.5], "texture": "#0"},
				"east": {"uv": [15, 15.00001, 16, 16], "texture": "#0"},
				"south": {"uv": [5, 10.50001, 6, 12], "texture": "#0"},
				"west": {"uv": [15, 15.00001, 16, 16], "texture": "#0"},
				"up": {"uv": [5, 9, 6, 4.5], "texture": "#0"},
				"down": {"uv": [15, 15, 16, 16], "texture": "#0"}
			}
		},
		{
			"from": [7, 1, 12.5],
			"to": [9, 4.25, 3.5],
			"rotation": {"angle": 0, "axis": "y", "origin": [8, 2.625, 8]},
			"faces": {
				"north": {"uv": [6, 10.50001, 5, 12], "texture": "#0"},
				"east": {"uv": [15, 15.00001, 16, 16], "texture": "#0"},
				"south": {"uv": [5.99999, 9.00001, 5, 10.5], "texture": "#0"},
				"west": {"uv": [15, 15.00001, 16, 16], "texture": "#0"},
				"up": {"uv": [6, 9, 5, 4.5], "rotation": 180, "texture": "#0"},
				"down": {"uv": [15, 15, 16, 16], "rotation": 180, "texture": "#0"}
			}
		},
		{
			"from": [4, 1, 4],
			"to": [12, 4, 12],
			"faces": {
				"north": {"uv": [5, 0, 9, 1.5], "texture": "#0"},
				"east": {"uv": [9, 1.5, 5, 3], "texture": "#0"},
				"south": {"uv": [5, 3, 9, 4.5], "texture": "#0"},
				"west": {"uv": [5, 1.5, 9, 3], "texture": "#0"},
				"up": {"uv": [4.5, 4.5, 0.5, 0.5], "texture": "#0"},
				"down": {"uv": [16, 15, 15, 16], "texture": "#0"}
			}
		},
		{
			"from": [3, 0, 3],
			"to": [13, 1, 13],
			"faces": {
				"north": {"uv": [0, 10.5, 5, 11], "texture": "#0"},
				"east": {"uv": [5, 10, 0, 10.5], "texture": "#0"},
				"south": {"uv": [0, 11, 5, 11.5], "texture": "#0"},
				"west": {"uv": [0, 10, 5, 10.5], "texture": "#0"},
				"up": {"uv": [5, 5, 0, 0], "texture": "#0"},
				"down": {"uv": [5, 5, 0, 10], "texture": "#0"}
			}
		}
	],
	"display": {
		"thirdperson_righthand": {
			"translation": [-2.75, 6.25, 0],
			"scale": [0.75, 0.75, 0.75]
		},
		"thirdperson_lefthand": {
			"translation": [-2.75, 6.25, 0],
			"scale": [0.75, 0.75, 0.75]
		},
		"firstperson_righthand": {
			"translation": [1.75, 3, 0],
			"scale": [0.75, 0.75, 0.75]
		},
		"firstperson_lefthand": {
			"translation": [1.75, 3, 0],
			"scale": [0.75, 0.75, 0.75]
		},
		"ground": {
			"translation": [0, 5, 0],
			"scale": [0.75, 0.75, 0.75]
		},
		"gui": {
			"rotation": [25, 135, 0],
			"translation": [0, 6, 0],
			"scale": [1.1, 1.1, 1.1]
		},
		"head": {
			"translation": [0, 18, 0],
			"scale": [1.65, 1.65, 1.65]
		},
		"fixed": {
			"rotation": [-90, 0, 0],
			"translation": [0, 0, -16],
			"scale": [2, 2, 2]
		}
	}
}