{
	"credit": "Сделано Веббером специально для MoreDeco https://modrinth.com/resourcepack/moredeco mc _Webber_3",
	"texture_size": [32, 32],
	"textures": {
		"0": "item/carved_pumpkin/mental/mental",
		"particle": "item/carved_pumpkin/mental/mental"
	},
	"elements": [
		{
			"from": [0, 0, 8],
			"to": [16, 16, 8],
			"faces": {
				"north": {"uv": [8, 0, 16, 8], "texture": "#0"},
				"east": {"uv": [8, 0, 8, 7], "texture": "#0"},
				"south": {"uv": [8, 0, 16, 8], "texture": "#0"},
				"west": {"uv": [8, 0, 8, 7], "texture": "#0"},
				"up": {"uv": [15, 0, 8, 0], "texture": "#0"},
				"down": {"uv": [15, 0, 8, 0], "texture": "#0"}
			}
		}
	],
	"display": {
		"thirdperson_righthand": {
			"translation": [0, -2, 0]
		},
		"thirdperson_lefthand": {
			"translation": [0, -2, 0]
		},
		"ground": {
			"rotation": [90, 0, 0]
		},
		"head": {
			"scale": [1.65, 1.65, 1.65]
		},
		"fixed": {
			"translation": [0, -10, -16],
			"scale": [2, 2, 2]
		}
	}
}