{
	"credit": "Сделано Веббером специально для MoreDeco https://modrinth.com/resourcepack/moredeco mc _Webber_3",
	"texture_size": [ 64, 64 ],
	"textures": {
		"1": "item/iron_ingot/eforium"
	},
	"elements": [
		{
			"from": [ 0, 2, 6 ],
			"to": [ 16, 18, 10 ],
			"faces": {
				"north": {
					"uv": [ 0, 0, 8, 8 ],
					"texture": "#1"
				},
				"east": {
					"uv": [ 14, 8, 12, 16 ],
					"texture": "#1"
				},
				"south": {
					"uv": [ 8, 0, 16, 8 ],
					"texture": "#1"
				},
				"west": {
					"uv": [ 14, 16, 16, 8 ],
					"rotation": 180,
					"texture": "#1"
				},
				"up": {
					"uv": [ 14, 16, 12, 8 ],
					"rotation": 270,
					"texture": "#1"
				},
				"down": {
					"uv": [ 16, 8, 14, 16 ],
					"rotation": 270,
					"texture": "#1"
				}
			}
		},
		{
			"from": [ 3, 14, 7 ],
			"to": [ 13, 16, 6 ],
			"faces": {
				"north": {
					"uv": [ 14.5, 1, 9.5, 2 ],
					"texture": "#1"
				},
				"east": {
					"uv": [ 15, 1, 14.5, 2 ],
					"texture": "#1"
				},
				"south": {
					"uv": [ 9.5, 11.5, 10.5, 12.5 ],
					"texture": "#1"
				},
				"west": {
					"uv": [ 9, 1, 9.5, 2 ],
					"texture": "#1"
				},
				"up": {
					"uv": [ 14.5, 1, 9.5, 0.5 ],
					"texture": "#1"
				},
				"down": {
					"uv": [ 6.5, 2, 1.5, 2.5 ],
					"texture": "#1"
				}
			}
		},
		{
			"from": [ 3, 4, 7 ],
			"to": [ 13, 6, 6 ],
			"faces": {
				"north": {
					"uv": [ 14.5, 6, 9.5, 7 ],
					"texture": "#1"
				},
				"east": {
					"uv": [ 15, 6, 14.5, 7 ],
					"texture": "#1"
				},
				"south": {
					"uv": [ 10, 12, 11, 13 ],
					"texture": "#1"
				},
				"west": {
					"uv": [ 9, 6, 9.5, 7 ],
					"texture": "#1"
				},
				"up": {
					"uv": [ 6.5, 6, 1.5, 5.5 ],
					"texture": "#1"
				},
				"down": {
					"uv": [ 14.5, 7, 9.5, 7.5 ],
					"texture": "#1"
				}
			}
		},
		{
			"from": [ 5, 9, 7 ],
			"to": [ 11, 11, 6 ],
			"faces": {
				"north": {
					"uv": [ 13.5, 3.5, 10.5, 4.5 ],
					"texture": "#1"
				},
				"east": {
					"uv": [ 2.5, 3.5, 2, 4.5 ],
					"texture": "#1"
				},
				"south": {
					"uv": [ 9.5, 12, 10.5, 13 ],
					"texture": "#1"
				},
				"west": {
					"uv": [ 13.5, 3.5, 14, 4.5 ],
					"texture": "#1"
				},
				"up": {
					"uv": [ 13.5, 3.5, 10.5, 3 ],
					"texture": "#1"
				},
				"down": {
					"uv": [ 13.5, 4.5, 10.5, 5 ],
					"texture": "#1"
				}
			}
		},
		{
			"from": [ 11, 6, 7 ],
			"to": [ 13, 14, 6 ],
			"faces": {
				"north": {
					"uv": [ 10.5, 2, 9.5, 6 ],
					"texture": "#1"
				},
				"east": {
					"uv": [ 9.5, 2, 9, 6 ],
					"texture": "#1"
				},
				"south": {
					"uv": [ 9.5, 12.5, 10.5, 13.5 ],
					"texture": "#1"
				},
				"west": {
					"uv": [ 2.5, 2, 3, 6 ],
					"texture": "#1"
				},
				"up": {
					"uv": [ 10.5, 13.5, 9.5, 12.5 ],
					"texture": "#1"
				},
				"down": {
					"uv": [ 10.5, 12.5, 9.5, 13.5 ],
					"texture": "#1"
				}
			}
		},
		{
			"from": [ -1, 0, 5 ],
			"to": [ 17, 2, 11 ],
			"faces": {
				"north": {
					"uv": [ 0, 15, 9, 16 ],
					"texture": "#1"
				},
				"east": {
					"uv": [ 0, 14, 3, 15 ],
					"texture": "#1"
				},
				"south": {
					"uv": [ 0, 15, 9, 16 ],
					"texture": "#1"
				},
				"west": {
					"uv": [ 0, 14, 3, 15 ],
					"texture": "#1"
				},
				"up": {
					"uv": [ 8, 11, 0, 8 ],
					"rotation": 180,
					"texture": "#1"
				},
				"down": {
					"uv": [ 8, 11, 0, 14 ],
					"texture": "#1"
				}
			}
		}
	],
	"display": {
		"thirdperson_righthand": {
			"translation": [ -4.25, 2, 0 ],
			"scale": [ 0.5, 0.5, 0.5 ]
		},
		"thirdperson_lefthand": {
			"translation": [ -4.25, 2, 0 ],
			"scale": [ 0.5, 0.5, 0.5 ]
		},
		"firstperson_righthand": {
			"translation": [ 1, 2, 0 ],
			"scale": [ 0.5, 0.5, 0.5 ]
		},
		"firstperson_lefthand": {
			"rotation": [ 0, 180, 0 ],
			"translation": [ 1, 2, 0 ],
			"scale": [ 0.5, 0.5, 0.5 ]
		},
		"ground": {
			"translation": [ 0, 1, 0 ],
			"scale": [ 0.5, 0.5, 0.5 ]
		},
		"gui": {
			"rotation": [ 0, 180, 0 ]
		},
		"head": {
			"translation": [ 0, 14.5, 0 ]
		},
		"fixed": {
			"rotation": [ -90, 0, 0 ],
			"translation": [ 0, 0, -14.25 ],
			"scale": [ 2.01, 2.01, 2.01 ]
		}
	},
	"groups": [
		0,
		{
			"name": "group",
			"origin": [ 0, 0, 0 ],
			"color": 0,
			"children": [ 1, 2, 3, 4 ]
		},
		5
	]
}