{
	"credit": "Сделано Веббером специально для MoreDeco https://modrinth.com/resourcepack/moredeco mc _Webber_3",
	"textures": {
		"0": "item/carved_pumpkin/winter/naushniki/naushniki_dst",
		"particle": "item/carved_pumpkin/winter/naushniki/naushniki_dst"
	},
	"elements": [
		{
			"from": [4, 4, 7],
			"to": [12, 6.5, 9],
			"rotation": {"angle": 0, "axis": "y", "origin": [8, 3.75, 8]},
			"faces": {
				"north": {"uv": [14, 14, 16, 16], "texture": "#0"},
				"east": {"uv": [0, 2, 2, 5], "texture": "#0"},
				"south": {"uv": [14, 14, 16, 16], "texture": "#0"},
				"west": {"uv": [2, 2, 0, 5], "texture": "#0"},
				"up": {"uv": [8, 2, 0, 0], "rotation": 180, "texture": "#0"},
				"down": {"uv": [16, 14, 14, 16], "rotation": 180, "texture": "#0"}
			}
		},
		{
			"from": [4, 4, 9],
			"to": [12, 6.5, 7],
			"rotation": {"angle": 0, "axis": "y", "origin": [8, 3.75, 8]},
			"faces": {
				"north": {"uv": [14, 14, 16, 16], "texture": "#0"},
				"east": {"uv": [2, 2, 0, 5], "texture": "#0"},
				"south": {"uv": [14, 14, 16, 16], "texture": "#0"},
				"west": {"uv": [0, 2, 2, 5], "texture": "#0"},
				"up": {"uv": [8, 0, 0, 2], "rotation": 180, "texture": "#0"},
				"down": {"uv": [16, 14, 14, 16], "rotation": 180, "texture": "#0"}
			}
		},
		{
			"from": [12, 0, 6],
			"to": [14, 4, 10],
			"rotation": {"angle": 0, "axis": "y", "origin": [8, 3.75, 8]},
			"faces": {
				"north": {"uv": [8, 2, 6, 6], "texture": "#0"},
				"east": {"uv": [6, 2, 2, 6], "texture": "#0"},
				"south": {"uv": [6, 2, 8, 6], "texture": "#0"},
				"west": {"uv": [0, 6, 4, 10], "texture": "#0"},
				"up": {"uv": [8, 2, 12, 0], "rotation": 270, "texture": "#0"},
				"down": {"uv": [8, 2, 12, 4], "rotation": 270, "texture": "#0"}
			}
		},
		{
			"from": [2, 0, 6],
			"to": [4, 4, 10],
			"rotation": {"angle": 0, "axis": "y", "origin": [8, 3.75, 8]},
			"faces": {
				"north": {"uv": [6, 2, 8, 6], "texture": "#0"},
				"east": {"uv": [0, 6, 4, 10], "texture": "#0"},
				"south": {"uv": [8, 2, 6, 6], "texture": "#0"},
				"west": {"uv": [2, 2, 6, 6], "texture": "#0"},
				"up": {"uv": [8, 0, 12, 2], "rotation": 270, "texture": "#0"},
				"down": {"uv": [8, 2, 12, 4], "rotation": 270, "texture": "#0"}
			}
		}
	],
	"display": {
		"thirdperson_righthand": {
			"translation": [-4.25, 5.25, 0],
			"scale": [0.75, 0.75, 0.75]
		},
		"thirdperson_lefthand": {
			"translation": [-4.25, 5.25, 0],
			"scale": [0.75, 0.75, 0.75]
		},
		"firstperson_righthand": {
			"rotation": [-10, 0, 0],
			"translation": [1.5, 5.25, 0],
			"scale": [0.75, 0.75, 0.75]
		},
		"firstperson_lefthand": {
			"rotation": [-10, 0, 0],
			"translation": [1.5, 5.25, 0],
			"scale": [0.75, 0.75, 0.75]
		},
		"ground": {
			"translation": [0, 4.5, 0],
			"scale": [0.75, 0.75, 0.75]
		},
		"gui": {
			"rotation": [40, -145, 0],
			"translation": [0, 4, 0]
		},
		"head": {
			"translation": [0, 10, 0],
			"scale": [1.75, 1.75, 1.75]
		},
		"fixed": {
			"rotation": [-90, 0, 0],
			"translation": [0, 0, -16],
			"scale": [2, 2, 2]
		}
	}
}