{
	"format_version": "1.21.6",
	"credit": "Сделано Веббером специально для MoreDeco https://modrinth.com/resourcepack/moredeco mc _Webber_3",
	"textures": {
		"0": "item/carved_pumpkin/mask/spy/spy_mask",
		"particle": "item/carved_pumpkin/mask/spy/spy_mask"
	},
	"elements": [
		{
			"from": [4, 0, 4],
			"to": [12, 8, 12],
			"faces": {
				"north": {"uv": [10, 14, 12, 16], "texture": "#0"},
				"east": {"uv": [0, 2, 2, 4], "texture": "#0"},
				"south": {"uv": [6, 2, 8, 4], "texture": "#0"},
				"west": {"uv": [4, 2, 6, 4], "texture": "#0"},
				"up": {"uv": [2, 2, 4, 0], "texture": "#0"},
				"down": {"uv": [2, 6, 4, 4], "texture": "#0"}
			}
		},
		{
			"from": [4, 8, 4],
			"to": [12, 0, 12],
			"rotation": {"angle": 0, "axis": "y", "origin": [8, 4, 8]},
			"faces": {
				"north": {"uv": [14, 0, 16, 2], "rotation": 180, "texture": "#0"},
				"east": {"uv": [4, 2, 6, 4], "rotation": 180, "texture": "#0"},
				"south": {"uv": [6, 2, 8, 4], "rotation": 180, "texture": "#0"},
				"west": {"uv": [0, 2, 2, 4], "rotation": 180, "texture": "#0"},
				"up": {"uv": [2, 6, 4, 4], "rotation": 180, "texture": "#0"},
				"down": {"uv": [2, 2, 4, 0], "rotation": 180, "texture": "#0"}
			}
		}
	],
	"display": {
		"thirdperson_righthand": {
			"rotation": [45, 35, 35],
			"translation": [-4, 1.75, 1.25],
			"scale": [0.75, 0.75, 0.75]
		},
		"thirdperson_lefthand": {
			"rotation": [45, 35, 35],
			"translation": [-4, 1.75, 1.25],
			"scale": [0.75, 0.75, 0.75]
		},
		"firstperson_righthand": {
			"rotation": [0, -35, 0],
			"translation": [4, 3.25, 0],
			"scale": [0.75, 0.75, 0.75]
		},
		"firstperson_lefthand": {
			"rotation": [0, 98, 0],
			"translation": [2.25, 6.75, 0],
			"scale": [0.75, 0.75, 0.75]
		},
		"ground": {
			"translation": [0, 5, 0]
		},
		"gui": {
			"rotation": [25, -150, 0],
			"translation": [0, 5.5, 0],
			"scale": [1.25, 1.25, 1.25]
		},
		"head": {
			"translation": [0, 7, 0],
			"scale": [1.85, 1.85, 1.85]
		},
		"fixed": {
			"rotation": [-60, 0, 0],
			"translation": [0, 5.25, -11],
			"scale": [2, 2, 2]
		}
	}
}