{
	"credit": "Сделано Веббером специально для MoreDeco https://modrinth.com/resourcepack/moredeco mc _Webber_3",
	"textures": {
		"0": "item/iron_ingot/button/pult_ot_yaderki",
		"particle": "item/iron_ingot/button/pult_ot_yaderki"
	},
	"elements": [
		{
			"from": [7, 1.5, 7],
			"to": [9, 3.5, 9],
			"faces": {
				"north": {"uv": [10, 0, 12, 1], "texture": "#0"},
				"east": {"uv": [12, 0, 10, 1], "texture": "#0"},
				"south": {"uv": [10, 0, 12, 1], "texture": "#0"},
				"west": {"uv": [12, 0, 10, 1], "texture": "#0"},
				"up": {"uv": [8, 0, 10, 2], "texture": "#0"},
				"down": {"uv": [8, 0, 10, 2], "texture": "#0"}
			}
		},
		{
			"from": [6.5, 0.5, 6.5],
			"to": [9.5, 2.5, 9.5],
			"faces": {
				"north": {"uv": [4, 2, 7, 4], "texture": "#0"},
				"east": {"uv": [4, 2, 7, 4], "texture": "#0"},
				"south": {"uv": [4, 2, 7, 4], "texture": "#0"},
				"west": {"uv": [4, 2, 7, 4], "texture": "#0"},
				"up": {"uv": [4, 2, 7, 5], "texture": "#0"},
				"down": {"uv": [4, 2, 7, 5], "texture": "#0"}
			}
		},
		{
			"from": [6, 0, 6],
			"to": [10, 2, 12],
			"faces": {
				"north": {"uv": [4, 0, 8, 2], "texture": "#0"},
				"east": {"uv": [0, 6, 6, 8], "texture": "#0"},
				"south": {"uv": [4, 0, 8, 2], "texture": "#0"},
				"west": {"uv": [0, 6, 6, 8], "texture": "#0"},
				"up": {"uv": [4, 6, 0, 0], "texture": "#0"},
				"down": {"uv": [4, 8, 0, 14], "texture": "#0"}
			}
		},
		{
			"from": [8, 0, 1],
			"to": [9, 1, 6],
			"faces": {
				"north": {"uv": [7, 6, 8, 7], "texture": "#0"},
				"east": {"uv": [7, 7, 8, 2], "rotation": 90, "texture": "#0"},
				"south": {"uv": [7, 2, 8, 3], "texture": "#0"},
				"west": {"uv": [7, 2, 8, 7], "rotation": 90, "texture": "#0"},
				"up": {"uv": [7, 7, 8, 2], "texture": "#0"},
				"down": {"uv": [7, 2, 8, 7], "texture": "#0"}
			}
		}
	],
	"display": {
		"thirdperson_righthand": {
			"translation": [-1.75, 7, -1]
		},
		"thirdperson_lefthand": {
			"translation": [-1.75, 7, -1]
		},
		"firstperson_righthand": {
			"rotation": [55, 0, 25],
			"translation": [-3.75, 8, 6.75],
			"scale": [1.2, 1.2, 1.2]
		},
		"firstperson_lefthand": {
			"rotation": [15, -10, 10],
			"translation": [0, 9.75, 1.75],
			"scale": [1.2, 1.2, 1.2]
		},
		"ground": {
			"translation": [0, 4.25, 0]
		},
		"gui": {
			"rotation": [45, 45, 0],
			"translation": [0, 7, 0],
			"scale": [1.5, 1.5, 1.5]
		},
		"head": {
			"translation": [0, 15.25, 0]
		},
		"fixed": {
			"rotation": [-90, 0, 0],
			"translation": [0, 0, -16],
			"scale": [2, 2, 2]
		}
	}
}