{
	"credit": "Сделано Веббером специально для MoreDeco https://modrinth.com/resourcepack/moredeco mc _Webber_3",
	"texture_size": [32, 32],
	"textures": {
		"0": "item/iron_ingot/button/red_button",
		"particle": "item/iron_ingot/button/red_button"
	},
	"elements": [
		{
			"from": [3, 0, 3],
			"to": [13, 1, 13],
			"rotation": {"angle": 0, "axis": "y", "origin": [8, 0.5, 8]},
			"faces": {
				"north": {"uv": [5, 5.5, 0, 5], "texture": "#0"},
				"east": {"uv": [0, 5, 5, 5.5], "texture": "#0"},
				"south": {"uv": [0, 5, 5, 5.5], "texture": "#0"},
				"west": {"uv": [5, 5.5, 0, 5], "texture": "#0"},
				"up": {"uv": [0, 0, 5, 5], "texture": "#0"},
				"down": {"uv": [11, 0, 16, 5], "rotation": 180, "texture": "#0"}
			}
		},
		{
			"from": [4, 0.5, 4],
			"to": [12, 1.5, 12],
			"rotation": {"angle": 0, "axis": "y", "origin": [8, 0.5, 8]},
			"faces": {
				"north": {"uv": [4.5, 6.5, 0.5, 6], "texture": "#0"},
				"east": {"uv": [0.5, 5.5, 4.5, 6], "texture": "#0"},
				"south": {"uv": [4.5, 5.5, 0.5, 6], "texture": "#0"},
				"west": {"uv": [0.5, 6.5, 4.5, 6], "texture": "#0"},
				"up": {"uv": [0.5, 0.5, 4.5, 4.5], "texture": "#0"},
				"down": {"uv": [0.5, 0.5, 4.5, 4.5], "rotation": 180, "texture": "#0"}
			}
		},
		{
			"from": [5, 1, 5],
			"to": [11, 3, 11],
			"rotation": {"angle": 0, "axis": "y", "origin": [10.5, 8, 12]},
			"faces": {
				"north": {"uv": [8, 3, 11, 4], "texture": "#0"},
				"east": {"uv": [8, 3, 5, 4], "texture": "#0"},
				"south": {"uv": [5, 3, 8, 4], "texture": "#0"},
				"west": {"uv": [11, 3, 8, 4], "texture": "#0"},
				"up": {"uv": [5, 0, 8, 3], "texture": "#0"}
			}
		}
	],
	"display": {
		"thirdperson_righthand": {
			"translation": [-2.75, 5.75, 0],
			"scale": [0.75, 0.75, 0.75]
		},
		"thirdperson_lefthand": {
			"translation": [-2.75, 5.75, 0],
			"scale": [0.75, 0.75, 0.75]
		},
		"firstperson_righthand": {
			"rotation": [24, -12, 20],
			"translation": [1.25, 6, -3.5]
		},
		"firstperson_lefthand": {
			"rotation": [24, -12, 20],
			"translation": [1.25, 6, -3.5]
		},
		"ground": {
			"translation": [0, 5, 0]
		},
		"gui": {
			"rotation": [35, 135, 0],
			"translation": [0, 4.5, 0]
		},
		"head": {
			"translation": [0, 18.25, 0],
			"scale": [1.5, 1.5, 1.5]
		},
		"fixed": {
			"rotation": [-90, 0, 0],
			"translation": [0, 0, -16],
			"scale": [2.001, 2.001, 2.001]
		}
	}
}