{
	"credit": "Сделано Веббером специально для MoreDeco https://modrinth.com/resourcepack/moredeco mc _Webber_3",
	"textures": {
		"2": "item/decorated_pot/malenkii/brown",
		"particle": "item/decorated_pot/malenkii/brown"
	},
	"elements": [
		{
			"from": [5, 11, 5],
			"to": [11, 13, 11],
			"faces": {
				"north": {"uv": [2.5, 0, 5.5, 1], "texture": "#2"},
				"east": {"uv": [2.5, 0, 5.5, 1], "texture": "#2"},
				"south": {"uv": [2.5, 0, 5.5, 1], "texture": "#2"},
				"west": {"uv": [2.5, 0, 5.5, 1], "texture": "#2"},
				"up": {"uv": [10.5, 0.5, 13.5, 3.5], "rotation": 270, "texture": "#2"},
				"down": {"uv": [10.5, 4.5, 13.5, 7.5], "texture": "#2"}
			}
		},
		{
			"from": [6, 13, 6],
			"to": [10, 12, 10],
			"faces": {
				"north": {"uv": [11, 10.5, 13, 11], "texture": "#2"},
				"east": {"uv": [11, 10.5, 13, 11], "texture": "#2"},
				"south": {"uv": [11, 10.5, 13, 11], "texture": "#2"},
				"west": {"uv": [11, 10.5, 13, 11], "texture": "#2"},
				"up": {"uv": [11, 9, 13, 11], "rotation": 270, "texture": "#2"},
				"down": {"uv": [10.5, 4.5, 13.5, 7.5], "texture": "#2"}
			}
		},
		{
			"from": [6, 10, 6],
			"to": [10, 11, 10],
			"faces": {
				"north": {"uv": [3, 1, 5, 1.5], "texture": "#2"},
				"east": {"uv": [3, 1, 5, 1.5], "texture": "#2"},
				"south": {"uv": [3, 1, 5, 1.5], "texture": "#2"},
				"west": {"uv": [3, 1, 5, 1.5], "texture": "#2"},
				"up": {"uv": [15, 15, 16, 16], "texture": "#2"},
				"down": {"uv": [15, 15, 16, 16], "texture": "#2"}
			}
		},
		{
			"from": [4, 0, 4],
			"to": [12, 10, 12],
			"faces": {
				"north": {"uv": [2, 1.5, 6, 6.5], "texture": "#2"},
				"east": {"uv": [2, 1.5, 6, 6.5], "texture": "#2"},
				"south": {"uv": [2, 1.5, 6, 6.5], "texture": "#2"},
				"west": {"uv": [2, 1.5, 6, 6.5], "texture": "#2"},
				"up": {"uv": [10, 8, 14, 12], "texture": "#2"},
				"down": {"uv": [2, 6.5, 6, 10.5], "texture": "#2"}
			}
		}
	],
	"display": {
		"thirdperson_righthand": {
			"translation": [-3.5, 4, 0],
			"scale": [0.5, 0.5, 0.5]
		},
		"thirdperson_lefthand": {
			"translation": [-3.5, 4, 0],
			"scale": [0.5, 0.5, 0.5]
		},
		"firstperson_righthand": {
			"translation": [-1.5, 4, 2.75],
			"scale": [0.25, 0.25, 0.25]
		},
		"firstperson_lefthand": {
			"translation": [-1.5, 4, 2.75],
			"scale": [0.25, 0.25, 0.25]
		},
		"ground": {
			"translation": [0, 2, 0],
			"scale": [0.5, 0.5, 0.5]
		},
		"gui": {
			"rotation": [25, 45, 0],
			"translation": [0, 1, 0],
			"scale": [0.75, 0.75, 0.75]
		},
		"head": {
			"translation": [0, 15, 0]
		},
		"fixed": {
			"rotation": [-90, 0, 0],
			"translation": [0, 0, -14],
			"scale": [2, 2, 2]
		}
	}
}