{
	"format_version": "1.21.6",
	"credit": "Сделано Веббером специально для MoreDeco https://modrinth.com/resourcepack/moredeco mc _Webber_3",
	"textures": {
		"0": "item/carved_pumpkin/o4ku/o4ku",
		"particle": "item/carved_pumpkin/o4ku/o4ku"
	},
	"elements": [
		{
			"from": [5, 3, 8],
			"to": [7, 5, 8.75],
			"faces": {
				"north": {"uv": [14.66667, 0.44444, 15.55556, 1.33333], "texture": "#0"},
				"east": {"uv": [14.66667, 0.44444, 15.11111, 1.33333], "texture": "#0"},
				"south": {"uv": [15.55556, 0.44444, 14.66667, 1.33333], "texture": "#0"},
				"west": {"uv": [15.55556, 0.44444, 15.11111, 1.33333], "texture": "#0"},
				"up": {"uv": [15.55556, 0.44444, 14.66667, 0.88889], "texture": "#0"},
				"down": {"uv": [15.55556, 0.88889, 14.66667, 1.33333], "texture": "#0"}
			}
		},
		{
			"from": [4, 3, 8],
			"to": [5, 5, 8.75],
			"faces": {
				"north": {"uv": [15.55556, 0.44444, 16, 1.33333], "texture": "#0"},
				"east": {"uv": [15.55556, 0.44444, 16, 1.33333], "texture": "#0"},
				"south": {"uv": [16, 0.44444, 15.55556, 1.33333], "texture": "#0"},
				"west": {"uv": [16, 0.44444, 15.55556, 1.33333], "texture": "#0"},
				"up": {"uv": [16, 0.44444, 15.55556, 0.88889], "texture": "#0"},
				"down": {"uv": [16, 0.88889, 15.55556, 1.33333], "texture": "#0"}
			}
		},
		{
			"from": [7, 3, 8],
			"to": [8, 5, 8.75],
			"faces": {
				"north": {"uv": [14.22222, 0.44444, 14.66667, 1.33333], "texture": "#0"},
				"east": {"uv": [14.22222, 0.44444, 14.66667, 1.33333], "texture": "#0"},
				"south": {"uv": [14.66667, 0.44444, 14.22222, 1.33333], "texture": "#0"},
				"west": {"uv": [14.66667, 0.44444, 14.22222, 1.33333], "texture": "#0"},
				"up": {"uv": [14.66667, 0.44444, 14.22222, 0.88889], "texture": "#0"},
				"down": {"uv": [14.66667, 0.88889, 14.22222, 1.33333], "texture": "#0"}
			}
		},
		{
			"from": [5, 5, 8],
			"to": [7, 6, 8.75],
			"faces": {
				"north": {"uv": [14.66667, 0, 15.55556, 0.44444], "texture": "#0"},
				"east": {"uv": [14.66667, 0, 15.11111, 0.44444], "texture": "#0"},
				"south": {"uv": [15.55556, 0, 14.66667, 0.44444], "texture": "#0"},
				"west": {"uv": [15.11111, 0, 15.55556, 0.44444], "texture": "#0"},
				"up": {"uv": [15.55556, 0, 14.66667, 0.44444], "texture": "#0"},
				"down": {"uv": [15.55556, 0, 14.66667, 0.44444], "texture": "#0"}
			}
		},
		{
			"from": [5, 2, 8],
			"to": [7, 3, 8.75],
			"faces": {
				"north": {"uv": [14.66667, 1.33333, 15.55556, 1.77778], "texture": "#0"},
				"east": {"uv": [14.66667, 1.33333, 15.11111, 1.77778], "texture": "#0"},
				"south": {"uv": [15.55556, 1.33333, 14.66667, 1.77778], "texture": "#0"},
				"west": {"uv": [15.11111, 1.33333, 15.55556, 1.77778], "texture": "#0"},
				"up": {"uv": [15.55556, 1.33333, 14.66667, 1.77778], "texture": "#0"},
				"down": {"uv": [15.55556, 1.33333, 14.66667, 1.77778], "texture": "#0"}
			}
		},
		{
			"from": [5, 0, 8],
			"to": [6, 1, 8.75],
			"faces": {
				"north": {"uv": [12.88889, 2.22222, 13.33333, 2.66667], "texture": "#0"},
				"east": {"uv": [12.88889, 2.22222, 13.33333, 2.66667], "texture": "#0"},
				"south": {"uv": [13.33333, 2.22222, 12.88889, 2.66667], "texture": "#0"},
				"west": {"uv": [12.88889, 2.22222, 13.33333, 2.66667], "texture": "#0"},
				"up": {"uv": [13.33333, 2.22222, 12.88889, 2.66667], "texture": "#0"},
				"down": {"uv": [13.33333, 2.22222, 12.88889, 2.66667], "texture": "#0"}
			}
		}
	],
	"display": {
		"thirdperson_righthand": {
			"rotation": [90, 90, 0],
			"translation": [-1, 2, 2.75]
		},
		"thirdperson_lefthand": {
			"rotation": [90, 90, 0],
			"translation": [-1, -2, 2.75]
		},
		"firstperson_righthand": {
			"rotation": [0, 145, 0],
			"translation": [1, 6.25, -0.5]
		},
		"firstperson_lefthand": {
			"rotation": [0, 164, -5],
			"translation": [4, 6.25, 1.5]
		},
		"ground": {
			"translation": [2.5, 4.5, 0]
		},
		"gui": {
			"rotation": [35, -145, 0],
			"translation": [-3.5, 5.75, 0],
			"scale": [2.5, 2.5, 2.5]
		},
		"head": {
			"translation": [0, 4, -8.25],
			"scale": [1.85, 1.85, 1.85]
		},
		"fixed": {
			"translation": [4, 8, -1.5],
			"scale": [2, 2, 2]
		}
	}
}