{
	"credit": "Сделано Веббером специально для MoreDeco https://modrinth.com/resourcepack/moredeco mc _Webber_3",
	"texture_size": [32, 32],
	"textures": {
		"2": "item/carved_pumpkin/winter/ushanka",
		"particle": "item/carved_pumpkin/winter/ushanka"
	},
	"elements": [
		{
			"from": [4, 7, 4],
			"to": [12, 11, 12],
			"rotation": {"angle": 0, "axis": "y", "origin": [8, 6.75, 8]},
			"faces": {
				"north": {"uv": [4, 4, 8, 6], "texture": "#2"},
				"east": {"uv": [0, 4, 4, 6], "texture": "#2"},
				"south": {"uv": [12, 4, 16, 6], "texture": "#2"},
				"west": {"uv": [8, 4, 12, 6], "texture": "#2"},
				"up": {"uv": [8, 4, 4, 0], "texture": "#2"},
				"down": {"uv": [16, 12, 12, 16], "rotation": 90, "texture": "#2"}
			}
		},
		{
			"from": [4, 2, 4],
			"to": [12, 7, 12],
			"rotation": {"angle": 0, "axis": "y", "origin": [8, 6.75, 8]},
			"faces": {
				"north": {"uv": [12, 15, 16, 16], "texture": "#2"},
				"east": {"uv": [0, 6.5, 4, 9], "texture": "#2"},
				"south": {"uv": [12, 15, 16, 16], "texture": "#2"},
				"west": {"uv": [8, 6.5, 12, 9], "texture": "#2"},
				"up": {"uv": [16, 16, 12, 12], "texture": "#2"},
				"down": {"uv": [16, 12, 12, 16], "rotation": 90, "texture": "#2"}
			}
		},
		{
			"from": [12, 2, 4],
			"to": [4, 7, 12],
			"rotation": {"angle": 0, "axis": "y", "origin": [8, 6.75, 8]},
			"faces": {
				"north": {"uv": [16, 15, 12, 16], "texture": "#2"},
				"east": {"uv": [12, 6.5, 8, 9], "texture": "#2"},
				"south": {"uv": [16, 15, 12, 16], "texture": "#2"},
				"west": {"uv": [4, 6.5, 0, 9], "texture": "#2"},
				"up": {"uv": [16, 16, 12, 12], "rotation": 180, "texture": "#2"},
				"down": {"uv": [16, 12, 12, 16], "rotation": 270, "texture": "#2"}
			}
		},
		{
			"from": [12, 7, 4],
			"to": [4, 11, 12],
			"rotation": {"angle": 0, "axis": "y", "origin": [8, 6.75, 8]},
			"faces": {
				"north": {"uv": [12, 5, 16, 6], "texture": "#2"},
				"east": {"uv": [12, 4, 16, 5], "texture": "#2"},
				"south": {"uv": [12, 5, 16, 6], "texture": "#2"},
				"west": {"uv": [12, 4, 16, 5], "texture": "#2"},
				"up": {"uv": [8, 4, 4, 0], "rotation": 270, "texture": "#2"},
				"down": {"uv": [16, 12, 12, 16], "rotation": 90, "texture": "#2"}
			}
		},
		{
			"from": [4, 8, 4],
			"to": [12, 8, 12],
			"rotation": {"angle": 0, "axis": "y", "origin": [8, 6.75, 8]},
			"faces": {
				"north": {"uv": [0, 4, 4, 6], "texture": "#2"},
				"east": {"uv": [0, 4, 4, 6], "texture": "#2"},
				"south": {"uv": [0, 4, 4, 6], "texture": "#2"},
				"west": {"uv": [0, 4, 4, 6], "texture": "#2"},
				"up": {"uv": [8, 4, 4, 0], "rotation": 270, "texture": "#2"},
				"down": {"uv": [12, 0, 8, 4], "texture": "#2"}
			}
		}
	],
	"display": {
		"thirdperson_righthand": {
			"translation": [0, 1, 0]
		},
		"thirdperson_lefthand": {
			"translation": [0, 1, 0]
		},
		"firstperson_righthand": {
			"translation": [0.75, 0, 0],
			"scale": [0.75, 0.75, 0.75]
		},
		"firstperson_lefthand": {
			"translation": [0.75, 0, 0],
			"scale": [0.75, 0.75, 0.75]
		},
		"ground": {
			"scale": [0.5, 0.5, 0.5]
		},
		"gui": {
			"rotation": [30, -145, 0],
			"translation": [0, 1, 0]
		},
		"head": {
			"translation": [0, 5, 0],
			"scale": [1.85, 1.85, 1.85]
		},
		"fixed": {
			"rotation": [-90, 0, 0],
			"translation": [0, 0, -2],
			"scale": [2, 2, 2]
		}
	}
}