{
	"format_version": "1.21.6",
	"credit": "Сделано Веббером специально для MoreDeco https://modrinth.com/resourcepack/moredeco mc _Webber_3",
	"textures": {
		"2": "item/doors/acacia_door_bottom",
		"3": "item/doors/acacia_door_top"
	},
	"elements": [
		{
			"from": [13, 0, 0],
			"to": [26, 3, 16],
			"faces": {
				"north": {"uv": [0, 0, 3, 13], "rotation": 90, "texture": "#3"},
				"east": {"uv": [0, 0, 16, 3], "texture": "#3"},
				"south": {"uv": [13, 0, 16, 13], "rotation": 90, "texture": "#3"},
				"west": {"uv": [16, 10, 0, 13], "rotation": 180, "texture": "#3"},
				"up": {"uv": [0, 0, 16, 13], "rotation": 90, "texture": "#3"},
				"down": {"uv": [0, 0, 16, 13], "rotation": 90, "texture": "#3"}
			}
		},
		{
			"from": [12, 0, 13],
			"to": [23, 3, 11],
			"faces": {
				"north": {"uv": [13, 3, 14, 14], "rotation": 90, "texture": "#3"},
				"east": {"uv": [11, 2, 13, 3], "texture": "#3"},
				"south": {"uv": [11, 3, 10, 14], "rotation": 90, "texture": "#3"},
				"west": {"uv": [13, 15, 11, 14], "rotation": 180, "texture": "#3"},
				"up": {"uv": [11, 8, 13, 11], "rotation": 90, "texture": "#3"},
				"down": {"uv": [11, 8, 13, 11], "rotation": 90, "texture": "#3"}
			}
		},
		{
			"from": [12, 0, 9],
			"to": [24, 3, 7],
			"faces": {
				"north": {"uv": [9, 2, 10, 14], "rotation": 90, "texture": "#3"},
				"east": {"uv": [7, 2, 9, 3], "texture": "#3"},
				"south": {"uv": [7, 2, 6, 14], "rotation": 90, "texture": "#3"},
				"west": {"uv": [9, 15, 7, 14], "rotation": 180, "texture": "#3"},
				"up": {"uv": [7, 8, 9, 11], "rotation": 90, "texture": "#3"},
				"down": {"uv": [7, 8, 9, 11], "rotation": 90, "texture": "#3"}
			}
		},
		{
			"from": [12, 0, 5],
			"to": [24, 3, 3],
			"faces": {
				"north": {"uv": [5, 2, 6, 14], "rotation": 90, "texture": "#3"},
				"east": {"uv": [3, 2, 5, 3], "texture": "#3"},
				"south": {"uv": [3, 2, 2, 14], "rotation": 90, "texture": "#3"},
				"west": {"uv": [5, 15, 3, 14], "rotation": 180, "texture": "#3"},
				"up": {"uv": [3, 8, 5, 11], "rotation": 90, "texture": "#3"},
				"down": {"uv": [3, 8, 5, 11], "rotation": 90, "texture": "#3"}
			}
		},
		{
			"from": [11, 0, 5],
			"to": [12, 3, 3],
			"faces": {
				"north": {"uv": [5, 14, 6, 15], "rotation": 90, "texture": "#3"},
				"east": {"uv": [3, 3, 5, 4], "texture": "#3"},
				"south": {"uv": [3, 14, 2, 15], "rotation": 90, "texture": "#3"},
				"west": {"uv": [5, 16, 3, 15], "rotation": 180, "texture": "#3"},
				"up": {"uv": [3, 8, 5, 11], "rotation": 90, "texture": "#3"},
				"down": {"uv": [3, 8, 5, 11], "rotation": 90, "texture": "#3"}
			}
		},
		{
			"from": [12, 0, 0],
			"to": [13, 3, 14],
			"faces": {
				"north": {"uv": [0, 13, 3, 14], "rotation": 90, "texture": "#3"},
				"east": {"uv": [11, 5, 13, 7], "texture": "#3"},
				"south": {"uv": [13, 11, 14, 14], "texture": "#3"},
				"west": {"uv": [14, 11, 0, 14], "rotation": 180, "texture": "#3"},
				"up": {"uv": [0, 13, 14, 14], "rotation": 90, "texture": "#3"},
				"down": {"uv": [14, 13, 0, 14], "rotation": 90, "texture": "#3"}
			}
		},
		{
			"from": [10, 0, 2],
			"to": [12, 3, 7],
			"faces": {
				"north": {"uv": [2, 13, 3, 15], "rotation": 90, "texture": "#3"},
				"east": {"uv": [11, 4, 13, 5], "texture": "#3"},
				"south": {"uv": [6, 15, 9, 16], "rotation": 90, "texture": "#3"},
				"west": {"uv": [2, 16, 7, 15], "texture": "#3"},
				"up": {"uv": [2, 14, 7, 16], "rotation": 90, "texture": "#3"},
				"down": {"uv": [7, 14, 2, 16], "rotation": 90, "texture": "#3"}
			}
		},
		{
			"from": [11, 0, 10],
			"to": [12, 3, 11],
			"faces": {
				"north": {"uv": [11, 15, 10, 16], "rotation": 90, "texture": "#3"},
				"east": {"uv": [10, 4, 12, 5], "texture": "#3"},
				"south": {"uv": [11, 15, 10, 16], "rotation": 90, "texture": "#3"},
				"west": {"uv": [10, 15, 11, 16], "texture": "#3"},
				"up": {"uv": [10, 15, 11, 16], "rotation": 90, "texture": "#3"},
				"down": {"uv": [10, 15, 11, 16], "rotation": 90, "texture": "#3"}
			}
		},
		{
			"from": [-6, 0, 5],
			"to": [5, 3, 3],
			"rotation": {"angle": 0, "axis": "y", "origin": [-3, 1.5, 8]},
			"faces": {
				"north": {"uv": [11, 1, 10, 12], "rotation": 90, "texture": "#2"},
				"east": {"uv": [13, 14, 11, 13], "rotation": 180, "texture": "#2"},
				"south": {"uv": [13, 1, 14, 12], "rotation": 90, "texture": "#2"},
				"west": {"uv": [11, 0, 13, 1], "texture": "#2"},
				"up": {"uv": [11, 6, 13, 9], "rotation": 270, "texture": "#2"},
				"down": {"uv": [11, 6, 13, 9], "rotation": 270, "texture": "#2"}
			}
		},
		{
			"from": [-6, 0, 9],
			"to": [5, 3, 7],
			"rotation": {"angle": 0, "axis": "y", "origin": [-3, 1.5, 8]},
			"faces": {
				"north": {"uv": [7, 1, 6, 12], "rotation": 90, "texture": "#2"},
				"east": {"uv": [9, 1, 7, 0], "rotation": 180, "texture": "#2"},
				"south": {"uv": [9, 1, 10, 12], "rotation": 90, "texture": "#2"},
				"west": {"uv": [7, 13, 9, 14], "texture": "#2"},
				"up": {"uv": [7, 6, 9, 9], "rotation": 270, "texture": "#2"},
				"down": {"uv": [7, 6, 9, 9], "rotation": 270, "texture": "#2"}
			}
		},
		{
			"from": [-6, 0, 13],
			"to": [3, 3, 11],
			"rotation": {"angle": 0, "axis": "y", "origin": [-3, 1.5, 8]},
			"faces": {
				"north": {"uv": [3, 2, 2, 11], "rotation": 90, "texture": "#2"},
				"east": {"uv": [5, 13, 3, 12], "rotation": 180, "texture": "#2"},
				"south": {"uv": [5, 2, 6, 11], "rotation": 90, "texture": "#2"},
				"west": {"uv": [3, 0, 5, 1], "texture": "#2"},
				"up": {"uv": [3, 6, 5, 9], "rotation": 270, "texture": "#2"},
				"down": {"uv": [3, 6, 5, 9], "rotation": 270, "texture": "#2"}
			}
		},
		{
			"from": [3, 0, 13],
			"to": [5, 3, 11],
			"rotation": {"angle": 0, "axis": "y", "origin": [-3, 1.5, 8]},
			"faces": {
				"north": {"uv": [3, 11, 2, 13], "rotation": 90, "texture": "#2"},
				"east": {"uv": [5, 13, 3, 12], "rotation": 180, "texture": "#2"},
				"south": {"uv": [4, 11, 5, 13], "rotation": 90, "texture": "#2"},
				"west": {"uv": [3, 1, 5, 2], "texture": "#2"},
				"up": {"uv": [3, 6, 5, 9], "rotation": 270, "texture": "#2"},
				"down": {"uv": [3, 6, 5, 9], "rotation": 270, "texture": "#2"}
			}
		},
		{
			"from": [-9, 0, 0],
			"to": [3, 3, 16],
			"faces": {
				"north": {"uv": [0, 4, 3, 16], "rotation": 90, "texture": "#2"},
				"east": {"uv": [0, 1, 16, 3], "texture": "#2"},
				"south": {"uv": [13, 4, 16, 16], "rotation": 90, "texture": "#2"},
				"west": {"uv": [0, 14, 16, 16], "rotation": 180, "texture": "#2"},
				"up": {"uv": [0, 4, 16, 16], "rotation": 90, "texture": "#2"},
				"down": {"uv": [0, 4, 16, 16], "rotation": 90, "texture": "#2"}
			}
		},
		{
			"from": [3, 0, 1],
			"to": [5, 3, 10],
			"faces": {
				"north": {"uv": [0, 2, 3, 4], "rotation": 90, "texture": "#2"},
				"east": {"uv": [10, 2, 1, 4], "texture": "#2"},
				"south": {"uv": [8, 13, 11, 14], "rotation": 90, "texture": "#2"},
				"west": {"uv": [7, 5, 9, 7], "rotation": 180, "texture": "#2"},
				"up": {"uv": [1, 2, 10, 4], "rotation": 90, "texture": "#2"},
				"down": {"uv": [10, 2, 1, 4], "rotation": 90, "texture": "#2"}
			}
		},
		{
			"from": [5, 0, 2],
			"to": [6, 3, 9],
			"faces": {
				"north": {"uv": [0, 1, 3, 2], "rotation": 90, "texture": "#2"},
				"east": {"uv": [9, 0, 2, 1], "texture": "#2"},
				"south": {"uv": [8, 0, 11, 1], "rotation": 90, "texture": "#2"},
				"west": {"uv": [9, 1, 2, 2], "rotation": 180, "texture": "#2"},
				"up": {"uv": [2, 0, 9, 1], "rotation": 90, "texture": "#2"},
				"down": {"uv": [9, 0, 2, 1], "rotation": 90, "texture": "#2"}
			}
		},
		{
			"from": [3, 0, 11],
			"to": [5, 3, 15],
			"faces": {
				"north": {"uv": [9, 2, 7, 3], "rotation": 90, "texture": "#2"},
				"east": {"uv": [15, 4, 11, 7], "texture": "#2"},
				"south": {"uv": [8, 0, 11, 1], "rotation": 90, "texture": "#2"},
				"west": {"uv": [15, 2, 11, 4], "rotation": 180, "texture": "#2"},
				"up": {"uv": [11, 2, 15, 4], "rotation": 90, "texture": "#2"},
				"down": {"uv": [15, 2, 11, 4], "rotation": 90, "texture": "#2"}
			}
		}
	],
	"display": {
		"thirdperson_righthand": {
			"rotation": [0, 0, 90],
			"translation": [-3.5, -2, 0],
			"scale": [0.25, 0.25, 0.25]
		},
		"thirdperson_lefthand": {
			"rotation": [0, 0, 90],
			"translation": [-3.5, -2, 0],
			"scale": [0.25, 0.25, 0.25]
		},
		"firstperson_righthand": {
			"rotation": [0, 45, 90],
			"translation": [2, 2.5, 0],
			"scale": [0.35, 0.35, 0.35]
		},
		"firstperson_lefthand": {
			"rotation": [0, 45, -90],
			"translation": [2.5, 2.5, -1],
			"scale": [0.35, 0.35, 0.35]
		},
		"ground": {
			"translation": [0, 2, 0],
			"scale": [0.25, 0.25, 0.25]
		},
		"gui": {
			"rotation": [9, 120, 91],
			"translation": [1, -0.75, 0],
			"scale": [0.4, 0.4, 0.4]
		},
		"head": {
			"rotation": [90, 90, 0],
			"translation": [0, -16.25, 7.25],
			"scale": [0.5, 0.5, 0.5]
		},
		"fixed": {
			"rotation": [-90, 0, 0],
			"translation": [0, 0, -16],
			"scale": [2, 2, 2]
		}
	},
	"groups": [
		{
			"name": "group",
			"origin": [0, 0, 0],
			"color": 0,
			"children": [
				0,
				{
					"name": "group",
					"origin": [0, 0, 0],
					"color": 0,
					"children": [1, 2, 3, 4]
				},
				5,
				6,
				7
			]
		},
		{
			"name": "group",
			"origin": [0, 0, 0],
			"color": 0,
			"children": [
				{
					"name": "group",
					"origin": [0, 0, 0],
					"color": 0,
					"children": [8, 9, 10, 11]
				},
				12,
				13,
				14,
				15
			]
		}
	]
}