{
	"credit": "Сделано Веббером специально для MoreDeco https://modrinth.com/resourcepack/moredeco mc _Webber_3",
	"textures": {
		"4": "item/doors/jungle_door_bottom",
		"5": "item/doors/jungle_door_top",
		"particle": "item/doors/jungle_door_bottom"
	},
	"elements": [
		{
			"from": [13, 0, 0],
			"to": [26, 3, 16],
			"faces": {
				"north": {"uv": [0, 0, 3, 13], "rotation": 90, "texture": "#5"},
				"east": {"uv": [0, 0, 16, 3], "texture": "#5"},
				"south": {"uv": [13, 0, 16, 13], "rotation": 90, "texture": "#5"},
				"west": {"uv": [16, 13, 0, 14], "rotation": 180, "texture": "#5"},
				"up": {"uv": [0, 0, 16, 13], "rotation": 90, "texture": "#5"},
				"down": {"uv": [0, 0, 16, 13], "rotation": 90, "texture": "#5"}
			}
		},
		{
			"from": [23, 0, 7],
			"to": [18, 3, 9],
			"faces": {
				"north": {"uv": [6, 3, 7, 8], "rotation": 90, "texture": "#5"},
				"east": {"uv": [9, 8, 7, 9], "texture": "#5"},
				"south": {"uv": [9, 8, 10, 3], "rotation": 90, "texture": "#5"},
				"west": {"uv": [7, 3, 9, 2], "texture": "#5"},
				"up": {"uv": [8, 3, 9, 4], "rotation": 90, "texture": "#5"},
				"down": {"uv": [8, 4, 7, 5], "rotation": 90, "texture": "#5"}
			}
		},
		{
			"from": [21, 0, 10],
			"to": [18, 3, 12],
			"faces": {
				"north": {"uv": [9, 5, 10, 8], "rotation": 90, "texture": "#5"},
				"east": {"uv": [12, 8, 10, 9], "texture": "#5"},
				"south": {"uv": [12, 8, 13, 5], "rotation": 90, "texture": "#5"},
				"west": {"uv": [10, 5, 12, 4], "texture": "#5"},
				"up": {"uv": [11, 5, 12, 6], "rotation": 90, "texture": "#5"},
				"down": {"uv": [11, 6, 10, 7], "rotation": 90, "texture": "#5"}
			}
		},
		{
			"from": [21, 0, 4],
			"to": [18, 3, 6],
			"faces": {
				"north": {"uv": [3, 5, 4, 8], "rotation": 90, "texture": "#5"},
				"east": {"uv": [6, 8, 4, 9], "texture": "#5"},
				"south": {"uv": [6, 8, 7, 5], "rotation": 90, "texture": "#5"},
				"west": {"uv": [4, 5, 6, 4], "texture": "#5"},
				"up": {"uv": [5, 5, 6, 6], "rotation": 90, "texture": "#5"},
				"down": {"uv": [5, 6, 4, 7], "rotation": 90, "texture": "#5"}
			}
		},
		{
			"from": [22, 0, 5],
			"to": [21, 3, 6],
			"faces": {
				"north": {"uv": [4, 4, 5, 5], "rotation": 90, "texture": "#5"},
				"east": {"uv": [6, 5, 5, 6], "texture": "#5"},
				"south": {"uv": [6, 5, 7, 4], "rotation": 90, "texture": "#5"},
				"west": {"uv": [5, 4, 6, 3], "texture": "#5"},
				"up": {"uv": [6, 4, 7, 5], "rotation": 90, "texture": "#5"},
				"down": {"uv": [6, 5, 5, 6], "rotation": 90, "texture": "#5"}
			}
		},
		{
			"from": [22, 0, 10],
			"to": [21, 3, 11],
			"faces": {
				"north": {"uv": [9, 4, 10, 5], "rotation": 90, "texture": "#5"},
				"east": {"uv": [11, 5, 10, 6], "texture": "#5"},
				"south": {"uv": [11, 5, 12, 4], "rotation": 90, "texture": "#5"},
				"west": {"uv": [10, 4, 11, 3], "texture": "#5"},
				"up": {"uv": [11, 4, 12, 5], "rotation": 90, "texture": "#5"},
				"down": {"uv": [11, 5, 10, 6], "rotation": 90, "texture": "#5"}
			}
		},
		{
			"from": [16, 0, 7],
			"to": [14, 3, 9],
			"faces": {
				"north": {"uv": [6, 10, 7, 12], "rotation": 90, "texture": "#5"},
				"east": {"uv": [9, 12, 7, 13], "texture": "#5"},
				"south": {"uv": [9, 12, 10, 10], "rotation": 90, "texture": "#5"},
				"west": {"uv": [7, 10, 9, 9], "texture": "#5"},
				"up": {"uv": [8, 10, 9, 11], "rotation": 90, "texture": "#5"},
				"down": {"uv": [8, 11, 7, 12], "rotation": 90, "texture": "#5"}
			}
		},
		{
			"from": [16, 0, 6],
			"to": [15, 3, 10],
			"faces": {
				"north": {"uv": [5, 10, 6, 11], "rotation": 90, "texture": "#5"},
				"east": {"uv": [9, 12, 7, 13], "texture": "#5"},
				"south": {"uv": [10, 11, 11, 10], "rotation": 90, "texture": "#5"},
				"west": {"uv": [7, 10, 9, 9], "texture": "#5"},
				"up": {"uv": [7, 11, 8, 12], "rotation": 90, "texture": "#5"},
				"down": {"uv": [8, 11, 7, 12], "rotation": 90, "texture": "#5"}
			}
		},
		{
			"from": [12, 0, 0],
			"to": [13, 3, 14],
			"faces": {
				"north": {"uv": [0, 13, 3, 14], "rotation": 90, "texture": "#5"},
				"east": {"uv": [7, 7, 9, 9], "texture": "#5"},
				"south": {"uv": [13, 11, 14, 14], "texture": "#5"},
				"west": {"uv": [14, 13, 0, 14], "rotation": 180, "texture": "#5"},
				"up": {"uv": [0, 13, 14, 14], "rotation": 90, "texture": "#5"},
				"down": {"uv": [14, 13, 0, 14], "rotation": 90, "texture": "#5"}
			}
		},
		{
			"from": [10, 0, 2],
			"to": [12, 3, 7],
			"faces": {
				"north": {"uv": [2, 13, 3, 15], "rotation": 90, "texture": "#5"},
				"east": {"uv": [8, 4, 10, 5], "texture": "#5"},
				"south": {"uv": [6, 14, 7, 16], "rotation": 90, "texture": "#5"},
				"west": {"uv": [2, 16, 7, 15], "texture": "#5"},
				"up": {"uv": [2, 14, 7, 16], "rotation": 90, "texture": "#5"},
				"down": {"uv": [7, 14, 2, 16], "rotation": 90, "texture": "#5"}
			}
		},
		{
			"from": [11, 0, 10],
			"to": [12, 3, 11],
			"faces": {
				"north": {"uv": [11, 15, 10, 16], "rotation": 90, "texture": "#5"},
				"east": {"uv": [10, 4, 12, 5], "texture": "#5"},
				"south": {"uv": [11, 15, 10, 16], "rotation": 90, "texture": "#5"},
				"west": {"uv": [10, 15, 11, 16], "texture": "#5"},
				"up": {"uv": [10, 15, 11, 16], "rotation": 90, "texture": "#5"},
				"down": {"uv": [10, 15, 11, 16], "rotation": 90, "texture": "#5"}
			}
		},
		{
			"from": [-9, 0, 0],
			"to": [3, 3, 16],
			"faces": {
				"north": {"uv": [0, 4, 3, 16], "rotation": 90, "texture": "#4"},
				"east": {"uv": [0, 1, 16, 3], "texture": "#4"},
				"south": {"uv": [13, 4, 16, 16], "rotation": 90, "texture": "#4"},
				"west": {"uv": [0, 14, 16, 16], "rotation": 180, "texture": "#4"},
				"up": {"uv": [0, 4, 16, 16], "rotation": 90, "texture": "#4"},
				"down": {"uv": [0, 4, 16, 16], "rotation": 90, "texture": "#4"}
			}
		},
		{
			"from": [3, 0, 1],
			"to": [5, 3, 10],
			"faces": {
				"north": {"uv": [0, 2, 3, 4], "rotation": 90, "texture": "#4"},
				"east": {"uv": [10, 1, 1, 4], "texture": "#4"},
				"south": {"uv": [2, 1, 4, 4], "texture": "#4"},
				"west": {"uv": [7, 5, 9, 7], "rotation": 180, "texture": "#4"},
				"up": {"uv": [1, 2, 10, 4], "rotation": 90, "texture": "#4"},
				"down": {"uv": [10, 2, 1, 4], "rotation": 90, "texture": "#4"}
			}
		},
		{
			"from": [5, 0, 2],
			"to": [6, 3, 9],
			"faces": {
				"north": {"uv": [3, 1, 1, 2], "rotation": 90, "texture": "#4"},
				"east": {"uv": [9, 0, 2, 1], "texture": "#4"},
				"south": {"uv": [8, 0, 10, 1], "rotation": 90, "texture": "#4"},
				"west": {"uv": [9, 1, 2, 2], "rotation": 180, "texture": "#4"},
				"up": {"uv": [2, 0, 9, 1], "rotation": 90, "texture": "#4"},
				"down": {"uv": [9, 0, 2, 1], "rotation": 90, "texture": "#4"}
			}
		},
		{
			"from": [3, 0, 11],
			"to": [5, 3, 15],
			"faces": {
				"north": {"uv": [9, 2, 7, 3], "rotation": 90, "texture": "#4"},
				"east": {"uv": [15, 4, 11, 7], "texture": "#4"},
				"south": {"uv": [8, 1, 11, 2], "rotation": 90, "texture": "#4"},
				"west": {"uv": [15, 2, 11, 4], "rotation": 180, "texture": "#4"},
				"up": {"uv": [11, 2, 15, 4], "rotation": 90, "texture": "#4"},
				"down": {"uv": [15, 2, 11, 4], "rotation": 90, "texture": "#4"}
			}
		}
	],
	"display": {
		"thirdperson_righthand": {
			"rotation": [0, 0, 90],
			"translation": [-3.5, -2, 0],
			"scale": [0.25, 0.25, 0.25]
		},
		"thirdperson_lefthand": {
			"rotation": [0, 0, 90],
			"translation": [-3.5, -2, 0],
			"scale": [0.25, 0.25, 0.25]
		},
		"firstperson_righthand": {
			"rotation": [0, 45, 90],
			"translation": [2, 2.5, 0],
			"scale": [0.35, 0.35, 0.35]
		},
		"firstperson_lefthand": {
			"rotation": [0, 45, -90],
			"translation": [2.5, 2.5, -1],
			"scale": [0.35, 0.35, 0.35]
		},
		"ground": {
			"translation": [0, 2, 0],
			"scale": [0.25, 0.25, 0.25]
		},
		"gui": {
			"rotation": [9, 120, 91],
			"translation": [1, -0.75, 0],
			"scale": [0.4, 0.4, 0.4]
		},
		"head": {
			"rotation": [90, 90, 0],
			"translation": [0, -16.25, 7.25],
			"scale": [0.5, 0.5, 0.5]
		},
		"fixed": {
			"rotation": [-90, 0, 0],
			"translation": [0, 0, -16],
			"scale": [2, 2, 2]
		}
	},
	"groups": [
		{
			"name": "group",
			"origin": [0, 0, 0],
			"color": 0,
			"children": [
				0,
				{
					"name": "group",
					"origin": [0, 0, 0],
					"color": 0,
					"children": [1, 2, 3, 4, 5, 6, 7]
				},
				8,
				9,
				10
			]
		},
		{
			"name": "group",
			"origin": [0, 0, 0],
			"color": 0,
			"children": [11, 12, 13, 14]
		}
	]
}