{
	"format_version": "1.21.6",
	"credit": "Сделано Веббером специально для MoreDeco https://modrinth.com/resourcepack/moredeco mc _Webber_3",
	"textures": {
		"1": "item/paper/life_size_figures/life_size_figures",
		"2": "item/paper/life_size_figures/rudjish"
	},
	"elements": [
		{
			"from": [0, 0, -0.1],
			"to": [16, 32, -0.1],
			"rotation": {"angle": 0, "axis": "y", "origin": [0, 0, -1]},
			"faces": {
				"north": {"uv": [4, 8, 8, 16], "texture": "#2"},
				"east": {"uv": [8, 8, 8, 16], "texture": "#2"},
				"south": {"uv": [4, 8, 8, 16], "texture": "#2"},
				"west": {"uv": [4, 8, 4, 16], "texture": "#2"},
				"up": {"uv": [4, 8, 8, 8], "texture": "#2"},
				"down": {"uv": [4, 16, 8, 16], "texture": "#2"}
			}
		},
		{
			"from": [0, 0, 0],
			"to": [16, 32, 1],
			"faces": {
				"north": {"uv": [0, 8, 4, 16], "texture": "#1"},
				"east": {"uv": [3.75, 8, 4, 16], "texture": "#1"},
				"south": {"uv": [4, 8, 8, 16], "texture": "#1"},
				"west": {"uv": [0, 8, 0.25, 16], "texture": "#1"},
				"up": {"uv": [0, 8, 4, 8.25], "texture": "#1"},
				"down": {"uv": [0, 15.75, 4, 16], "texture": "#1"}
			}
		},
		{
			"from": [7.5, -13, -8.1],
			"to": [8.5, 9, 2.9],
			"rotation": {"angle": -45, "axis": "x", "origin": [8, 9, -6]},
			"faces": {
				"north": {"uv": [0, 2.5, 0.25, 8], "texture": "#1"},
				"east": {"uv": [3, 2.5, 0.25, 8], "texture": "#1"},
				"south": {"uv": [3, 2.5, 3.25, 8], "texture": "#1"},
				"west": {"uv": [0.25, 2.5, 3, 8], "texture": "#1"},
				"up": {"uv": [0.25, 2.5, 3, 2.75], "rotation": 90, "texture": "#1"},
				"down": {"uv": [3, 7.75, 0.25, 8], "rotation": 90, "texture": "#1"}
			}
		},
		{
			"from": [8.5, -13, -8.1],
			"to": [7.5, 9, 2.9],
			"rotation": {"angle": -45, "axis": "x", "origin": [9, 9, -6]},
			"faces": {
				"north": {"uv": [0, 2.5, 0.25, 8], "texture": "#1"},
				"east": {"uv": [3, 2.5, 0.25, 8], "texture": "#1"},
				"south": {"uv": [3, 2.5, 3.25, 8], "texture": "#1"},
				"west": {"uv": [0.25, 2.5, 3, 8], "texture": "#1"},
				"up": {"uv": [0.25, 2.5, 3, 2.75], "rotation": 90, "texture": "#1"},
				"down": {"uv": [3, 7.75, 0.25, 8], "rotation": 90, "texture": "#1"}
			}
		}
	],
	"display": {
		"thirdperson_righthand": {
			"rotation": [65, 0, 0],
			"translation": [-0.5, -2, 2],
			"scale": [0.5, 0.5, 0.5]
		},
		"thirdperson_lefthand": {
			"rotation": [65, 0, 0],
			"translation": [-0.5, -2, 2],
			"scale": [0.5, 0.5, 0.5]
		},
		"firstperson_righthand": {
			"translation": [5.5, -3, 0],
			"scale": [0.5, 0.5, 0.5]
		},
		"firstperson_lefthand": {
			"rotation": [0, 75, 0],
			"translation": [5.5, -3, 0],
			"scale": [0.5, 0.5, 0.5]
		},
		"ground": {
			"scale": [0.5, 0.5, 0.5]
		},
		"gui": {
			"rotation": [0, -180, 0],
			"translation": [0, -4, 0],
			"scale": [0.5, 0.5, 0.5]
		},
		"head": {
			"translation": [0, 14, 0]
		},
		"fixed": {
			"rotation": [-90, 0, 0],
			"translation": [0, 0, -16],
			"scale": [2, 2, 2]
		}
	}
}