{
	"credit": "Сделано Веббером специально для MoreDeco https://modrinth.com/resourcepack/moredeco mc _Webber_3",
	"textures": {
		"0": "item/crossbow/microfon/microfons",
		"particle": "item/crossbow/microfon/microfons"
	},
	"elements": [
		{
			"from": [6.6, 25, 4.6],
			"to": [9.35, 27.75, 7.35],
			"rotation": {"angle": -45, "axis": "x", "origin": [7.9875, 23.9375, 7.9875]},
			"faces": {
				"north": {"uv": [6, 0, 4, 2], "texture": "#0"},
				"east": {"uv": [4, 0, 6, 2], "texture": "#0"},
				"south": {"uv": [6, 0, 4, 2], "texture": "#0"},
				"west": {"uv": [4, 0, 6, 2], "texture": "#0"},
				"up": {"uv": [6, 4, 4, 2], "texture": "#0"},
				"down": {"uv": [6, 4, 4, 6], "texture": "#0"}
			}
		},
		{
			"from": [7, 18, 5],
			"to": [9, 24, 7],
			"rotation": {"angle": -45, "axis": "x", "origin": [7.9875, 23.9375, 7.9875]},
			"faces": {
				"north": {"uv": [2, 0, 4, 6], "texture": "#0"},
				"east": {"uv": [0, 0, 2, 6], "texture": "#0"},
				"south": {"uv": [2, 0, 4, 6], "texture": "#0"},
				"west": {"uv": [0, 0, 2, 6], "texture": "#0"},
				"up": {"uv": [14, 14, 16, 16], "texture": "#0"},
				"down": {"uv": [0, 6, 2, 8], "texture": "#0"}
			}
		},
		{
			"from": [6.25, 22, 4.25],
			"to": [9.75, 25, 7.75],
			"rotation": {"angle": -45, "axis": "x", "origin": [7.9875, 23.9375, 7.9875]},
			"faces": {
				"north": {"uv": [12, 3, 16, 6], "texture": "#0"},
				"east": {"uv": [16, 3, 12, 6], "texture": "#0"},
				"south": {"uv": [12, 3, 16, 6], "texture": "#0"},
				"west": {"uv": [16, 3, 12, 6], "texture": "#0"},
				"up": {"uv": [12, 10, 16, 14], "texture": "#0"},
				"down": {"uv": [12, 10, 16, 14], "texture": "#0"}
			}
		},
		{
			"from": [8, 17, 5.5],
			"to": [8, 18, 6.5],
			"rotation": {"angle": -45, "axis": "x", "origin": [7.9875, 23.9375, 7.9875]},
			"faces": {
				"north": {"uv": [4, 7, 5, 8], "texture": "#0"},
				"east": {"uv": [2, 6, 3, 7], "texture": "#0"},
				"south": {"uv": [4, 7, 5, 8], "texture": "#0"},
				"west": {"uv": [2, 6, 3, 7], "texture": "#0"},
				"up": {"uv": [4, 7, 5, 8], "texture": "#0"},
				"down": {"uv": [4, 7, 5, 8], "texture": "#0"}
			}
		},
		{
			"from": [8, 0, 7],
			"to": [8, 16, 9],
			"faces": {
				"north": {"uv": [4, 7, 5, 8], "texture": "#0"},
				"east": {"uv": [0, 14, 16, 16], "rotation": 90, "texture": "#0"},
				"south": {"uv": [4, 7, 5, 8], "texture": "#0"},
				"west": {"uv": [0, 14, 16, 16], "rotation": 90, "texture": "#0"},
				"up": {"uv": [4, 7, 5, 8], "texture": "#0"},
				"down": {"uv": [4, 7, 5, 8], "texture": "#0"}
			}
		},
		{
			"from": [8, 16, 7],
			"to": [8, 21, 9],
			"faces": {
				"north": {"uv": [0, 0, 0, 16], "texture": "#0"},
				"east": {"uv": [0, 12, 5, 14], "rotation": 90, "texture": "#0"},
				"south": {"uv": [0, 0, 0, 16], "texture": "#0"},
				"west": {"uv": [0, 12, 5, 14], "rotation": 90, "texture": "#0"},
				"up": {"uv": [0, 0, 0, 2], "texture": "#0"},
				"down": {"uv": [0, 0, 0, 2], "texture": "#0"}
			}
		},
		{
			"from": [7, 16, 8],
			"to": [9, 21, 8],
			"rotation": {"angle": 0, "axis": "y", "origin": [8, 14, 8]},
			"faces": {
				"north": {"uv": [0, 12, 5, 14], "rotation": 90, "texture": "#0"},
				"east": {"uv": [0, 0, 0, 16], "texture": "#0"},
				"south": {"uv": [0, 12, 5, 14], "rotation": 90, "texture": "#0"},
				"west": {"uv": [0, 0, 0, 16], "texture": "#0"},
				"up": {"uv": [0, 0, 0, 2], "rotation": 270, "texture": "#0"},
				"down": {"uv": [0, 0, 0, 2], "rotation": 90, "texture": "#0"}
			}
		},
		{
			"from": [7, 0, 8],
			"to": [9, 16, 8],
			"rotation": {"angle": 0, "axis": "y", "origin": [8, 14, 8]},
			"faces": {
				"north": {"uv": [0, 14, 16, 16], "rotation": 90, "texture": "#0"},
				"east": {"uv": [0, 0, 0, 16], "texture": "#0"},
				"south": {"uv": [0, 14, 16, 16], "rotation": 90, "texture": "#0"},
				"west": {"uv": [0, 0, 0, 16], "texture": "#0"},
				"up": {"uv": [0, 0, 0, 2], "rotation": 270, "texture": "#0"},
				"down": {"uv": [0, 0, 0, 2], "rotation": 90, "texture": "#0"}
			}
		},
		{
			"from": [5, 0, 5],
			"to": [11, 0, 11],
			"faces": {
				"north": {"uv": [4, 7, 5, 8], "texture": "#0"},
				"east": {"uv": [4, 7, 5, 8], "rotation": 90, "texture": "#0"},
				"south": {"uv": [4, 7, 5, 8], "texture": "#0"},
				"west": {"uv": [4, 7, 5, 8], "rotation": 90, "texture": "#0"},
				"up": {"uv": [8, 8, 12, 12], "texture": "#0"},
				"down": {"uv": [8, 8, 12, 12], "texture": "#0"}
			}
		}
	],
	"display": {
		"thirdperson_righthand": {
			"rotation": [33, 152, -18],
			"translation": [1.75, -6.25, -1.5]
		},
		"thirdperson_lefthand": {
			"rotation": [33, 152, -18],
			"translation": [1.75, -6.25, -1.5]
		},
		"firstperson_righthand": {
			"rotation": [0, 171, 0],
			"translation": [2.25, -14, -6]
		},
		"firstperson_lefthand": {
			"rotation": [0, 169, 0],
			"translation": [2.25, -14, -6]
		},
		"ground": {
			"rotation": [0, 0, 90],
			"translation": [2.5, 0, 0],
			"scale": [0.65, 0.65, 0.65]
		},
		"gui": {
			"rotation": [55, 19, -23],
			"translation": [-1, -2.25, 0],
			"scale": [0.7, 0.7, 0.7]
		},
		"head": {
			"rotation": [0, 180, 0],
			"translation": [0, -33, -14.75],
			"scale": [1.5, 1.5, 1.5]
		},
		"fixed": {
			"rotation": [-90, 0, 0],
			"translation": [0, 0, -16],
			"scale": [2, 2, 2]
		}
	},
	"groups": [
		{
			"name": "group",
			"origin": [0, 0, 0],
			"color": 0,
			"children": [0, 1, 2, 3]
		},
		{
			"name": "group",
			"origin": [0, 0, 0],
			"color": 0,
			"children": [4, 5, 6, 7, 8]
		}
	]
}