{
	"model": {
		"type": "condition",
		"property": "has_component",
		"component": "custom_name",
		"on_true": {
			"type": "select",
			"property": "component",
			"component": "custom_name",
			"cases": [
				{
					"when": [ "Book stack", "Книжная стопка" ],
					"model": {
						"type": "model",
						"model": "item/book/books"
					}
				},
				{
					"when": [ "Brown book", "Коричневая книга" ],
					"model": {
						"type": "model",
						"model": "item/book/brown_book"
					}
				},
				{
					"when": [ "Brown and gray book", "Коричневая и серая книга" ],
					"model": {
						"type": "model",
						"model": "item/book/brown_gray_book"
					}
				},
				{
					"when": [ "Gray book", "Серая книга" ],
					"model": {
						"type": "model",
						"model": "item/book/gray_book"
					}
				},
				{
					"when": [ "Green book", "Зелёная книга" ],
					"model": {
						"type": "model",
						"model": "item/book/green_book"
					}
				},
				{
					"when": [ "Green purple book", "Зелёная и фиолетовая книга" ],
					"model": {
						"type": "model",
						"model": "item/book/green_purple_book"
					}
				},
				{
					"when": [ "Purple book", "Фиолетовая книга" ],
					"model": {
						"type": "model",
						"model": "item/book/purple_book"
					}
				}
			],
			"fallback": {
				"type": "model",
				"model": "item/book"
			}
		},
		"on_false": {
			"type": "model",
			"model": "item/book"
		}
	}
}