{
	"model": {
		"type": "condition",
		"property": "has_component",
		"component": "custom_name",
		"on_true": {
			"type": "select",
			"property": "component",
			"component": "custom_name",
			"cases": [
				{
					"when": [ "Wedding cake", "Свадебный торт" ],
					"model": {
						"type": "model",
						"model": "item/cake/cake_wedding"
					}
				}
			],
			"fallback": {
				"type": "model",
				"model": "item/cake"
			}
		},
		"on_false": {
			"type": "model",
			"model": "item/cake"
		}
	}
}