{
	"model": {
		"type": "condition",
		"property": "has_component",
		"component": "custom_name",
		"on_true": {
			"type": "select",
			"property": "component",
			"component": "custom_name",
			"cases": [
				{
					"when": [ "Chips", "Чипсина" ],
					"model": {
						"type": "model",
						"model": "item/dried_kelp/cheeps"
					}
				},
				{
					"when": [ "Popcorn", "Попкорн" ],
					"model": {
						"type": "model",
						"model": "item/dried_kelp/popcorn"
					}
				},
				{
					"when": [ "Bucket of popcorn", "Ведро попкорна" ],
					"model": {
						"type": "model",
						"model": "item/dried_kelp/popcorns"
					}
				}
			],
			"fallback": {
				"type": "model",
				"model": "item/dried_kelp"
			}
		},
		"on_false": {
			"type": "model",
			"model": "item/dried_kelp"
		}
	}
}