{
	"model": {
		"type": "condition",
		"property": "has_component",
		"component": "custom_name",
		"on_true": {
			"type": "select",
			"property": "component",
			"component": "custom_name",
			"cases": [
				{
					"when": [ "Black handcuffs", "Чёрные наручники" ],
					"model": {
						"type": "model",
						"model": "item/iron_ingot/handcuffs/black_handcuffs"
					}
				},
				{
					"when": [ "Iron handcuffs", "Железные наручники" ],
					"model": {
						"type": "model",
						"model": "item/iron_ingot/handcuffs/iron_handcuffs"
					}
				},
				{
					"when": [ "Pink handcuffs", "Розовые наручники" ],
					"model": {
						"type": "model",
						"model": "item/iron_ingot/handcuffs/purple_handcuffs"
					}
				},
				{
					"when": [ "Chemical test tubes", "Химические пробирки" ],
					"model": {
						"type": "model",
						"model": "item/iron_ingot/labs/probirks"
					}
				},
				{
					"when": "Медная сакура",
					"model": {
						"type": "model",
						"model": "item/iron_ingot/figurines/sakura_copper"
					}
				},
				{
					"when": "Фигурка Гвардии",
					"model": {
						"type": "model",
						"model": "item/iron_ingot/figurines/gvardia"
					}
				},
				{
					"when": [ "Remote control from the nuke", "Пульт от ядерки" ],
					"model": {
						"type": "model",
						"model": "item/iron_ingot/button/pult_ot_yaderki"
					}
				},
				{
					"when": [ "Dangerous red button", "Опасная красная кнопка" ],
					"model": {
						"type": "model",
						"model": "item/iron_ingot/button/red_button"
					}
				},
				{
					"when": [ "Homeless installation", "Бомж установка" ],
					"model": {
						"type": "model",
						"model": "item/iron_ingot/barabans/bomj_ustanovka"
					}
				},
				{
					"when": [ "Electronic drum kit", "Электронная барабанная установка" ],
					"model": {
						"type": "model",
						"model": "item/iron_ingot/barabans/barabans"
					}
				},
				{
					"when": [ "Construction fencing", "Строительное ограждение" ],
					"model": {
						"type": "model",
						"model": "item/iron_ingot/build/stoitelnoe_ograjdenie"
					}
				},
				{
					"when": [ "eForium", "ЭйФориум" ],
					"model": {
						"type": "model",
						"model": "item/iron_ingot/eforium"
					}
				},
				{
					"when": [ "Blue christmas tree toy", "Синяя ёлочная игрушка" ],
					"model": {
						"type": "model",
						"model": "item/iron_ingot/christmas_toy/blu"
					}
				},
				{
					"when": [ "Green christmas tree toy", "Зелёная ёлочная игрушка" ],
					"model": {
						"type": "model",
						"model": "item/iron_ingot/christmas_toy/green"
					}
				},
				{
					"when": [ "Red christmas tree toy", "Красная ёлочная игрушка" ],
					"model": {
						"type": "model",
						"model": "item/iron_ingot/christmas_toy/red"
					}
				},
				{
					"when": [ "Yellow christmas tree toy", "Жёлтая ёлочная игрушка" ],
					"model": {
						"type": "model",
						"model": "item/iron_ingot/christmas_toy/yellow"
					}
				}
			],
			"fallback": {
				"type": "model",
				"model": "item/iron_ingot"
			}
		},
		"on_false": {
			"type": "model",
			"model": "item/iron_ingot"
		}
	}
}