{
	"model": {
		"type": "condition",
		"property": "has_component",
		"component": "custom_name",
		"on_true": {
			"type": "select",
			"property": "component",
			"component": "custom_name",
			"cases": [
				{
					"when": [ "Bamboo Bo", "Бамбуковая Бо" ],
					"model": {
						"type": "model",
						"model": "item/netherite_sword/bamboo_trost"
					}
				},
				{
					"when": [ "Crucible", "Горнило Палача" ],
					"model": {
						"type": "model",
						"model": "item/netherite_sword/doom_sword"
					}
				},
				{
					"when": [ "Great golden sword", "Большой золотой меч" ],
					"model": {
						"type": "model",
						"model": "item/netherite_sword/golden_sword_big"
					}
				},
				{
					"when": [ "Metal katana", "Металлическая катана" ],
					"model": {
						"type": "select",
						"property": "display_context",
						"cases": [
							{
								"when": [
									"thirdperson_lefthand"
								],
								"model": {
									"type": "model",
									"model": "item/netherite_sword/katana_hand"
								}
							}
						],
						"fallback": {
							"type": "model",
							"model": "item/netherite_sword/katana"
						}
					}
				},
				{
					"when": [ "Katana Murasama", "Катана Мурасама" ],
					"model": {
						"type": "select",
						"property": "display_context",
						"cases": [
							{
								"when": [
									"thirdperson_lefthand"
								],
								"model": {
									"type": "model",
									"model": "item/netherite_sword/katana_murasama_hand"
								}
							}
						],
						"fallback": {
							"type": "model",
							"model": "item/netherite_sword/katana_murasama"
						}
					}
				},
				{
					"when": [ "Puss in Boots Sword", "Шпага кота в сапогах" ],
					"model": {
						"type": "model",
						"model": "item/netherite_sword/shpaga_pib"
					}
				},
				{
					"when": [ "Lobo Sickle", "Серп Лобо" ],
					"model": {
						"type": "model",
						"model": "item/netherite_sword/serp_lobo"
					}
				},
				{
					"when": [ "3D Blue lightsaber", "3D Синий световой меч" ],
					"model": {
						"type": "model",
						"model": "item/netherite_sword/star_wars/blue_lightsaber"
					}
				},
				{
					"when": [ "3D Green lightsaber", "3D Зелёный световой меч" ],
					"model": {
						"type": "model",
						"model": "item/netherite_sword/star_wars/green_lightsaber"
					}
				},
				{
					"when": [ "3D Red lightsaber", "3D Красный световой меч" ],
					"model": {
						"type": "model",
						"model": "item/netherite_sword/star_wars/red_lightsaber"
					}
				}
			],
			"fallback": {
				"type": "model",
				"model": "item/netherite_sword"
			}
		},
		"on_false": {
			"type": "model",
			"model": "item/netherite_sword"
		}
	}
}