{
	"model": {
		"type": "condition",
		"on_false": {
			"type": "select",
			"base": "item/shield",
			"model": {
				"type": "shield"
			},
			"property": "component",
			"component": "custom_name",
			"cases": [
				{
					"when": [ "Brutal shield", "Брутальный щит" ],
					"model": {
						"type": "model",
						"base": "item/shield/brutal_shield",
						"model": "item/shield/brutal_shield"
					}
				},
				{
					"when": [ "Roman shield", "Римский щит" ],
					"model": {
						"type": "model",
						"base": "item/shield/rim_shield",
						"model": "item/shield/rim_shield"
					}
				}
			],
			"fallback": {
				"type": "special",
				"base": "item/shield",
				"model": {
					"type": "shield"
				}
			}
		},
		"on_true": {
			"type": "select",
			"base": "item/shield_blocking",
			"model": {
				"type": "shield"
			},
			"property": "component",
			"component": "custom_name",
			"cases": [
				{
					"when": [ "Brutal shield", "Брутальный щит" ],
					"model": {
						"type": "model",
						"base": "item/shield/brutal_shield_blocking",
						"model": "item/shield/brutal_shield_blocking"
					}
				},
				{
					"when": [ "Roman shield", "Римский щит" ],
					"model": {
						"type": "model",
						"base": "item/shield/rim_shield_blocking",
						"model": "item/shield/rim_shield_blocking"
					}
				}
			],
			"fallback": {
				"type": "special",
				"base": "item/shield_blocking",
				"model": {
					"type": "shield"
				}
			}
		},
		"property": "using_item"
	}
}