{
	"model": {
		"type": "condition",
		"property": "has_component",
		"component": "custom_name",
		"on_true": {
			"type": "select",
			"property": "component",
			"component": "custom_name",
			"cases": [
				{
					"when": [ "Red green carpet", "Красно зелёный ковёр" ],
					"model": {
						"type": "model",
						"model": "item/white_carpet/red_green_cover"
					}
				}
			],
			"fallback": {
				"type": "model",
				"model": "block/white_carpet"
			}
		},
		"on_false": {
			"type": "model",
			"model": "block/white_carpet"
		}
	}
}