{
	"model": {
		"type": "condition",
		"property": "has_component",
		"component": "custom_name",
		"on_true": {
			"type": "select",
			"property": "component",
			"component": "custom_name",
			"cases": [
				{
					"when": [ "Black guitar", "Чёрная гитара" ],
					"model": {
						"type": "model",
						"model": "item/wooden_axe/dark_gitar"
					}
				},
				{
					"when": [ "Electric guitar", "Электрогитара" ],
					"model": {
						"type": "model",
						"model": "item/wooden_axe/electrogitar"
					}
				},
				{
					"when": [ "Regular guitar", "Обычная гитара" ],
					"model": {
						"type": "model",
						"model": "item/wooden_axe/gitar"
					}
				},
				{
					"when": [ "Letov's guitar", "Гитара Летова" ],
					"model": {
						"type": "model",
						"model": "item/wooden_axe/gitar_letov"
					}
				},
				{
					"when": [ "Rudjish's guitar", "Гитара Руди" ],
					"model": {
						"type": "model",
						"model": "item/wooden_axe/gitar_rudi"
					}
				},
				{
					"when": [ "Lute", "Лютня" ],
					"model": {
						"type": "model",
						"model": "item/wooden_axe/lutnia"
					}
				}
			],
			"fallback": {
				"type": "model",
				"model": "item/wooden_axe"
			}
		},
		"on_false": {
			"type": "model",
			"model": "item/wooden_axe"
		}
	}
}