{
	"model": {
		"type": "condition",
		"property": "has_component",
		"component": "custom_name",
		"on_true": {
			"type": "select",
			"property": "component",
			"component": "custom_name",
			"cases": [
				{
					"when": [ "Mop", "Швабра" ],
					"model": {
						"type": "model",
						"model": "item/brush/mop"
					}
				},
				{
					"when": [ "Mop with cloth", "Швабра c тряпкой" ],
					"model": {
						"type": "model",
						"model": "item/brush/mop_with_cloth"
					}
				}
			],
			"fallback": {
				"type": "model",
				"model": "item/brush"
			}
		},
		"on_false": {
			"type": "model",
			"model": "item/brush"
		}
	}
}