{
	"model": {
		"type": "condition",
		"property": "has_component",
		"component": "custom_name",
		"on_true": {
			"type": "select",
			"property": "component",
			"component": "custom_name",
			"cases": [
				{
					"when": [ "Convolvulus", "Вьюнок" ],
					"model": {
						"type": "model",
						"model": "item/carved_pumpkin/vyunki/vyunok"
					}
				},
				{
					"when": [ "Convolvulus of azalea", "Вьюнок из азалии" ],
					"model": {
						"type": "model",
						"model": "item/carved_pumpkin/vyunki/vyunok_azalii"
					}
				},
				{
					"when": [ "Convolvulus of sakura", "Вьюнок из сакуры" ],
					"model": {
						"type": "model",
						"model": "item/carved_pumpkin/vyunki/vyunok_sakura"
					}
				},
				{
					"when": [ "Convolvulus of berries", "Вьюнок из ягод" ],
					"model": {
						"type": "model",
						"model": "item/carved_pumpkin/vyunki/vyunok_azalii"
					}
				},
				{
					"when": [ "Cool black sunglasses 1", "Крутые чёрные очки 1" ],
					"model": {
						"type": "model",
						"model": "item/carved_pumpkin/o4ku/black_glasses/black_glasses_1"
					}
				},
				{
					"when": [ "Cool black sunglasses 2", "Крутые чёрные очки 2" ],
					"model": {
						"type": "model",
						"model": "item/carved_pumpkin/o4ku/black_glasses/black_glasses_2"
					}
				},
				{
					"when": [ "Cool black sunglasses 3", "Крутые чёрные очки 3" ],
					"model": {
						"type": "model",
						"model": "item/carved_pumpkin/o4ku/black_glasses/black_glasses_3"
					}
				},
				{
					"when": [ "Cool black sunglasses 4", "Крутые чёрные очки 4" ],
					"model": {
						"type": "model",
						"model": "item/carved_pumpkin/o4ku/black_glasses/black_glasses_4"
					}
				},
				{
					"when": [ "Movie glasses 1", "Кино очки 1" ],
					"model": {
						"type": "model",
						"model": "item/carved_pumpkin/o4ku/cinema_glasses/cinema_glasses_1"
					}
				},
				{
					"when": [ "Movie glasses 2", "Кино очки 2" ],
					"model": {
						"type": "model",
						"model": "item/carved_pumpkin/o4ku/cinema_glasses/cinema_glasses_2"
					}
				},
				{
					"when": [ "Movie glasses 3", "Кино очки 3" ],
					"model": {
						"type": "model",
						"model": "item/carved_pumpkin/o4ku/cinema_glasses/cinema_glasses_3"
					}
				},
				{
					"when": [ "Movie glasses 4", "Кино очки 4" ],
					"model": {
						"type": "model",
						"model": "item/carved_pumpkin/o4ku/cinema_glasses/cinema_glasses_4"
					}
				},
				{
					"when": [ "Sexy sunglasses 1", "Сексуальные очки 1" ],
					"model": {
						"type": "model",
						"model": "item/carved_pumpkin/o4ku/cool_glasses/cool_glasses_1"
					}
				},
				{
					"when": [ "Sexy sunglasses 2", "Сексуальные очки 2" ],
					"model": {
						"type": "model",
						"model": "item/carved_pumpkin/o4ku/cool_glasses/cool_glasses_2"
					}
				},
				{
					"when": [ "Sexy sunglasses 3", "Сексуальные очки 3" ],
					"model": {
						"type": "model",
						"model": "item/carved_pumpkin/o4ku/cool_glasses/cool_glasses_3"
					}
				},
				{
					"when": [ "Sexy sunglasses 4", "Сексуальные очки 4" ],
					"model": {
						"type": "model",
						"model": "item/carved_pumpkin/o4ku/cool_glasses/cool_glasses_4"
					}
				},
				{
					"when": [ "Copper monocle 1", "Медный монокль 1" ],
					"model": {
						"type": "model",
						"model": "item/carved_pumpkin/o4ku/copper_monocle/copper_monocle_1"
					}
				},
				{
					"when": [ "Copper monocle 2", "Медный монокль 2" ],
					"model": {
						"type": "model",
						"model": "item/carved_pumpkin/o4ku/copper_monocle/copper_monocle_2"
					}
				},
				{
					"when": [ "Copper monocle 3", "Медный монокль 3" ],
					"model": {
						"type": "model",
						"model": "item/carved_pumpkin/o4ku/copper_monocle/copper_monocle_3"
					}
				},
				{
					"when": [ "Copper monocle 4", "Медный монокль 4" ],
					"model": {
						"type": "model",
						"model": "item/carved_pumpkin/o4ku/copper_monocle/copper_monocle_4"
					}
				},
				{
					"when": [ "Gold monocle 1", "Золотой монокль 1" ],
					"model": {
						"type": "model",
						"model": "item/carved_pumpkin/o4ku/gold_monocle/gold_monocle_1"
					}
				},
				{
					"when": [ "Gold monocle 2", "Золотой монокль 2" ],
					"model": {
						"type": "model",
						"model": "item/carved_pumpkin/o4ku/gold_monocle/gold_monocle_2"
					}
				},
				{
					"when": [ "Gold monocle 3", "Золотой монокль 3" ],
					"model": {
						"type": "model",
						"model": "item/carved_pumpkin/o4ku/gold_monocle/gold_monocle_3"
					}
				},
				{
					"when": [ "Gold monocle 4", "Золотой монокль 4" ],
					"model": {
						"type": "model",
						"model": "item/carved_pumpkin/o4ku/gold_monocle/gold_monocle_4"
					}
				},
				{
					"when": [ "Green glasses purpose 1", "Очки зелёного назначения 1" ],
					"model": {
						"type": "model",
						"model": "item/carved_pumpkin/o4ku/green_glasses/green_glasses_1"
					}
				},
				{
					"when": [ "Green glasses purpose 2", "Очки зелёного назначения 2" ],
					"model": {
						"type": "model",
						"model": "item/carved_pumpkin/o4ku/green_glasses/green_glasses_2"
					}
				},
				{
					"when": [ "Green glasses purpose 3", "Очки зелёного назначения 3" ],
					"model": {
						"type": "model",
						"model": "item/carved_pumpkin/o4ku/green_glasses/green_glasses_3"
					}
				},
				{
					"when": [ "Green glasses purpose 4", "Очки зелёного назначения 4" ],
					"model": {
						"type": "model",
						"model": "item/carved_pumpkin/o4ku/green_glasses/green_glasses_4"
					}
				},
				{
					"when": [ "Simplified monocle 1", "Упрощённый монокль 1" ],
					"model": {
						"type": "model",
						"model": "item/carved_pumpkin/o4ku/simple_monocle/simple_monocle_1"
					}
				},
				{
					"when": [ "Simplified monocle 2", "Упрощённый монокль 2" ],
					"model": {
						"type": "model",
						"model": "item/carved_pumpkin/o4ku/simple_monocle/simple_monocle_2"
					}
				},
				{
					"when": [ "Simplified monocle 3", "Упрощённый монокль 3" ],
					"model": {
						"type": "model",
						"model": "item/carved_pumpkin/o4ku/simple_monocle/simple_monocle_3"
					}
				},
				{
					"when": [ "Simplified monocle 4", "Упрощённый монокль 4" ],
					"model": {
						"type": "model",
						"model": "item/carved_pumpkin/o4ku/simple_monocle/simple_monocle_4"
					}
				},
				{
					"when": "࢟Цилиндр БХ⢚",
					"model": {
						"type": "model",
						"model": "item/carved_pumpkin/cylinder/black_hat"
					}
				},
				{
					"when": [ "Black cylinder", "Чёрный цилиндр" ],
					"model": {
						"type": "model",
						"model": "item/carved_pumpkin/cylinder/cylinder"
					}
				},
				{
					"when": [ "Cylinder with clasp", "Цилиндр с застёжкой" ],
					"model": {
						"type": "model",
						"model": "item/carved_pumpkin/cylinder/cylinder_2"
					}
				},
				{
					"when": [ "Uncle Sam's cylinder", "Цилиндр дяди Сэма" ],
					"model": {
						"type": "model",
						"model": "item/carved_pumpkin/cylinder/cylinder_dadyi_sema"
					}
				},
				{
					"when": [ "Ghastly Gibus", "Жуткий шапокляк" ],
					"model": {
						"type": "model",
						"model": "item/carved_pumpkin/cylinder/cylinder_gibus"
					}
				},
				{
					"when": [ "Long cylinder with clasp", "Длинный цилиндр с застёжкой" ],
					"model": {
						"type": "model",
						"model": "item/carved_pumpkin/cylinder/cylinder_long"
					}
				},
				{
					"when": [ "Steampunk cylinder", "Стимпанк цилиндр" ],
					"model": {
						"type": "model",
						"model": "item/carved_pumpkin/cylinder/cylinder_steampunk"
					}
				},
				{
					"when": [ "Mini cylinder", "Мини цилиндр" ],
					"model": {
						"type": "model",
						"model": "item/carved_pumpkin/cylinder/mini_cylinder"
					}
				},
				{
					"when": [ "Anger", "Злость" ],
					"model": {
						"type": "model",
						"model": "item/carved_pumpkin/emotes/angry"
					}
				},
				{
					"when": [ "Puke", "Блевать" ],
					"model": {
						"type": "model",
						"model": "item/carved_pumpkin/emotes/blevotnya"
					}
				},
				{
					"when": [ "Hearts", "Сердечки" ],
					"model": {
						"type": "model",
						"model": "item/carved_pumpkin/emotes/heart"
					}
				},
				{
					"when": [ "Weeping", "Плач" ],
					"model": {
						"type": "model",
						"model": "item/carved_pumpkin/emotes/plak"
					}
				},
				{
					"when": [ "Fear", "Страх" ],
					"model": {
						"type": "model",
						"model": "item/carved_pumpkin/emotes/pot"
					}
				},
				{
					"when": [ "Shock", "Шок" ],
					"model": {
						"type": "model",
						"model": "item/carved_pumpkin/emotes/shok"
					}
				},
				{
					"when": [ "Fruit Shoot", "В яблочко" ],
					"model": {
						"type": "model",
						"model": "item/carved_pumpkin/fruit_shoot/fruit_shoot"
					}
				},
				{
					"when": [ "Fruit Shoot dangerous", "В яблочко опасное" ],
					"model": {
						"type": "model",
						"model": "item/carved_pumpkin/fruit_shoot/fruit_shoot_dangerous"
					}
				},
				{
					"when": [ "Fruit Shoot Tasty", "В яблочко вкусное" ],
					"model": {
						"type": "model",
						"model": "item/carved_pumpkin/fruit_shoot/fruit_shoot_tasty"
					}
				},
				{
					"when": [ "Green Fruit Shoot", "Зелёное в яблочко" ],
					"model": {
						"type": "model",
						"model": "item/carved_pumpkin/fruit_shoot/green_fruit_shoot"
					}
				},
				{
					"when": [ "Green Fruit Shoot dangerous", "Зелёное в яблочко опасное" ],
					"model": {
						"type": "model",
						"model": "item/carved_pumpkin/fruit_shoot/green_fruit_shoot_dangerous"
					}
				},
				{
					"when": [ "Green Fruit Shoot Tasty", "Зелёное в яблочко вкусное" ],
					"model": {
						"type": "model",
						"model": "item/carved_pumpkin/fruit_shoot/green_fruit_shoot_tasty"
					}
				},
				{
					"when": [ "Red Team Captain", "Красный капитан команды" ],
					"model": {
						"type": "model",
						"model": "item/carved_pumpkin/furajka/capitan_comands"
					}
				},
				{
					"when": [ "Honcho's Headgear", "Фуражка командира" ],
					"model": {
						"type": "model",
						"model": "item/carved_pumpkin/furajka/comander"
					}
				},
				{
					"when": [ "Police cap", "Фуражка полицейского" ],
					"model": {
						"type": "model",
						"model": "item/carved_pumpkin/furajka/police"
					}
				},
				{
					"when": [ "Cab driver's cap", "Фуражка таксиста" ],
					"model": {
						"type": "model",
						"model": "item/carved_pumpkin/furajka/taxi"
					}
				},
				{
					"when": [ "Afro", "Афро" ],
					"model": {
						"type": "model",
						"model": "item/carved_pumpkin/hair/afro"
					}
				},
				{
					"when": [ "The living eye", "Живой глаз" ],
					"model": {
						"type": "model",
						"model": "item/carved_pumpkin/halloween/eye"
					}
				},
				{
					"when": [ "Magic hood", "Магический колпак" ],
					"model": {
						"type": "model",
						"model": "item/carved_pumpkin/halloween/magic_colpak"
					}
				},
				{
					"when": [ "Scarecrow mask", "Маска пугала" ],
					"model": {
						"type": "model",
						"model": "item/carved_pumpkin/halloween/pugalo"
					}
				},
				{
					"when": [ "Horseless Headless Horsemann", "Пеший всадник без головы" ],
					"model": {
						"type": "model",
						"model": "item/carved_pumpkin/halloween/tblkba"
					}
				},
				{
					"when": [ "Batman mask 1", "Маска Бэтмена 1" ],
					"model": {
						"type": "model",
						"model": "item/carved_pumpkin/mask/batman/batman_1"
					}
				},
				{
					"when": [ "Batman mask 2", "Маска Бэтмена 2" ],
					"model": {
						"type": "model",
						"model": "item/carved_pumpkin/mask/batman/batman_2"
					}
				},
				{
					"when": [ "Batman mask 3", "Маска Бэтмена 3" ],
					"model": {
						"type": "model",
						"model": "item/carved_pumpkin/mask/batman/batman_3"
					}
				},
				{
					"when": [ "Batman mask 4", "Маска Бэтмена 4" ],
					"model": {
						"type": "model",
						"model": "item/carved_pumpkin/mask/batman/batman_4"
					}
				},
				{
					"when": [ "Blue Mask 1", "Синяя маска 1" ],
					"model": {
						"type": "model",
						"model": "item/carved_pumpkin/mask/blue/blue_1"
					}
				},
				{
					"when": [ "Blue Mask 2", "Синяя маска 2" ],
					"model": {
						"type": "model",
						"model": "item/carved_pumpkin/mask/blue/blue_2"
					}
				},
				{
					"when": [ "Blue Mask 3", "Синяя маска 3" ],
					"model": {
						"type": "model",
						"model": "item/carved_pumpkin/mask/blue/blue_3"
					}
				},
				{
					"when": [ "Blue Mask 4", "Синяя маска 4" ],
					"model": {
						"type": "model",
						"model": "item/carved_pumpkin/mask/blue/blue_4"
					}
				},
				{
					"when": [ "Bloody Face Plante", "Кровавая хоккейная маска" ],
					"model": {
						"type": "model",
						"model": "item/carved_pumpkin/mask/face_plante"
					}
				},
				{
					"when": [ "Fire Tooth", "Огнеежка" ],
					"model": {
						"type": "model",
						"model": "item/carved_pumpkin/mask/fire_tooth"
					}
				},
				{
					"when": [ "Gradient mask 1", "Маска Градиента 1" ],
					"model": {
						"type": "model",
						"model": "item/carved_pumpkin/mask/gradient/gradient_1"
					}
				},
				{
					"when": [ "Gradient mask 2", "Маска Градиента 2" ],
					"model": {
						"type": "model",
						"model": "item/carved_pumpkin/mask/gradient/gradient_2"
					}
				},
				{
					"when": [ "Gradient mask 3", "Маска Градиента 3" ],
					"model": {
						"type": "model",
						"model": "item/carved_pumpkin/mask/gradient/gradient_3"
					}
				},
				{
					"when": [ "Gradient mask 4", "Маска Градиента 4" ],
					"model": {
						"type": "model",
						"model": "item/carved_pumpkin/mask/gradient/gradient_4"
					}
				},
				{
					"when": [ "Lutatto Mask 1", "Маска Лутатто 1" ],
					"model": {
						"type": "model",
						"model": "item/carved_pumpkin/mask/lutatto/lutatto_1"
					}
				},
				{
					"when": [ "Lutatto Mask 2", "Маска Лутатто 2" ],
					"model": {
						"type": "model",
						"model": "item/carved_pumpkin/mask/lutatto/lutatto_2"
					}
				},
				{
					"when": [ "Lutatto Mask 3", "Маска Лутатто 3" ],
					"model": {
						"type": "model",
						"model": "item/carved_pumpkin/mask/lutatto/lutatto_3"
					}
				},
				{
					"when": [ "Lutatto Mask 4", "Маска Лутатто 4" ],
					"model": {
						"type": "model",
						"model": "item/carved_pumpkin/mask/lutatto/lutatto_4"
					}
				},
				{
					"when": [ "Mad Mask", "Безумный в маске" ],
					"model": {
						"type": "model",
						"model": "item/carved_pumpkin/mask/mad_mask"
					}
				},
				{
					"when": [ "Bag on the head 1", "Пакет на голову 1" ],
					"model": {
						"type": "model",
						"model": "item/carved_pumpkin/mask/paper_pocet/paper_pocet_1"
					}
				},
				{
					"when": [ "Bag on the head 2", "Пакет на голову 2" ],
					"model": {
						"type": "model",
						"model": "item/carved_pumpkin/mask/paper_pocet/paper_pocet_2"
					}
				},
				{
					"when": [ "Bag on the head 3", "Пакет на голову 3" ],
					"model": {
						"type": "model",
						"model": "item/carved_pumpkin/mask/paper_pocet/paper_pocet_3"
					}
				},
				{
					"when": [ "Bag on the head 4", "Пакет на голову 4" ],
					"model": {
						"type": "model",
						"model": "item/carved_pumpkin/mask/paper_pocet/paper_pocet_4"
					}
				},
				{
					"when": [ "Halloween mask", "Хэллоуинская маска" ],
					"model": {
						"type": "model",
						"model": "item/carved_pumpkin/mask/pwnight_halloween_mask"
					}
				},
				{
					"when": [ "Disguise Demoman", "Маскировка подрывник" ],
					"model": {
						"type": "model",
						"model": "item/carved_pumpkin/mask/spy/disguise_demo"
					}
				},
				{
					"when": [ "Disguise engineer", "Маскировка инженер" ],
					"model": {
						"type": "model",
						"model": "item/carved_pumpkin/mask/spy/disguise_engineer"
					}
				},
				{
					"when": [ "Disguise Heavy", "Маскировка пулемётчик" ],
					"model": {
						"type": "model",
						"model": "item/carved_pumpkin/mask/spy/disguise_heavy"
					}
				},
				{
					"when": [ "Disguise Medic", "Маскировка медик" ],
					"model": {
						"type": "model",
						"model": "item/carved_pumpkin/mask/spy/disguise_medic"
					}
				},
				{
					"when": [ "Disguise Pyro", "Маскировка поджигатель" ],
					"model": {
						"type": "model",
						"model": "item/carved_pumpkin/mask/spy/disguise_pyro"
					}
				},
				{
					"when": [ "Disguise Skout", "Маскировка разведчик" ],
					"model": {
						"type": "model",
						"model": "item/carved_pumpkin/mask/spy/disguise_skout"
					}
				},
				{
					"when": [ "Disguise Sniper", "Маскировка снайпер" ],
					"model": {
						"type": "model",
						"model": "item/carved_pumpkin/mask/spy/disguise_sniper"
					}
				},
				{
					"when": [ "Disguise soldier", "Маскировка солдат" ],
					"model": {
						"type": "model",
						"model": "item/carved_pumpkin/mask/spy/disguise_soldat"
					}
				},
				{
					"when": [ "Disguise Spy", "Маскировка шпион" ],
					"model": {
						"type": "model",
						"model": "item/carved_pumpkin/mask/spy/disguise_spy"
					}
				},
				{
					"when": [ "Disguise Webber", "Маскировка Веббер" ],
					"model": {
						"type": "model",
						"model": "item/carved_pumpkin/mask/spy/disguise_webber"
					}
				},
				{
					"when": [ "Green waves", "Зелёные волны" ],
					"model": {
						"type": "model",
						"model": "item/carved_pumpkin/mental/green_mental"
					}
				},
				{
					"when": [ "Blue waves", "Синие волны" ],
					"model": {
						"type": "model",
						"model": "item/carved_pumpkin/mental/mental"
					}
				},
				{
					"when": [ "Red waves", "Красные волны" ],
					"model": {
						"type": "model",
						"model": "item/carved_pumpkin/mental/red_mental"
					}
				},
				{
					"when": [ "Yellow waves", "Жёлтые волны" ],
					"model": {
						"type": "model",
						"model": "item/carved_pumpkin/mental/yellow_mental"
					}
				},
				{
					"when": [ "Cheater's Lament", "Нимб праведника" ],
					"model": {
						"type": "model",
						"model": "item/carved_pumpkin/nimbus/nimbus"
					}
				},
				{
					"when": [ "Devil's horns", "Рожки дьявола" ],
					"model": {
						"type": "model",
						"model": "item/carved_pumpkin/obodki/rojki_diavola"
					}
				},
				{
					"when": [ "Rabbit ears", "Ушки кролика" ],
					"model": {
						"type": "model",
						"model": "item/carved_pumpkin/obodki/ushki_krolika"
					}
				},
				{
					"when": [ "Cat ears", "Ушки котика" ],
					"model": {
						"type": "model",
						"model": "item/carved_pumpkin/obodki/uski_kota"
					}
				},
				{
					"when": [ "Captain's triangle", "Капитанская треуголка" ],
					"model": {
						"type": "model",
						"model": "item/carved_pumpkin/pirats/capitan_black"
					}
				},
				{
					"when": [ "Triangle with gold trim", "Треуголка с золотой отделкой" ],
					"model": {
						"type": "model",
						"model": "item/carved_pumpkin/pirats/capitan_gold"
					}
				},
				{
					"when": [ "Weathered triangle", "Выветрившаяся треуголка" ],
					"model": {
						"type": "model",
						"model": "item/carved_pumpkin/pirats/capitan_old"
					}
				},
				{
					"when": [ "Turtle", "Черепашка" ],
					"model": {
						"type": "model",
						"model": "item/carved_pumpkin/pitomec/turtle"
					}
				},
				{
					"when": [ "Rainbow crab", "Радужный краб" ],
					"model": {
						"type": "model",
						"model": "item/carved_pumpkin/pitomec/vote_crab"
					}
				},
				{
					"when": [ "Blue axolotl", "Фиолетовый аксолотль" ],
					"model": {
						"type": "model",
						"model": "item/carved_pumpkin/pitomec/axolotl/axolotl_blue"
					}
				},
				{
					"when": [ "Cyan axolotl", "Голубой аксолотль" ],
					"model": {
						"type": "model",
						"model": "item/carved_pumpkin/pitomec/axolotl/axolotl_cyan"
					}
				},
				{
					"when": [ "Gold axolotl", "Золотой аксолотль" ],
					"model": {
						"type": "model",
						"model": "item/carved_pumpkin/pitomec/axolotl/axolotl_gold"
					}
				},
				{
					"when": [ "Axolotl", "Аксолотль" ],
					"model": {
						"type": "model",
						"model": "item/carved_pumpkin/pitomec/axolotl/axolotl_lucy"
					}
				},
				{
					"when": [ "Wild axolotl", "Дикий аксолотль" ],
					"model": {
						"type": "model",
						"model": "item/carved_pumpkin/pitomec/axolotl/axolotl_wild"
					}
				},
				{
					"when": [ "Black cat", "Чёрная кошка" ],
					"model": {
						"type": "model",
						"model": "item/carved_pumpkin/pitomec/cats/all_black_cat"
					}
				},
				{
					"when": [ "Tuxedo cat", "Чёрно-белая кошка" ],
					"model": {
						"type": "model",
						"model": "item/carved_pumpkin/pitomec/cats/black_cat"
					}
				},
				{
					"when": [ "British Shorthair cat", "Британская кошка" ],
					"model": {
						"type": "model",
						"model": "item/carved_pumpkin/pitomec/cats/british_shorthair_cat"
					}
				},
				{
					"when": [ "Calico cat", "Ситцевая кошка" ],
					"model": {
						"type": "model",
						"model": "item/carved_pumpkin/pitomec/cats/calico_cat"
					}
				},
				{
					"when": [ "Jellie cat", "Джелли кошка" ],
					"model": {
						"type": "model",
						"model": "item/carved_pumpkin/pitomec/cats/jellie_cat"
					}
				},
				{
					"when": [ "Ocelot", "Оцелот" ],
					"model": {
						"type": "model",
						"model": "item/carved_pumpkin/pitomec/cats/ocelot"
					}
				},
				{
					"when": [ "Persian cat", "Персидская кошка" ],
					"model": {
						"type": "model",
						"model": "item/carved_pumpkin/pitomec/cats/persian_cat"
					}
				},
				{
					"when": [ "Ragdoll cat", "Рэгдолл кошка" ],
					"model": {
						"type": "model",
						"model": "item/carved_pumpkin/pitomec/cats/ragdoll_cat"
					}
				},
				{
					"when": [ "Red cat", "Рыжая кошка" ],
					"model": {
						"type": "model",
						"model": "item/carved_pumpkin/pitomec/cats/red_cat"
					}
				},
				{
					"when": [ "Siamese cat", "Сиамская кошка" ],
					"model": {
						"type": "model",
						"model": "item/carved_pumpkin/pitomec/cats/siamese_cat"
					}
				},
				{
					"when": [ "Tabby cat", "Полосатая кошка" ],
					"model": {
						"type": "model",
						"model": "item/carved_pumpkin/pitomec/cats/tabby_cat"
					}
				},
				{
					"when": [ "White cat", "Белая кошка" ],
					"model": {
						"type": "model",
						"model": "item/carved_pumpkin/pitomec/cats/white_cat"
					}
				},
				{
					"when": [ "Spider:3", "Паучок:3", "Павучок:3" ],
					"model": {
						"type": "model",
						"model": "item/carved_pumpkin/pitomec/mini-spider/mini-spider"
					}
				},
				{
					"when": [ "Blue armband", "Синяя повязка" ],
					"model": {
						"type": "model",
						"model": "item/carved_pumpkin/povazka/b_povazka"
					}
				},
				{
					"when": [ "Green armband", "Зелёная повязка" ],
					"model": {
						"type": "model",
						"model": "item/carved_pumpkin/povazka/g_povazka"
					}
				},
				{
					"when": [ "Gray armband", "Серая повязка" ],
					"model": {
						"type": "model",
						"model": "item/carved_pumpkin/povazka/gr_povazka"
					}
				},
				{
					"when": [ "Orange armband", "Оранжевая повязка" ],
					"model": {
						"type": "model",
						"model": "item/carved_pumpkin/povazka/o_povazka"
					}
				},
				{
					"when": [ "Purple armband", "Фиолетовая повязка" ],
					"model": {
						"type": "model",
						"model": "item/carved_pumpkin/povazka/p_povazka"
					}
				},
				{
					"when": [ "Red armband", "Красная повязка" ],
					"model": {
						"type": "model",
						"model": "item/carved_pumpkin/povazka/r_povazka"
					}
				},
				{
					"when": [ "White armband", "Белая повязка" ],
					"model": {
						"type": "model",
						"model": "item/carved_pumpkin/povazka/w_povazka"
					}
				},
				{
					"when": [ "Yellow armband", "Жёлтая повязка" ],
					"model": {
						"type": "model",
						"model": "item/carved_pumpkin/povazka/y_povazka"
					}
				},
				{
					"when": [ "Construction helmet", "Строительная каска" ],
					"model": {
						"type": "model",
						"model": "item/carved_pumpkin/profesions/stroitel_hat"
					}
				},
				{
					"when": [ "Blue underwater mask 1", "Синяя подводная маска 1" ],
					"model": {
						"type": "model",
						"model": "item/carved_pumpkin/water_mask/water_mask_b/water_mask_b_1"
					}
				},
				{
					"when": [ "Blue underwater mask 2", "Синяя подводная маска 2" ],
					"model": {
						"type": "model",
						"model": "item/carved_pumpkin/water_mask/water_mask_b/water_mask_b_2"
					}
				},
				{
					"when": [ "Blue underwater mask 3", "Синяя подводная маска 3" ],
					"model": {
						"type": "model",
						"model": "item/carved_pumpkin/water_mask/water_mask_b/water_mask_b_3"
					}
				},
				{
					"when": [ "Green underwater mask 1", "Зелёная подводная маска 1" ],
					"model": {
						"type": "model",
						"model": "item/carved_pumpkin/water_mask/water_mask_g/water_mask_g_1"
					}
				},
				{
					"when": [ "Green underwater mask 2", "Зелёная подводная маска 2" ],
					"model": {
						"type": "model",
						"model": "item/carved_pumpkin/water_mask/water_mask_g/water_mask_g_2"
					}
				},
				{
					"when": [ "Green underwater mask 3", "Зелёная подводная маска 3" ],
					"model": {
						"type": "model",
						"model": "item/carved_pumpkin/water_mask/water_mask_g/water_mask_g_3"
					}
				},
				{
					"when": [ "Gray underwater mask 1", "Серая подводная маска 1" ],
					"model": {
						"type": "model",
						"model": "item/carved_pumpkin/water_mask/water_mask_gr/water_mask_gr_1"
					}
				},
				{
					"when": [ "Gray underwater mask 2", "Серая подводная маска 2" ],
					"model": {
						"type": "model",
						"model": "item/carved_pumpkin/water_mask/water_mask_gr/water_mask_gr_2"
					}
				},
				{
					"when": [ "Gray underwater mask 3", "Серая подводная маска 3" ],
					"model": {
						"type": "model",
						"model": "item/carved_pumpkin/water_mask/water_mask_gr/water_mask_gr_3"
					}
				},
				{
					"when": [ "Orange underwater mask 1", "Оранжевая подводная маска 1" ],
					"model": {
						"type": "model",
						"model": "item/carved_pumpkin/water_mask/water_mask_o/water_mask_o_1"
					}
				},
				{
					"when": [ "Orange underwater mask 2", "Оранжевая подводная маска 2" ],
					"model": {
						"type": "model",
						"model": "item/carved_pumpkin/water_mask/water_mask_o/water_mask_o_2"
					}
				},
				{
					"when": [ "Orange underwater mask 3", "Оранжевая подводная маска 3" ],
					"model": {
						"type": "model",
						"model": "item/carved_pumpkin/water_mask/water_mask_o/water_mask_o_3"
					}
				},
				{
					"when": [ "Purple underwater mask 1", "Фиолетовая подводная маска 1" ],
					"model": {
						"type": "model",
						"model": "item/carved_pumpkin/water_mask/water_mask_p/water_mask_p_1"
					}
				},
				{
					"when": [ "Purple underwater mask 2", "Фиолетовая подводная маска 2" ],
					"model": {
						"type": "model",
						"model": "item/carved_pumpkin/water_mask/water_mask_p/water_mask_p_2"
					}
				},
				{
					"when": [ "Purple underwater mask 3", "Фиолетовая подводная маска 3" ],
					"model": {
						"type": "model",
						"model": "item/carved_pumpkin/water_mask/water_mask_p/water_mask_p_3"
					}
				},
				{
					"when": [ "Red underwater mask 1", "Красная подводная маска 1" ],
					"model": {
						"type": "model",
						"model": "item/carved_pumpkin/water_mask/water_mask_r/water_mask_r_1"
					}
				},
				{
					"when": [ "Red underwater mask 2", "Красная подводная маска 2" ],
					"model": {
						"type": "model",
						"model": "item/carved_pumpkin/water_mask/water_mask_r/water_mask_r_2"
					}
				},
				{
					"when": [ "Red underwater mask 3", "Красная подводная маска 3" ],
					"model": {
						"type": "model",
						"model": "item/carved_pumpkin/water_mask/water_mask_r/water_mask_r_3"
					}
				},
				{
					"when": [ "White underwater mask 1", "Белая подводная маска 1" ],
					"model": {
						"type": "model",
						"model": "item/carved_pumpkin/water_mask/water_mask_w/water_mask_w_1"
					}
				},
				{
					"when": [ "White underwater mask 2", "Белая подводная маска 2" ],
					"model": {
						"type": "model",
						"model": "item/carved_pumpkin/water_mask/water_mask_w/water_mask_w_2"
					}
				},
				{
					"when": [ "White underwater mask 3", "Белая подводная маска 3" ],
					"model": {
						"type": "model",
						"model": "item/carved_pumpkin/water_mask/water_mask_w/water_mask_w_3"
					}
				},
				{
					"when": [ "Yellow underwater mask 1", "Жёлтая подводная маска 1" ],
					"model": {
						"type": "model",
						"model": "item/carved_pumpkin/water_mask/water_mask_y/water_mask_y_1"
					}
				},
				{
					"when": [ "Yellow underwater mask 2", "Жёлтая подводная маска 2" ],
					"model": {
						"type": "model",
						"model": "item/carved_pumpkin/water_mask/water_mask_y/water_mask_y_2"
					}
				},
				{
					"when": [ "Yellow underwater mask 3", "Жёлтая подводная маска 3" ],
					"model": {
						"type": "model",
						"model": "item/carved_pumpkin/water_mask/water_mask_y/water_mask_y_3"
					}
				},
				{
					"when": [ "Simple earflap", "Простая ушанка" ],
					"model": {
						"type": "model",
						"model": "item/carved_pumpkin/winter/ushanka"
					}
				},
				{
					"when": [ "DST headphones", "Наушники из ДСТ" ],
					"model": {
						"type": "model",
						"model": "item/carved_pumpkin/winter/naushniki/naushniki_dst"
					}
				},
				{
					"when": [ "New Year's cap", "Новогодний колпак" ],
					"model": {
						"type": "model",
						"model": "item/carved_pumpkin/winter/novogodii/novogodii_kolpak"
					}
				},
				{
					"when": [ "Blue hat", "Синяя шапка" ],
					"model": {
						"type": "model",
						"model": "item/carved_pumpkin/winter/shapka/b_shapka"
					}
				},
				{
					"when": [ "Green hat", "Зелёная шапка" ],
					"model": {
						"type": "model",
						"model": "item/carved_pumpkin/winter/shapka/g_shapka"
					}
				},
				{
					"when": [ "Gray hat", "Серая шапка" ],
					"model": {
						"type": "model",
						"model": "item/carved_pumpkin/winter/shapka/gr_shapka"
					}
				},
				{
					"when": [ "Orange hat", "Оранжевая шапка" ],
					"model": {
						"type": "model",
						"model": "item/carved_pumpkin/winter/shapka/o_shapka"
					}
				},
				{
					"when": [ "Purple hat", "Фиолетовая шапка" ],
					"model": {
						"type": "model",
						"model": "item/carved_pumpkin/winter/shapka/p_shapka"
					}
				},
				{
					"when": [ "Red hat", "Красная шапка" ],
					"model": {
						"type": "model",
						"model": "item/carved_pumpkin/winter/shapka/r_shapka"
					}
				},
				{
					"when": [ "White hat", "Белая шапка" ],
					"model": {
						"type": "model",
						"model": "item/carved_pumpkin/winter/shapka/w_shapka"
					}
				},
				{
					"when": [ "Yellow hat", "Жёлтая шапка" ],
					"model": {
						"type": "model",
						"model": "item/carved_pumpkin/winter/shapka/y_shapka"
					}
				},
				{
					"when": [ "Red-Green scarf", "Красно-зелёный шарф" ],
					"model": {
						"type": "model",
						"model": "item/carved_pumpkin/winter/sharf/sharf_red_and_green"
					}
				},
				{
					"when": [ "Red scarf", "Красный шарф" ],
					"model": {
						"type": "model",
						"model": "item/carved_pumpkin/winter/sharf/red_sharf"
					}
				},
				{
					"when": [ "Question mark", "Вопросительный знак" ],
					"model": {
						"type": "model",
						"model": "item/carved_pumpkin/znak/voprositelnii"
					}
				},
				{
					"when": [ "Question and exclamation mark", "Вопросительный и восклицательный знак" ],
					"model": {
						"type": "model",
						"model": "item/carved_pumpkin/znak/voprositelnii_vosklecatelnii"
					}
				},
				{
					"when": [ "Exclamation mark", "Восклицательный знак" ],
					"model": {
						"type": "model",
						"model": "item/carved_pumpkin/znak/vosklecatelnii"
					}
				},
				{
					"when": [ "Exclamation and question mark", "Восклицательный и вопросительный знак" ],
					"model": {
						"type": "model",
						"model": "item/carved_pumpkin/znak/vosklecatelnii_voprositelnii"
					}
				},
				{
					"when": [ "Boyarsky's hat 1", "Шляпа Боярского 1" ],
					"model": {
						"type": "model",
						"model": "item/carved_pumpkin/reference/baiarslii_hat/baiarslii_hat_1"
					}
				},
				{
					"when": [ "Boyarsky's hat 2", "Шляпа Боярского 2" ],
					"model": {
						"type": "model",
						"model": "item/carved_pumpkin/reference/baiarslii_hat/baiarslii_hat_2"
					}
				},
				{
					"when": [ "Boyarsky's hat 3", "Шляпа Боярского 3" ],
					"model": {
						"type": "model",
						"model": "item/carved_pumpkin/reference/baiarslii_hat/baiarslii_hat_3"
					}
				},
				{
					"when": [ "Cleaner's Cap 1", "Шапка чистильщика 1" ],
					"model": {
						"type": "model",
						"model": "item/carved_pumpkin/reference/cleaners_cap/cleaners_cap_1"
					}
				},
				{
					"when": [ "Cleaner's Cap 2", "Шапка чистильщика 2" ],
					"model": {
						"type": "model",
						"model": "item/carved_pumpkin/reference/cleaners_cap/cleaners_cap_2"
					}
				},
				{
					"when": [ "Cleaner's Cap 3", "Шапка чистильщика 3" ],
					"model": {
						"type": "model",
						"model": "item/carved_pumpkin/reference/cleaners_cap/cleaners_cap_3"
					}
				},
				{
					"when": [ "Cleaner's Cap 4", "Шапка чистильщика 4" ],
					"model": {
						"type": "model",
						"model": "item/carved_pumpkin/reference/cleaners_cap/cleaners_cap_4"
					}
				},
				{
					"when": [ "Handyman's Handle", "Рычаг умельца" ],
					"model": {
						"type": "model",
						"model": "item/carved_pumpkin/reference/handymans_handle"
					}
				},
				{
					"when": [ "Puss in Boots hat", "Шляпа Кота в сапогах" ],
					"model": {
						"type": "model",
						"model": "item/carved_pumpkin/reference/puss_in_boots_hat"
					}
				},
				{
					"when": [ "Farmer's hat", "Шляпа фермера" ],
					"model": {
						"type": "model",
						"model": "item/carved_pumpkin/profesions/farmer_hat"
					}
				},
				{
					"when": [ "Sailor's cap", "Фуражка юнги" ],
					"model": {
						"type": "model",
						"model": "item/carved_pumpkin/profesions/matros"
					}
				},
				{
					"when": [ "Graduate", "Выпускник" ],
					"model": {
						"type": "model",
						"model": "item/carved_pumpkin/academy_hat"
					}
				},
				{
					"when": [ "Arrow in the body", "Стрела в теле" ],
					"model": {
						"type": "model",
						"model": "item/carved_pumpkin/arrow"
					}
				},
				{
					"when": [ "Cone", "Конус" ],
					"model": {
						"type": "model",
						"model": "item/carved_pumpkin/konus"
					}
				},
				{
					"when": [ "Rubik's Cube", "Кубик Рубика" ],
					"model": {
						"type": "model",
						"model": "item/carved_pumpkin/kubik_rubika"
					}
				},
				{
					"when": [ "Monarch's crown", "Корона монарха" ],
					"model": {
						"type": "select",
						"property": "display_context",
						"cases": [
							{
								"when": [
									"thirdperson_lefthand"
								],
								"model": {
									"type": "model",
									"model": "item/carved_pumpkin/monarh_crown"
								}
							}
						],
						"fallback": {
							"type": "model",
							"model": "item/carved_pumpkin/monarh_crown_hat"
						}
					}
				},
				{
					"when": [ "Panisher", "Пригоратель" ],
					"model": {
						"type": "model",
						"model": "item/carved_pumpkin/pan"
					}
				}
			],
			"fallback": {
				"type": "model",
				"model": "block/carved_pumpkin"
			}
		},
		"on_false": {
			"type": "model",
			"model": "block/carved_pumpkin"
		}
	}
}