{
	"model": {
		"type": "condition",
		"property": "has_component",
		"component": "custom_name",
		"on_true": {
			"type": "select",
			"property": "component",
			"component": "custom_name",
			"cases": [
				{
					"when": [ "Small blue vase", "Маленькая синяя ваза" ],
					"model": {
						"type": "model",
						"model": "item/decorated_pot/malenkii/blue"
					}
				},
				{
					"when": [ "Small brown vase", "Маленькая коричневая ваза" ],
					"model": {
						"type": "model",
						"model": "item/decorated_pot/malenkii/brown"
					}
				},
				{
					"when": [ "Small gray vase", "Маленькая серая ваза" ],
					"model": {
						"type": "model",
						"model": "item/decorated_pot/malenkii/gray"
					}
				},
				{
					"when": [ "Small green vase", "Маленькая зелёная ваза" ],
					"model": {
						"type": "model",
						"model": "item/decorated_pot/malenkii/green"
					}
				},
				{
					"when": [ "Wide blue vase", "Широкая синяя ваза" ],
					"model": {
						"type": "model",
						"model": "item/decorated_pot/tolsti/blue"
					}
				},
				{
					"when": [ "Wide brown vase", "Широкая коричневая ваза" ],
					"model": {
						"type": "model",
						"model": "item/decorated_pot/tolsti/brown"
					}
				},
				{
					"when": [ "Wide gray vase", "Широкая серая ваза" ],
					"model": {
						"type": "model",
						"model": "item/decorated_pot/tolsti/gray"
					}
				},
				{
					"when": [ "Wide green vase", "Широкая зелёная ваза" ],
					"model": {
						"type": "model",
						"model": "item/decorated_pot/tolsti/green"
					}
				},
				{
					"when": [ "Large blue vase", "Большая синяя ваза" ],
					"model": {
						"type": "model",
						"model": "item/decorated_pot/visoki/blue"
					}
				},
				{
					"when": [ "Large brown vase", "Большая коричневая ваза" ],
					"model": {
						"type": "model",
						"model": "item/decorated_pot/visoki/brown"
					}
				},
				{
					"when": [ "Large gray vase", "Большая серая ваза" ],
					"model": {
						"type": "model",
						"model": "item/decorated_pot/visoki/gray"
					}
				},
				{
					"when": [ "Large green vase", "Большая зелёная ваза" ],
					"model": {
						"type": "model",
						"model": "item/decorated_pot/visoki/green"
					}
				}
			],
			"fallback": {
				"type": "minecraft:special",
				"base": "minecraft:item/decorated_pot",
				"model": {
					"type": "minecraft:decorated_pot"
				}
			}
		},
		"on_false": {
			"type": "minecraft:special",
			"base": "minecraft:item/decorated_pot",
			"model": {
				"type": "minecraft:decorated_pot"
			}
		}
	}
}