{
	"model": {
		"type": "condition",
		"property": "has_component",
		"component": "custom_name",
		"on_true": {
			"type": "select",
			"property": "component",
			"component": "custom_name",
			"cases": [
				{
					"when": "Iron spear",
					"model": {
						"type": "model",
						"model": "item/iron_axe/spear"
					}
				},
				{
					"when": "Железное копьё",
					"model": {
						"type": "model",
						"model": "item/iron_axe/spear"
					}
				}
			],
			"fallback": {
				"type": "model",
				"model": "item/iron_axe"
			}
		},
		"on_false": {
			"type": "model",
			"model": "item/iron_axe"
		}
	}
}