{
	"model": {
		"type": "condition",
		"property": "has_component",
		"component": "custom_name",
		"on_true": {
			"type": "select",
			"property": "component",
			"component": "custom_name",
			"cases": [
				{
					"when": "Kratos' axe",
					"model": {
						"type": "model",
						"model": "item/netherite_axe/kratos_axe"
					}
				},
				{
					"when": "Топор Кратоса",
					"model": {
						"type": "model",
						"model": "item/netherite_axe/kratos_axe"
					}
				},
				{
					"when": "Коса Сона",
					"model": {
						"type": "model",
						"model": "item/netherite_axe/kosa_son"
					}
				},
				{
					"when": "Lobo sickle",
					"model": {
						"type": "model",
						"model": "item/netherite_axe/serp_lobo"
					}
				},
				{
					"when": "Cерп Лобо",
					"model": {
						"type": "model",
						"model": "item/netherite_axe/serp_lobo"
					}
				}
			],
			"fallback": {
				"type": "model",
				"model": "item/netherite_axe"
			}
		},
		"on_false": {
			"type": "model",
			"model": "item/netherite_axe"
		}
	}
}