{
	"model": {
		"type": "condition",
		"property": "has_component",
		"component": "custom_name",
		"on_true": {
			"type": "select",
			"property": "component",
			"component": "custom_name",
			"cases": [
				{
					"when": [ "Logs", "Брёвна" ],
					"model": {
						"type": "model",
						"model": "item/oak_log/brevna"
					}
				},
				{
					"when": [ "Log", "Бревно" ],
					"model": {
						"type": "model",
						"model": "item/oak_log/brevno"
					}
				},
				{
					"when": [ "Half a log", "Половина бревна" ],
					"model": {
						"type": "model",
						"model": "item/oak_log/pol_brevna"
					}
				},
				{
					"when": [ "Cut log", "Обрезанное бревно" ],
					"model": {
						"type": "model",
						"model": "item/oak_log/pol_pol_brevna"
					}
				},
				{
					"when": [ "Stack of logs", "Стопка брёвен" ],
					"model": {
						"type": "model",
						"model": "item/oak_log/stopka_breven"
					}
				}
			],
			"fallback": {
				"type": "model",
				"model": "block/oak_log"
			}
		},
		"on_false": {
			"type": "model",
			"model": "block/oak_log"
		}
	}
}