{
	"credit": "Сделано Веббером специально для MoreDeco https://modrinth.com/resourcepack/moredeco mc _Webber_3",
	"textures": {
		"0": "item/paper/money_1",
		"particle": "item/paper/money_1"
	},
	"elements": [
		{
			"from": [6.5, 0, 7],
			"to": [8.5, 1, 10],
			"rotation": {"angle": 22.5, "axis": "z", "origin": [5, 0, 7.5]},
			"faces": {
				"north": {"uv": [2, 3, 3, 1], "rotation": 90, "texture": "#0"},
				"east": {"uv": [2, 0, 0, 1], "texture": "#0"},
				"south": {"uv": [0, 1, 1, 3], "rotation": 90, "texture": "#0"},
				"west": {"uv": [0, 0, 2, 1], "texture": "#0"},
				"up": {"uv": [3, 3, 0, 1], "rotation": 270, "texture": "#0"},
				"down": {"uv": [3, 1, 0, 3], "rotation": 90, "texture": "#0"}
			}
		},
		{
			"from": [6.5, 1, 7],
			"to": [8.5, 0, 10],
			"rotation": {"angle": 22.5, "axis": "z", "origin": [5, 0, 7.5]},
			"faces": {
				"north": {"uv": [2, 3, 3, 1], "rotation": 90, "texture": "#0"},
				"east": {"uv": [2, 0, 0, 1], "texture": "#0"},
				"south": {"uv": [0, 1, 1, 3], "rotation": 90, "texture": "#0"},
				"west": {"uv": [0, 0, 2, 1], "texture": "#0"},
				"up": {"uv": [3, 3, 0, 1], "rotation": 270, "texture": "#0"},
				"down": {"uv": [3, 1, 0, 3], "rotation": 90, "texture": "#0"}
			}
		},
		{
			"from": [5, 0.1, 7],
			"to": [10, 0.1, 10],
			"rotation": {"angle": 22.5, "axis": "z", "origin": [5, 0, 7.5]},
			"faces": {
				"north": {"uv": [2, 0, 0, 1], "texture": "#0"},
				"east": {"uv": [2, 0, 0, 1], "texture": "#0"},
				"south": {"uv": [0, 0, 2, 1], "texture": "#0"},
				"west": {"uv": [0, 0, 2, 1], "texture": "#0"},
				"up": {"uv": [6, 5, 3, 0], "rotation": 270, "texture": "#0"},
				"down": {"uv": [6, 0, 3, 5], "rotation": 90, "texture": "#0"}
			}
		},
		{
			"from": [5, 0.2, 7],
			"to": [10, 0.2, 10],
			"rotation": {"angle": 22.5, "axis": "z", "origin": [5, 0, 7.5]},
			"faces": {
				"north": {"uv": [2, 0, 0, 1], "texture": "#0"},
				"east": {"uv": [2, 0, 0, 1], "texture": "#0"},
				"south": {"uv": [0, 0, 2, 1], "texture": "#0"},
				"west": {"uv": [0, 0, 2, 1], "texture": "#0"},
				"up": {"uv": [6, 5, 3, 0], "rotation": 270, "texture": "#0"},
				"down": {"uv": [6, 0, 3, 5], "rotation": 90, "texture": "#0"}
			}
		},
		{
			"from": [5, 0.3, 7],
			"to": [10, 0.3, 10],
			"rotation": {"angle": 22.5, "axis": "z", "origin": [5, 0, 7.5]},
			"faces": {
				"north": {"uv": [2, 0, 0, 1], "texture": "#0"},
				"east": {"uv": [2, 0, 0, 1], "texture": "#0"},
				"south": {"uv": [0, 0, 2, 1], "texture": "#0"},
				"west": {"uv": [0, 0, 2, 1], "texture": "#0"},
				"up": {"uv": [6, 5, 3, 0], "rotation": 270, "texture": "#0"},
				"down": {"uv": [6, 0, 3, 5], "rotation": 90, "texture": "#0"}
			}
		},
		{
			"from": [5, 0.4, 7],
			"to": [10, 0.4, 10],
			"rotation": {"angle": 22.5, "axis": "z", "origin": [5, 0, 7.5]},
			"faces": {
				"north": {"uv": [2, 0, 0, 1], "texture": "#0"},
				"east": {"uv": [2, 0, 0, 1], "texture": "#0"},
				"south": {"uv": [0, 0, 2, 1], "texture": "#0"},
				"west": {"uv": [0, 0, 2, 1], "texture": "#0"},
				"up": {"uv": [6, 5, 3, 0], "rotation": 270, "texture": "#0"},
				"down": {"uv": [6, 0, 3, 5], "rotation": 90, "texture": "#0"}
			}
		},
		{
			"from": [5, 0.5, 7],
			"to": [10, 0.5, 10],
			"rotation": {"angle": 22.5, "axis": "z", "origin": [5, 0, 7.5]},
			"faces": {
				"north": {"uv": [2, 0, 0, 1], "texture": "#0"},
				"east": {"uv": [2, 0, 0, 1], "texture": "#0"},
				"south": {"uv": [0, 0, 2, 1], "texture": "#0"},
				"west": {"uv": [0, 0, 2, 1], "texture": "#0"},
				"up": {"uv": [6, 5, 3, 0], "rotation": 270, "texture": "#0"},
				"down": {"uv": [6, 0, 3, 5], "rotation": 90, "texture": "#0"}
			}
		},
		{
			"from": [5, 0.6, 7],
			"to": [10, 0.6, 10],
			"rotation": {"angle": 22.5, "axis": "z", "origin": [5, 0, 7.5]},
			"faces": {
				"north": {"uv": [2, 0, 0, 1], "texture": "#0"},
				"east": {"uv": [2, 0, 0, 1], "texture": "#0"},
				"south": {"uv": [0, 0, 2, 1], "texture": "#0"},
				"west": {"uv": [0, 0, 2, 1], "texture": "#0"},
				"up": {"uv": [6, 5, 3, 0], "rotation": 270, "texture": "#0"},
				"down": {"uv": [6, 0, 3, 5], "rotation": 90, "texture": "#0"}
			}
		},
		{
			"from": [5, 0.7, 7],
			"to": [10, 0.7, 10],
			"rotation": {"angle": 22.5, "axis": "z", "origin": [5, 0, 7.5]},
			"faces": {
				"north": {"uv": [2, 0, 0, 1], "texture": "#0"},
				"east": {"uv": [2, 0, 0, 1], "texture": "#0"},
				"south": {"uv": [0, 0, 2, 1], "texture": "#0"},
				"west": {"uv": [0, 0, 2, 1], "texture": "#0"},
				"up": {"uv": [6, 5, 3, 0], "rotation": 270, "texture": "#0"},
				"down": {"uv": [6, 0, 3, 5], "rotation": 90, "texture": "#0"}
			}
		},
		{
			"from": [5, 0.8, 7],
			"to": [10, 0.8, 10],
			"rotation": {"angle": 22.5, "axis": "z", "origin": [5, 0, 7.5]},
			"faces": {
				"north": {"uv": [2, 0, 0, 1], "texture": "#0"},
				"east": {"uv": [2, 0, 0, 1], "texture": "#0"},
				"south": {"uv": [0, 0, 2, 1], "texture": "#0"},
				"west": {"uv": [0, 0, 2, 1], "texture": "#0"},
				"up": {"uv": [6, 5, 3, 0], "rotation": 270, "texture": "#0"},
				"down": {"uv": [6, 0, 3, 5], "rotation": 90, "texture": "#0"}
			}
		},
		{
			"from": [5, 0.9, 7],
			"to": [10, 0.9, 10],
			"rotation": {"angle": 22.5, "axis": "z", "origin": [5, 0, 7.5]},
			"faces": {
				"north": {"uv": [2, 0, 0, 1], "texture": "#0"},
				"east": {"uv": [2, 0, 0, 1], "texture": "#0"},
				"south": {"uv": [0, 0, 2, 1], "texture": "#0"},
				"west": {"uv": [0, 0, 2, 1], "texture": "#0"},
				"up": {"uv": [6, 5, 3, 0], "rotation": 270, "texture": "#0"},
				"down": {"uv": [6, 0, 3, 5], "rotation": 90, "texture": "#0"}
			}
		},
		{
			"from": [7, 0, 7.5],
			"to": [10, 1, 9.5],
			"faces": {
				"north": {"uv": [0, 0, 2, 1], "texture": "#0"},
				"east": {"uv": [2, 3, 3, 1], "rotation": 90, "texture": "#0"},
				"south": {"uv": [2, 0, 0, 1], "texture": "#0"},
				"west": {"uv": [0, 1, 1, 3], "rotation": 90, "texture": "#0"},
				"up": {"uv": [3, 3, 0, 1], "texture": "#0"},
				"down": {"uv": [3, 1, 0, 3], "texture": "#0"}
			}
		},
		{
			"from": [7, 0.1, 6],
			"to": [10, 0.1, 11],
			"faces": {
				"north": {"uv": [0, 0, 2, 1], "texture": "#0"},
				"east": {"uv": [2, 0, 0, 1], "texture": "#0"},
				"south": {"uv": [2, 0, 0, 1], "texture": "#0"},
				"west": {"uv": [0, 0, 2, 1], "texture": "#0"},
				"up": {"uv": [6, 5, 3, 0], "texture": "#0"},
				"down": {"uv": [6, 0, 3, 5], "texture": "#0"}
			}
		},
		{
			"from": [7, 0.2, 6],
			"to": [10, 0.2, 11],
			"faces": {
				"north": {"uv": [0, 0, 2, 1], "texture": "#0"},
				"east": {"uv": [2, 0, 0, 1], "texture": "#0"},
				"south": {"uv": [2, 0, 0, 1], "texture": "#0"},
				"west": {"uv": [0, 0, 2, 1], "texture": "#0"},
				"up": {"uv": [6, 5, 3, 0], "texture": "#0"},
				"down": {"uv": [6, 0, 3, 5], "texture": "#0"}
			}
		},
		{
			"from": [7, 0.3, 6],
			"to": [10, 0.3, 11],
			"faces": {
				"north": {"uv": [0, 0, 2, 1], "texture": "#0"},
				"east": {"uv": [2, 0, 0, 1], "texture": "#0"},
				"south": {"uv": [2, 0, 0, 1], "texture": "#0"},
				"west": {"uv": [0, 0, 2, 1], "texture": "#0"},
				"up": {"uv": [6, 5, 3, 0], "texture": "#0"},
				"down": {"uv": [6, 0, 3, 5], "texture": "#0"}
			}
		},
		{
			"from": [7, 0.4, 6],
			"to": [10, 0.4, 11],
			"faces": {
				"north": {"uv": [0, 0, 2, 1], "texture": "#0"},
				"east": {"uv": [2, 0, 0, 1], "texture": "#0"},
				"south": {"uv": [2, 0, 0, 1], "texture": "#0"},
				"west": {"uv": [0, 0, 2, 1], "texture": "#0"},
				"up": {"uv": [6, 5, 3, 0], "texture": "#0"},
				"down": {"uv": [6, 0, 3, 5], "texture": "#0"}
			}
		},
		{
			"from": [7, 0.5, 6],
			"to": [10, 0.5, 11],
			"faces": {
				"north": {"uv": [0, 0, 2, 1], "texture": "#0"},
				"east": {"uv": [2, 0, 0, 1], "texture": "#0"},
				"south": {"uv": [2, 0, 0, 1], "texture": "#0"},
				"west": {"uv": [0, 0, 2, 1], "texture": "#0"},
				"up": {"uv": [6, 5, 3, 0], "texture": "#0"},
				"down": {"uv": [6, 0, 3, 5], "texture": "#0"}
			}
		},
		{
			"from": [7, 0.6, 6],
			"to": [10, 0.6, 11],
			"faces": {
				"north": {"uv": [0, 0, 2, 1], "texture": "#0"},
				"east": {"uv": [2, 0, 0, 1], "texture": "#0"},
				"south": {"uv": [2, 0, 0, 1], "texture": "#0"},
				"west": {"uv": [0, 0, 2, 1], "texture": "#0"},
				"up": {"uv": [6, 5, 3, 0], "texture": "#0"},
				"down": {"uv": [6, 0, 3, 5], "texture": "#0"}
			}
		},
		{
			"from": [7, 0.7, 6],
			"to": [10, 0.7, 11],
			"faces": {
				"north": {"uv": [0, 0, 2, 1], "texture": "#0"},
				"east": {"uv": [2, 0, 0, 1], "texture": "#0"},
				"south": {"uv": [2, 0, 0, 1], "texture": "#0"},
				"west": {"uv": [0, 0, 2, 1], "texture": "#0"},
				"up": {"uv": [6, 5, 3, 0], "texture": "#0"},
				"down": {"uv": [6, 0, 3, 5], "texture": "#0"}
			}
		},
		{
			"from": [7, 0.8, 6],
			"to": [10, 0.8, 11],
			"faces": {
				"north": {"uv": [0, 0, 2, 1], "texture": "#0"},
				"east": {"uv": [2, 0, 0, 1], "texture": "#0"},
				"south": {"uv": [2, 0, 0, 1], "texture": "#0"},
				"west": {"uv": [0, 0, 2, 1], "texture": "#0"},
				"up": {"uv": [6, 5, 3, 0], "texture": "#0"},
				"down": {"uv": [6, 0, 3, 5], "texture": "#0"}
			}
		},
		{
			"from": [7, 0.9, 6],
			"to": [10, 0.9, 11],
			"faces": {
				"north": {"uv": [0, 0, 2, 1], "texture": "#0"},
				"east": {"uv": [2, 0, 0, 1], "texture": "#0"},
				"south": {"uv": [2, 0, 0, 1], "texture": "#0"},
				"west": {"uv": [0, 0, 2, 1], "texture": "#0"},
				"up": {"uv": [6, 5, 3, 0], "texture": "#0"},
				"down": {"uv": [6, 0, 3, 5], "texture": "#0"}
			}
		},
		{
			"from": [7, 1, 7.5],
			"to": [10, 0, 9.5],
			"faces": {
				"north": {"uv": [0, 0, 2, 1], "texture": "#0"},
				"east": {"uv": [2, 3, 3, 1], "rotation": 90, "texture": "#0"},
				"south": {"uv": [2, 0, 0, 1], "texture": "#0"},
				"west": {"uv": [0, 1, 1, 3], "rotation": 90, "texture": "#0"},
				"up": {"uv": [3, 3, 0, 1], "texture": "#0"},
				"down": {"uv": [3, 1, 0, 3], "texture": "#0"}
			}
		},
		{
			"from": [3.5, 0, 2],
			"to": [5.5, 1, 5],
			"rotation": {"angle": 0, "axis": "y", "origin": [4.5, 0.5, 3.5]},
			"faces": {
				"north": {"uv": [2, 3, 3, 1], "rotation": 90, "texture": "#0"},
				"east": {"uv": [2, 0, 0, 1], "texture": "#0"},
				"south": {"uv": [0, 1, 1, 3], "rotation": 90, "texture": "#0"},
				"west": {"uv": [0, 0, 2, 1], "texture": "#0"},
				"up": {"uv": [3, 3, 0, 1], "rotation": 270, "texture": "#0"},
				"down": {"uv": [3, 1, 0, 3], "rotation": 90, "texture": "#0"}
			}
		},
		{
			"from": [2, 0.1, 2],
			"to": [7, 0.1, 5],
			"rotation": {"angle": 0, "axis": "y", "origin": [4.5, 0.5, 3.5]},
			"faces": {
				"north": {"uv": [2, 0, 0, 1], "texture": "#0"},
				"east": {"uv": [2, 0, 0, 1], "texture": "#0"},
				"south": {"uv": [0, 0, 2, 1], "texture": "#0"},
				"west": {"uv": [0, 0, 2, 1], "texture": "#0"},
				"up": {"uv": [6, 5, 3, 0], "rotation": 270, "texture": "#0"},
				"down": {"uv": [6, 0, 3, 5], "rotation": 90, "texture": "#0"}
			}
		},
		{
			"from": [2, 0.2, 2],
			"to": [7, 0.2, 5],
			"rotation": {"angle": 0, "axis": "y", "origin": [4.5, 0.5, 3.5]},
			"faces": {
				"north": {"uv": [2, 0, 0, 1], "texture": "#0"},
				"east": {"uv": [2, 0, 0, 1], "texture": "#0"},
				"south": {"uv": [0, 0, 2, 1], "texture": "#0"},
				"west": {"uv": [0, 0, 2, 1], "texture": "#0"},
				"up": {"uv": [6, 5, 3, 0], "rotation": 270, "texture": "#0"},
				"down": {"uv": [6, 0, 3, 5], "rotation": 90, "texture": "#0"}
			}
		},
		{
			"from": [2, 0.3, 2],
			"to": [7, 0.3, 5],
			"rotation": {"angle": 0, "axis": "y", "origin": [4.5, 0.5, 3.5]},
			"faces": {
				"north": {"uv": [2, 0, 0, 1], "texture": "#0"},
				"east": {"uv": [2, 0, 0, 1], "texture": "#0"},
				"south": {"uv": [0, 0, 2, 1], "texture": "#0"},
				"west": {"uv": [0, 0, 2, 1], "texture": "#0"},
				"up": {"uv": [6, 5, 3, 0], "rotation": 270, "texture": "#0"},
				"down": {"uv": [6, 0, 3, 5], "rotation": 90, "texture": "#0"}
			}
		},
		{
			"from": [2, 0.4, 2],
			"to": [7, 0.4, 5],
			"rotation": {"angle": 0, "axis": "y", "origin": [4.5, 0.5, 3.5]},
			"faces": {
				"north": {"uv": [2, 0, 0, 1], "texture": "#0"},
				"east": {"uv": [2, 0, 0, 1], "texture": "#0"},
				"south": {"uv": [0, 0, 2, 1], "texture": "#0"},
				"west": {"uv": [0, 0, 2, 1], "texture": "#0"},
				"up": {"uv": [6, 5, 3, 0], "rotation": 270, "texture": "#0"},
				"down": {"uv": [6, 0, 3, 5], "rotation": 90, "texture": "#0"}
			}
		},
		{
			"from": [2, 0.5, 2],
			"to": [7, 0.5, 5],
			"rotation": {"angle": 0, "axis": "y", "origin": [4.5, 0.5, 3.5]},
			"faces": {
				"north": {"uv": [2, 0, 0, 1], "texture": "#0"},
				"east": {"uv": [2, 0, 0, 1], "texture": "#0"},
				"south": {"uv": [0, 0, 2, 1], "texture": "#0"},
				"west": {"uv": [0, 0, 2, 1], "texture": "#0"},
				"up": {"uv": [6, 5, 3, 0], "rotation": 270, "texture": "#0"},
				"down": {"uv": [6, 0, 3, 5], "rotation": 90, "texture": "#0"}
			}
		},
		{
			"from": [2, 0.6, 2],
			"to": [7, 0.6, 5],
			"rotation": {"angle": 0, "axis": "y", "origin": [4.5, 0.5, 3.5]},
			"faces": {
				"north": {"uv": [2, 0, 0, 1], "texture": "#0"},
				"east": {"uv": [2, 0, 0, 1], "texture": "#0"},
				"south": {"uv": [0, 0, 2, 1], "texture": "#0"},
				"west": {"uv": [0, 0, 2, 1], "texture": "#0"},
				"up": {"uv": [6, 5, 3, 0], "rotation": 270, "texture": "#0"},
				"down": {"uv": [6, 0, 3, 5], "rotation": 90, "texture": "#0"}
			}
		},
		{
			"from": [2, 0.7, 2],
			"to": [7, 0.7, 5],
			"rotation": {"angle": 0, "axis": "y", "origin": [4.5, 0.5, 3.5]},
			"faces": {
				"north": {"uv": [2, 0, 0, 1], "texture": "#0"},
				"east": {"uv": [2, 0, 0, 1], "texture": "#0"},
				"south": {"uv": [0, 0, 2, 1], "texture": "#0"},
				"west": {"uv": [0, 0, 2, 1], "texture": "#0"},
				"up": {"uv": [6, 5, 3, 0], "rotation": 270, "texture": "#0"},
				"down": {"uv": [6, 0, 3, 5], "rotation": 90, "texture": "#0"}
			}
		},
		{
			"from": [2, 0.8, 2],
			"to": [7, 0.8, 5],
			"rotation": {"angle": 0, "axis": "y", "origin": [4.5, 0.5, 3.5]},
			"faces": {
				"north": {"uv": [2, 0, 0, 1], "texture": "#0"},
				"east": {"uv": [2, 0, 0, 1], "texture": "#0"},
				"south": {"uv": [0, 0, 2, 1], "texture": "#0"},
				"west": {"uv": [0, 0, 2, 1], "texture": "#0"},
				"up": {"uv": [6, 5, 3, 0], "rotation": 270, "texture": "#0"},
				"down": {"uv": [6, 0, 3, 5], "rotation": 90, "texture": "#0"}
			}
		},
		{
			"from": [2, 0.9, 2],
			"to": [7, 0.9, 5],
			"rotation": {"angle": 0, "axis": "y", "origin": [4.5, 0.5, 3.5]},
			"faces": {
				"north": {"uv": [2, 0, 0, 1], "texture": "#0"},
				"east": {"uv": [2, 0, 0, 1], "texture": "#0"},
				"south": {"uv": [0, 0, 2, 1], "texture": "#0"},
				"west": {"uv": [0, 0, 2, 1], "texture": "#0"},
				"up": {"uv": [6, 5, 3, 0], "rotation": 270, "texture": "#0"},
				"down": {"uv": [6, 0, 3, 5], "rotation": 90, "texture": "#0"}
			}
		},
		{
			"from": [3.5, 1, 2],
			"to": [5.5, 0, 5],
			"rotation": {"angle": 0, "axis": "y", "origin": [4.5, 0.5, 3.5]},
			"faces": {
				"north": {"uv": [2, 3, 3, 1], "rotation": 90, "texture": "#0"},
				"east": {"uv": [2, 0, 0, 1], "texture": "#0"},
				"south": {"uv": [0, 1, 1, 3], "rotation": 90, "texture": "#0"},
				"west": {"uv": [0, 0, 2, 1], "texture": "#0"},
				"up": {"uv": [3, 3, 0, 1], "rotation": 270, "texture": "#0"},
				"down": {"uv": [3, 1, 0, 3], "rotation": 90, "texture": "#0"}
			}
		},
		{
			"from": [10, 0, 4.5],
			"to": [13, 1, 6.5],
			"rotation": {"angle": 22.5, "axis": "y", "origin": [11.5, 0, 5.5]},
			"faces": {
				"north": {"uv": [0, 0, 2, 1], "texture": "#0"},
				"east": {"uv": [2, 3, 3, 1], "rotation": 90, "texture": "#0"},
				"south": {"uv": [2, 0, 0, 1], "texture": "#0"},
				"west": {"uv": [0, 1, 1, 3], "rotation": 90, "texture": "#0"},
				"up": {"uv": [3, 3, 0, 1], "texture": "#0"},
				"down": {"uv": [3, 1, 0, 3], "texture": "#0"}
			}
		},
		{
			"from": [10, 0.1, 3],
			"to": [13, 0.1, 8],
			"rotation": {"angle": 22.5, "axis": "y", "origin": [11.5, 0, 5.5]},
			"faces": {
				"north": {"uv": [0, 0, 2, 1], "texture": "#0"},
				"east": {"uv": [2, 0, 0, 1], "texture": "#0"},
				"south": {"uv": [2, 0, 0, 1], "texture": "#0"},
				"west": {"uv": [0, 0, 2, 1], "texture": "#0"},
				"up": {"uv": [6, 5, 3, 0], "texture": "#0"},
				"down": {"uv": [6, 0, 3, 5], "texture": "#0"}
			}
		},
		{
			"from": [10, 0.2, 3],
			"to": [13, 0.2, 8],
			"rotation": {"angle": 22.5, "axis": "y", "origin": [11.5, 0, 5.5]},
			"faces": {
				"north": {"uv": [0, 0, 2, 1], "texture": "#0"},
				"east": {"uv": [2, 0, 0, 1], "texture": "#0"},
				"south": {"uv": [2, 0, 0, 1], "texture": "#0"},
				"west": {"uv": [0, 0, 2, 1], "texture": "#0"},
				"up": {"uv": [6, 5, 3, 0], "texture": "#0"},
				"down": {"uv": [6, 0, 3, 5], "texture": "#0"}
			}
		},
		{
			"from": [10, 0.3, 3],
			"to": [13, 0.3, 8],
			"rotation": {"angle": 22.5, "axis": "y", "origin": [11.5, 0, 5.5]},
			"faces": {
				"north": {"uv": [0, 0, 2, 1], "texture": "#0"},
				"east": {"uv": [2, 0, 0, 1], "texture": "#0"},
				"south": {"uv": [2, 0, 0, 1], "texture": "#0"},
				"west": {"uv": [0, 0, 2, 1], "texture": "#0"},
				"up": {"uv": [6, 5, 3, 0], "texture": "#0"},
				"down": {"uv": [6, 0, 3, 5], "texture": "#0"}
			}
		},
		{
			"from": [10, 0.4, 3],
			"to": [13, 0.4, 8],
			"rotation": {"angle": 22.5, "axis": "y", "origin": [11.5, 0, 5.5]},
			"faces": {
				"north": {"uv": [0, 0, 2, 1], "texture": "#0"},
				"east": {"uv": [2, 0, 0, 1], "texture": "#0"},
				"south": {"uv": [2, 0, 0, 1], "texture": "#0"},
				"west": {"uv": [0, 0, 2, 1], "texture": "#0"},
				"up": {"uv": [6, 5, 3, 0], "texture": "#0"},
				"down": {"uv": [6, 0, 3, 5], "texture": "#0"}
			}
		},
		{
			"from": [10, 0.5, 3],
			"to": [13, 0.5, 8],
			"rotation": {"angle": 22.5, "axis": "y", "origin": [11.5, 0, 5.5]},
			"faces": {
				"north": {"uv": [0, 0, 2, 1], "texture": "#0"},
				"east": {"uv": [2, 0, 0, 1], "texture": "#0"},
				"south": {"uv": [2, 0, 0, 1], "texture": "#0"},
				"west": {"uv": [0, 0, 2, 1], "texture": "#0"},
				"up": {"uv": [6, 5, 3, 0], "texture": "#0"},
				"down": {"uv": [6, 0, 3, 5], "texture": "#0"}
			}
		},
		{
			"from": [10, 0.6, 3],
			"to": [13, 0.6, 8],
			"rotation": {"angle": 22.5, "axis": "y", "origin": [11.5, 0, 5.5]},
			"faces": {
				"north": {"uv": [0, 0, 2, 1], "texture": "#0"},
				"east": {"uv": [2, 0, 0, 1], "texture": "#0"},
				"south": {"uv": [2, 0, 0, 1], "texture": "#0"},
				"west": {"uv": [0, 0, 2, 1], "texture": "#0"},
				"up": {"uv": [6, 5, 3, 0], "texture": "#0"},
				"down": {"uv": [6, 0, 3, 5], "texture": "#0"}
			}
		},
		{
			"from": [10, 0.7, 3],
			"to": [13, 0.7, 8],
			"rotation": {"angle": 22.5, "axis": "y", "origin": [11.5, 0, 5.5]},
			"faces": {
				"north": {"uv": [0, 0, 2, 1], "texture": "#0"},
				"east": {"uv": [2, 0, 0, 1], "texture": "#0"},
				"south": {"uv": [2, 0, 0, 1], "texture": "#0"},
				"west": {"uv": [0, 0, 2, 1], "texture": "#0"},
				"up": {"uv": [6, 5, 3, 0], "texture": "#0"},
				"down": {"uv": [6, 0, 3, 5], "texture": "#0"}
			}
		},
		{
			"from": [10, 0.8, 3],
			"to": [13, 0.8, 8],
			"rotation": {"angle": 22.5, "axis": "y", "origin": [11.5, 0, 5.5]},
			"faces": {
				"north": {"uv": [0, 0, 2, 1], "texture": "#0"},
				"east": {"uv": [2, 0, 0, 1], "texture": "#0"},
				"south": {"uv": [2, 0, 0, 1], "texture": "#0"},
				"west": {"uv": [0, 0, 2, 1], "texture": "#0"},
				"up": {"uv": [6, 5, 3, 0], "texture": "#0"},
				"down": {"uv": [6, 0, 3, 5], "texture": "#0"}
			}
		},
		{
			"from": [10, 0.9, 3],
			"to": [13, 0.9, 8],
			"rotation": {"angle": 22.5, "axis": "y", "origin": [11.5, 0, 5.5]},
			"faces": {
				"north": {"uv": [0, 0, 2, 1], "texture": "#0"},
				"east": {"uv": [2, 0, 0, 1], "texture": "#0"},
				"south": {"uv": [2, 0, 0, 1], "texture": "#0"},
				"west": {"uv": [0, 0, 2, 1], "texture": "#0"},
				"up": {"uv": [6, 5, 3, 0], "texture": "#0"},
				"down": {"uv": [6, 0, 3, 5], "texture": "#0"}
			}
		},
		{
			"from": [10, 1, 4.5],
			"to": [13, 0, 6.5],
			"rotation": {"angle": 22.5, "axis": "y", "origin": [11.5, 0, 5.5]},
			"faces": {
				"north": {"uv": [0, 0, 2, 1], "texture": "#0"},
				"east": {"uv": [2, 3, 3, 1], "rotation": 90, "texture": "#0"},
				"south": {"uv": [2, 0, 0, 1], "texture": "#0"},
				"west": {"uv": [0, 1, 1, 3], "rotation": 90, "texture": "#0"},
				"up": {"uv": [3, 3, 0, 1], "texture": "#0"},
				"down": {"uv": [3, 1, 0, 3], "texture": "#0"}
			}
		},
		{
			"from": [5.56358, 0, 11.3743],
			"to": [7.56358, 1, 14.3743],
			"rotation": {"angle": -22.5, "axis": "y", "origin": [6.56358, 0, 11.8743]},
			"faces": {
				"north": {"uv": [2, 3, 3, 1], "rotation": 90, "texture": "#0"},
				"east": {"uv": [2, 0, 0, 1], "texture": "#0"},
				"south": {"uv": [0, 1, 1, 3], "rotation": 90, "texture": "#0"},
				"west": {"uv": [0, 0, 2, 1], "texture": "#0"},
				"up": {"uv": [3, 3, 0, 1], "rotation": 270, "texture": "#0"},
				"down": {"uv": [3, 1, 0, 3], "rotation": 90, "texture": "#0"}
			}
		},
		{
			"from": [4.06358, 0.1, 11.3743],
			"to": [9.06358, 0.1, 14.3743],
			"rotation": {"angle": -22.5, "axis": "y", "origin": [6.56358, 0, 11.8743]},
			"faces": {
				"north": {"uv": [2, 0, 0, 1], "texture": "#0"},
				"east": {"uv": [2, 0, 0, 1], "texture": "#0"},
				"south": {"uv": [0, 0, 2, 1], "texture": "#0"},
				"west": {"uv": [0, 0, 2, 1], "texture": "#0"},
				"up": {"uv": [6, 5, 3, 0], "rotation": 270, "texture": "#0"},
				"down": {"uv": [6, 0, 3, 5], "rotation": 90, "texture": "#0"}
			}
		},
		{
			"from": [4.06358, 0.2, 11.3743],
			"to": [9.06358, 0.2, 14.3743],
			"rotation": {"angle": -22.5, "axis": "y", "origin": [6.56358, 0, 11.8743]},
			"faces": {
				"north": {"uv": [2, 0, 0, 1], "texture": "#0"},
				"east": {"uv": [2, 0, 0, 1], "texture": "#0"},
				"south": {"uv": [0, 0, 2, 1], "texture": "#0"},
				"west": {"uv": [0, 0, 2, 1], "texture": "#0"},
				"up": {"uv": [6, 5, 3, 0], "rotation": 270, "texture": "#0"},
				"down": {"uv": [6, 0, 3, 5], "rotation": 90, "texture": "#0"}
			}
		},
		{
			"from": [4.06358, 0.3, 11.3743],
			"to": [9.06358, 0.3, 14.3743],
			"rotation": {"angle": -22.5, "axis": "y", "origin": [6.56358, 0, 11.8743]},
			"faces": {
				"north": {"uv": [2, 0, 0, 1], "texture": "#0"},
				"east": {"uv": [2, 0, 0, 1], "texture": "#0"},
				"south": {"uv": [0, 0, 2, 1], "texture": "#0"},
				"west": {"uv": [0, 0, 2, 1], "texture": "#0"},
				"up": {"uv": [6, 5, 3, 0], "rotation": 270, "texture": "#0"},
				"down": {"uv": [6, 0, 3, 5], "rotation": 90, "texture": "#0"}
			}
		},
		{
			"from": [4.06358, 0.4, 11.3743],
			"to": [9.06358, 0.4, 14.3743],
			"rotation": {"angle": -22.5, "axis": "y", "origin": [6.56358, 0, 11.8743]},
			"faces": {
				"north": {"uv": [2, 0, 0, 1], "texture": "#0"},
				"east": {"uv": [2, 0, 0, 1], "texture": "#0"},
				"south": {"uv": [0, 0, 2, 1], "texture": "#0"},
				"west": {"uv": [0, 0, 2, 1], "texture": "#0"},
				"up": {"uv": [6, 5, 3, 0], "rotation": 270, "texture": "#0"},
				"down": {"uv": [6, 0, 3, 5], "rotation": 90, "texture": "#0"}
			}
		},
		{
			"from": [4.06358, 0.5, 11.3743],
			"to": [9.06358, 0.5, 14.3743],
			"rotation": {"angle": -22.5, "axis": "y", "origin": [6.56358, 0, 11.8743]},
			"faces": {
				"north": {"uv": [2, 0, 0, 1], "texture": "#0"},
				"east": {"uv": [2, 0, 0, 1], "texture": "#0"},
				"south": {"uv": [0, 0, 2, 1], "texture": "#0"},
				"west": {"uv": [0, 0, 2, 1], "texture": "#0"},
				"up": {"uv": [6, 5, 3, 0], "rotation": 270, "texture": "#0"},
				"down": {"uv": [6, 0, 3, 5], "rotation": 90, "texture": "#0"}
			}
		},
		{
			"from": [4.06358, 0.6, 11.3743],
			"to": [9.06358, 0.6, 14.3743],
			"rotation": {"angle": -22.5, "axis": "y", "origin": [6.56358, 0, 11.8743]},
			"faces": {
				"north": {"uv": [2, 0, 0, 1], "texture": "#0"},
				"east": {"uv": [2, 0, 0, 1], "texture": "#0"},
				"south": {"uv": [0, 0, 2, 1], "texture": "#0"},
				"west": {"uv": [0, 0, 2, 1], "texture": "#0"},
				"up": {"uv": [6, 5, 3, 0], "rotation": 270, "texture": "#0"},
				"down": {"uv": [6, 0, 3, 5], "rotation": 90, "texture": "#0"}
			}
		},
		{
			"from": [4.06358, 0.7, 11.3743],
			"to": [9.06358, 0.7, 14.3743],
			"rotation": {"angle": -22.5, "axis": "y", "origin": [6.56358, 0, 11.8743]},
			"faces": {
				"north": {"uv": [2, 0, 0, 1], "texture": "#0"},
				"east": {"uv": [2, 0, 0, 1], "texture": "#0"},
				"south": {"uv": [0, 0, 2, 1], "texture": "#0"},
				"west": {"uv": [0, 0, 2, 1], "texture": "#0"},
				"up": {"uv": [6, 5, 3, 0], "rotation": 270, "texture": "#0"},
				"down": {"uv": [6, 0, 3, 5], "rotation": 90, "texture": "#0"}
			}
		},
		{
			"from": [4.06358, 0.8, 11.3743],
			"to": [9.06358, 0.8, 14.3743],
			"rotation": {"angle": -22.5, "axis": "y", "origin": [6.56358, 0, 11.8743]},
			"faces": {
				"north": {"uv": [2, 0, 0, 1], "texture": "#0"},
				"east": {"uv": [2, 0, 0, 1], "texture": "#0"},
				"south": {"uv": [0, 0, 2, 1], "texture": "#0"},
				"west": {"uv": [0, 0, 2, 1], "texture": "#0"},
				"up": {"uv": [6, 5, 3, 0], "rotation": 270, "texture": "#0"},
				"down": {"uv": [6, 0, 3, 5], "rotation": 90, "texture": "#0"}
			}
		},
		{
			"from": [4.06358, 0.9, 11.3743],
			"to": [9.06358, 0.9, 14.3743],
			"rotation": {"angle": -22.5, "axis": "y", "origin": [6.56358, 0, 11.8743]},
			"faces": {
				"north": {"uv": [2, 0, 0, 1], "texture": "#0"},
				"east": {"uv": [2, 0, 0, 1], "texture": "#0"},
				"south": {"uv": [0, 0, 2, 1], "texture": "#0"},
				"west": {"uv": [0, 0, 2, 1], "texture": "#0"},
				"up": {"uv": [6, 5, 3, 0], "rotation": 270, "texture": "#0"},
				"down": {"uv": [6, 0, 3, 5], "rotation": 90, "texture": "#0"}
			}
		},
		{
			"from": [5.56358, 1, 11.3743],
			"to": [7.56358, 0, 14.3743],
			"rotation": {"angle": -22.5, "axis": "y", "origin": [6.56358, 0, 11.8743]},
			"faces": {
				"north": {"uv": [2, 3, 3, 1], "rotation": 90, "texture": "#0"},
				"east": {"uv": [2, 0, 0, 1], "texture": "#0"},
				"south": {"uv": [0, 1, 1, 3], "rotation": 90, "texture": "#0"},
				"west": {"uv": [0, 0, 2, 1], "texture": "#0"},
				"up": {"uv": [3, 3, 0, 1], "rotation": 270, "texture": "#0"},
				"down": {"uv": [3, 1, 0, 3], "rotation": 90, "texture": "#0"}
			}
		}
	],
	"display": {
		"thirdperson_righthand": {
			"rotation": [90, 0, 90],
			"translation": [-8, 1, -0.5]
		},
		"thirdperson_lefthand": {
			"rotation": [90, 0, 90],
			"translation": [-8, 1, -0.5]
		},
		"firstperson_righthand": {
			"rotation": [90, 180, 180],
			"translation": [0, 3, -5]
		},
		"firstperson_lefthand": {
			"rotation": [90, 180, 180],
			"translation": [0, 3, -5]
		},
		"ground": {
			"translation": [0, 5, 0]
		},
		"gui": {
			"rotation": [45, -135, 0],
			"translation": [-2, 5.5, 0],
			"scale": [1.15, 1.15, 1.15]
		},
		"head": {
			"translation": [0, 23, 0],
			"scale": [2, 2, 2]
		},
		"fixed": {
			"rotation": [-90, 0, 0],
			"translation": [0, 0, -16],
			"scale": [2, 2, 2]
		}
	},
	"groups": [
		{
			"name": "group",
			"origin": [0, 0, 0],
			"color": 0,
			"children": [0, 1, 2, 3, 4, 5, 6, 7, 8, 9, 10]
		},
		{
			"name": "group",
			"origin": [0, 0, 0],
			"color": 0,
			"children": [11, 12, 13, 14, 15, 16, 17, 18, 19, 20, 21]
		},
		{
			"name": "group",
			"origin": [0, 0, 0],
			"color": 0,
			"children": [22, 23, 24, 25, 26, 27, 28, 29, 30, 31, 32]
		},
		{
			"name": "group",
			"origin": [0, 0, 0],
			"color": 0,
			"children": [33, 34, 35, 36, 37, 38, 39, 40, 41, 42, 43]
		},
		{
			"name": "group",
			"origin": [0, 0, 0],
			"color": 0,
			"children": [44, 45, 46, 47, 48, 49, 50, 51, 52, 53, 54]
		}
	]
}