{
	"credit": "Сделано Веббером специально для MoreDeco https://modrinth.com/resourcepack/moredeco mc _Webber_3",
	"textures": {
		"0": "item/paper/money_1",
		"particle": "item/paper/money_1"
	},
	"elements": [
		{
			"from": [6.5, 0, 7],
			"to": [8.5, 1, 10],
			"rotation": {"angle": 22.5, "axis": "z", "origin": [5, 0, 7.5]},
			"faces": {
				"north": {"uv": [2, 3, 3, 1], "rotation": 90, "texture": "#0"},
				"east": {"uv": [2, 0, 0, 1], "texture": "#0"},
				"south": {"uv": [0, 1, 1, 3], "rotation": 90, "texture": "#0"},
				"west": {"uv": [0, 0, 2, 1], "texture": "#0"},
				"up": {"uv": [3, 3, 0, 1], "rotation": 270, "texture": "#0"},
				"down": {"uv": [3, 1, 0, 3], "rotation": 90, "texture": "#0"}
			}
		},
		{
			"from": [6.5, 1, 7],
			"to": [8.5, 0, 10],
			"rotation": {"angle": 22.5, "axis": "z", "origin": [5, 0, 7.5]},
			"faces": {
				"north": {"uv": [2, 3, 3, 1], "rotation": 90, "texture": "#0"},
				"east": {"uv": [2, 0, 0, 1], "texture": "#0"},
				"south": {"uv": [0, 1, 1, 3], "rotation": 90, "texture": "#0"},
				"west": {"uv": [0, 0, 2, 1], "texture": "#0"},
				"up": {"uv": [3, 3, 0, 1], "rotation": 270, "texture": "#0"},
				"down": {"uv": [3, 1, 0, 3], "rotation": 90, "texture": "#0"}
			}
		},
		{
			"from": [5, 0.1, 7],
			"to": [10, 0.1, 10],
			"rotation": {"angle": 22.5, "axis": "z", "origin": [5, 0, 7.5]},
			"faces": {
				"north": {"uv": [2, 0, 0, 1], "texture": "#0"},
				"east": {"uv": [2, 0, 0, 1], "texture": "#0"},
				"south": {"uv": [0, 0, 2, 1], "texture": "#0"},
				"west": {"uv": [0, 0, 2, 1], "texture": "#0"},
				"up": {"uv": [6, 5, 3, 0], "rotation": 270, "texture": "#0"},
				"down": {"uv": [6, 0, 3, 5], "rotation": 90, "texture": "#0"}
			}
		},
		{
			"from": [5, 0.2, 7],
			"to": [10, 0.2, 10],
			"rotation": {"angle": 22.5, "axis": "z", "origin": [5, 0, 7.5]},
			"faces": {
				"north": {"uv": [2, 0, 0, 1], "texture": "#0"},
				"east": {"uv": [2, 0, 0, 1], "texture": "#0"},
				"south": {"uv": [0, 0, 2, 1], "texture": "#0"},
				"west": {"uv": [0, 0, 2, 1], "texture": "#0"},
				"up": {"uv": [6, 5, 3, 0], "rotation": 270, "texture": "#0"},
				"down": {"uv": [6, 0, 3, 5], "rotation": 90, "texture": "#0"}
			}
		},
		{
			"from": [5, 0.3, 7],
			"to": [10, 0.3, 10],
			"rotation": {"angle": 22.5, "axis": "z", "origin": [5, 0, 7.5]},
			"faces": {
				"north": {"uv": [2, 0, 0, 1], "texture": "#0"},
				"east": {"uv": [2, 0, 0, 1], "texture": "#0"},
				"south": {"uv": [0, 0, 2, 1], "texture": "#0"},
				"west": {"uv": [0, 0, 2, 1], "texture": "#0"},
				"up": {"uv": [6, 5, 3, 0], "rotation": 270, "texture": "#0"},
				"down": {"uv": [6, 0, 3, 5], "rotation": 90, "texture": "#0"}
			}
		},
		{
			"from": [5, 0.4, 7],
			"to": [10, 0.4, 10],
			"rotation": {"angle": 22.5, "axis": "z", "origin": [5, 0, 7.5]},
			"faces": {
				"north": {"uv": [2, 0, 0, 1], "texture": "#0"},
				"east": {"uv": [2, 0, 0, 1], "texture": "#0"},
				"south": {"uv": [0, 0, 2, 1], "texture": "#0"},
				"west": {"uv": [0, 0, 2, 1], "texture": "#0"},
				"up": {"uv": [6, 5, 3, 0], "rotation": 270, "texture": "#0"},
				"down": {"uv": [6, 0, 3, 5], "rotation": 90, "texture": "#0"}
			}
		},
		{
			"from": [5, 0.5, 7],
			"to": [10, 0.5, 10],
			"rotation": {"angle": 22.5, "axis": "z", "origin": [5, 0, 7.5]},
			"faces": {
				"north": {"uv": [2, 0, 0, 1], "texture": "#0"},
				"east": {"uv": [2, 0, 0, 1], "texture": "#0"},
				"south": {"uv": [0, 0, 2, 1], "texture": "#0"},
				"west": {"uv": [0, 0, 2, 1], "texture": "#0"},
				"up": {"uv": [6, 5, 3, 0], "rotation": 270, "texture": "#0"},
				"down": {"uv": [6, 0, 3, 5], "rotation": 90, "texture": "#0"}
			}
		},
		{
			"from": [5, 0.6, 7],
			"to": [10, 0.6, 10],
			"rotation": {"angle": 22.5, "axis": "z", "origin": [5, 0, 7.5]},
			"faces": {
				"north": {"uv": [2, 0, 0, 1], "texture": "#0"},
				"east": {"uv": [2, 0, 0, 1], "texture": "#0"},
				"south": {"uv": [0, 0, 2, 1], "texture": "#0"},
				"west": {"uv": [0, 0, 2, 1], "texture": "#0"},
				"up": {"uv": [6, 5, 3, 0], "rotation": 270, "texture": "#0"},
				"down": {"uv": [6, 0, 3, 5], "rotation": 90, "texture": "#0"}
			}
		},
		{
			"from": [5, 0.7, 7],
			"to": [10, 0.7, 10],
			"rotation": {"angle": 22.5, "axis": "z", "origin": [5, 0, 7.5]},
			"faces": {
				"north": {"uv": [2, 0, 0, 1], "texture": "#0"},
				"east": {"uv": [2, 0, 0, 1], "texture": "#0"},
				"south": {"uv": [0, 0, 2, 1], "texture": "#0"},
				"west": {"uv": [0, 0, 2, 1], "texture": "#0"},
				"up": {"uv": [6, 5, 3, 0], "rotation": 270, "texture": "#0"},
				"down": {"uv": [6, 0, 3, 5], "rotation": 90, "texture": "#0"}
			}
		},
		{
			"from": [5, 0.8, 7],
			"to": [10, 0.8, 10],
			"rotation": {"angle": 22.5, "axis": "z", "origin": [5, 0, 7.5]},
			"faces": {
				"north": {"uv": [2, 0, 0, 1], "texture": "#0"},
				"east": {"uv": [2, 0, 0, 1], "texture": "#0"},
				"south": {"uv": [0, 0, 2, 1], "texture": "#0"},
				"west": {"uv": [0, 0, 2, 1], "texture": "#0"},
				"up": {"uv": [6, 5, 3, 0], "rotation": 270, "texture": "#0"},
				"down": {"uv": [6, 0, 3, 5], "rotation": 90, "texture": "#0"}
			}
		},
		{
			"from": [5, 0.9, 7],
			"to": [10, 0.9, 10],
			"rotation": {"angle": 22.5, "axis": "z", "origin": [5, 0, 7.5]},
			"faces": {
				"north": {"uv": [2, 0, 0, 1], "texture": "#0"},
				"east": {"uv": [2, 0, 0, 1], "texture": "#0"},
				"south": {"uv": [0, 0, 2, 1], "texture": "#0"},
				"west": {"uv": [0, 0, 2, 1], "texture": "#0"},
				"up": {"uv": [6, 5, 3, 0], "rotation": 270, "texture": "#0"},
				"down": {"uv": [6, 0, 3, 5], "rotation": 90, "texture": "#0"}
			}
		},
		{
			"from": [7, 0, 7.5],
			"to": [10, 1, 9.5],
			"faces": {
				"north": {"uv": [0, 0, 2, 1], "texture": "#0"},
				"east": {"uv": [2, 3, 3, 1], "rotation": 90, "texture": "#0"},
				"south": {"uv": [2, 0, 0, 1], "texture": "#0"},
				"west": {"uv": [0, 1, 1, 3], "rotation": 90, "texture": "#0"},
				"up": {"uv": [3, 3, 0, 1], "texture": "#0"},
				"down": {"uv": [3, 1, 0, 3], "texture": "#0"}
			}
		},
		{
			"from": [7, 0.1, 6],
			"to": [10, 0.1, 11],
			"faces": {
				"north": {"uv": [0, 0, 2, 1], "texture": "#0"},
				"east": {"uv": [2, 0, 0, 1], "texture": "#0"},
				"south": {"uv": [2, 0, 0, 1], "texture": "#0"},
				"west": {"uv": [0, 0, 2, 1], "texture": "#0"},
				"up": {"uv": [6, 5, 3, 0], "texture": "#0"},
				"down": {"uv": [6, 0, 3, 5], "texture": "#0"}
			}
		},
		{
			"from": [7, 0.2, 6],
			"to": [10, 0.2, 11],
			"faces": {
				"north": {"uv": [0, 0, 2, 1], "texture": "#0"},
				"east": {"uv": [2, 0, 0, 1], "texture": "#0"},
				"south": {"uv": [2, 0, 0, 1], "texture": "#0"},
				"west": {"uv": [0, 0, 2, 1], "texture": "#0"},
				"up": {"uv": [6, 5, 3, 0], "texture": "#0"},
				"down": {"uv": [6, 0, 3, 5], "texture": "#0"}
			}
		},
		{
			"from": [7, 0.3, 6],
			"to": [10, 0.3, 11],
			"faces": {
				"north": {"uv": [0, 0, 2, 1], "texture": "#0"},
				"east": {"uv": [2, 0, 0, 1], "texture": "#0"},
				"south": {"uv": [2, 0, 0, 1], "texture": "#0"},
				"west": {"uv": [0, 0, 2, 1], "texture": "#0"},
				"up": {"uv": [6, 5, 3, 0], "texture": "#0"},
				"down": {"uv": [6, 0, 3, 5], "texture": "#0"}
			}
		},
		{
			"from": [7, 0.4, 6],
			"to": [10, 0.4, 11],
			"faces": {
				"north": {"uv": [0, 0, 2, 1], "texture": "#0"},
				"east": {"uv": [2, 0, 0, 1], "texture": "#0"},
				"south": {"uv": [2, 0, 0, 1], "texture": "#0"},
				"west": {"uv": [0, 0, 2, 1], "texture": "#0"},
				"up": {"uv": [6, 5, 3, 0], "texture": "#0"},
				"down": {"uv": [6, 0, 3, 5], "texture": "#0"}
			}
		},
		{
			"from": [7, 0.5, 6],
			"to": [10, 0.5, 11],
			"faces": {
				"north": {"uv": [0, 0, 2, 1], "texture": "#0"},
				"east": {"uv": [2, 0, 0, 1], "texture": "#0"},
				"south": {"uv": [2, 0, 0, 1], "texture": "#0"},
				"west": {"uv": [0, 0, 2, 1], "texture": "#0"},
				"up": {"uv": [6, 5, 3, 0], "texture": "#0"},
				"down": {"uv": [6, 0, 3, 5], "texture": "#0"}
			}
		},
		{
			"from": [7, 0.6, 6],
			"to": [10, 0.6, 11],
			"faces": {
				"north": {"uv": [0, 0, 2, 1], "texture": "#0"},
				"east": {"uv": [2, 0, 0, 1], "texture": "#0"},
				"south": {"uv": [2, 0, 0, 1], "texture": "#0"},
				"west": {"uv": [0, 0, 2, 1], "texture": "#0"},
				"up": {"uv": [6, 5, 3, 0], "texture": "#0"},
				"down": {"uv": [6, 0, 3, 5], "texture": "#0"}
			}
		},
		{
			"from": [7, 0.7, 6],
			"to": [10, 0.7, 11],
			"faces": {
				"north": {"uv": [0, 0, 2, 1], "texture": "#0"},
				"east": {"uv": [2, 0, 0, 1], "texture": "#0"},
				"south": {"uv": [2, 0, 0, 1], "texture": "#0"},
				"west": {"uv": [0, 0, 2, 1], "texture": "#0"},
				"up": {"uv": [6, 5, 3, 0], "texture": "#0"},
				"down": {"uv": [6, 0, 3, 5], "texture": "#0"}
			}
		},
		{
			"from": [7, 0.8, 6],
			"to": [10, 0.8, 11],
			"faces": {
				"north": {"uv": [0, 0, 2, 1], "texture": "#0"},
				"east": {"uv": [2, 0, 0, 1], "texture": "#0"},
				"south": {"uv": [2, 0, 0, 1], "texture": "#0"},
				"west": {"uv": [0, 0, 2, 1], "texture": "#0"},
				"up": {"uv": [6, 5, 3, 0], "texture": "#0"},
				"down": {"uv": [6, 0, 3, 5], "texture": "#0"}
			}
		},
		{
			"from": [7, 0.9, 6],
			"to": [10, 0.9, 11],
			"faces": {
				"north": {"uv": [0, 0, 2, 1], "texture": "#0"},
				"east": {"uv": [2, 0, 0, 1], "texture": "#0"},
				"south": {"uv": [2, 0, 0, 1], "texture": "#0"},
				"west": {"uv": [0, 0, 2, 1], "texture": "#0"},
				"up": {"uv": [6, 5, 3, 0], "texture": "#0"},
				"down": {"uv": [6, 0, 3, 5], "texture": "#0"}
			}
		},
		{
			"from": [7, 1, 7.5],
			"to": [10, 0, 9.5],
			"faces": {
				"north": {"uv": [0, 0, 2, 1], "texture": "#0"},
				"east": {"uv": [2, 3, 3, 1], "rotation": 90, "texture": "#0"},
				"south": {"uv": [2, 0, 0, 1], "texture": "#0"},
				"west": {"uv": [0, 1, 1, 3], "rotation": 90, "texture": "#0"},
				"up": {"uv": [3, 3, 0, 1], "texture": "#0"},
				"down": {"uv": [3, 1, 0, 3], "texture": "#0"}
			}
		}
	],
	"display": {
		"thirdperson_righthand": {
			"rotation": [0, 25, 0],
			"translation": [0, 8, 0]
		},
		"thirdperson_lefthand": {
			"rotation": [0, 25, 0],
			"translation": [-0.25, 8, 0]
		},
		"firstperson_righthand": {
			"rotation": [0, 25, 0],
			"translation": [0, 9, 0]
		},
		"firstperson_lefthand": {
			"rotation": [0, -65, 0],
			"translation": [0, 9, 0]
		},
		"ground": {
			"translation": [0, 5, 0]
		},
		"gui": {
			"rotation": [45, -135, 0],
			"translation": [0.75, 9.75, 0],
			"scale": [2, 2, 2]
		},
		"head": {
			"translation": [0, 23, 0],
			"scale": [2, 2, 2]
		},
		"fixed": {
			"rotation": [-90, 0, 0],
			"translation": [0, 0, -16],
			"scale": [2, 2, 2]
		}
	},
	"groups": [
		{
			"name": "group",
			"origin": [0, 0, 0],
			"color": 0,
			"children": [0, 1, 2, 3, 4, 5, 6, 7, 8, 9, 10]
		},
		{
			"name": "group",
			"origin": [0, 0, 0],
			"color": 0,
			"children": [11, 12, 13, 14, 15, 16, 17, 18, 19, 20, 21]
		}
	]
}