{
	"credit": "Сделано Веббером специально для MoreDeco https://modrinth.com/resourcepack/moredeco mc _Webber_3",
	"textures": {
		"0": "block/coin",
		"particle": "block/coin"
	},
	"elements": [
		{
			"from": [8, 0, 11],
			"to": [12, 1, 15],
			"rotation": {"angle": 22.5, "axis": "y", "origin": [9, 0.5, 12]},
			"faces": {
				"north": {"uv": [4, 1, 8, 2], "texture": "#0"},
				"east": {"uv": [4, 0, 8, 1], "texture": "#0"},
				"south": {"uv": [0, 0, 4, 1], "texture": "#0"},
				"west": {"uv": [8, 0, 4, 1], "texture": "#0"},
				"up": {"uv": [4, 4, 0, 0], "texture": "#0"},
				"down": {"uv": [4, 0, 0, 4], "texture": "#0"}
			}
		},
		{
			"from": [0.94272, 0, 5.24929],
			"to": [4.94272, 1, 9.24929],
			"rotation": {"angle": 45, "axis": "y", "origin": [2.94272, 0.5, 7.24929]},
			"faces": {
				"north": {"uv": [4, 0, 8, 1], "texture": "#0"},
				"east": {"uv": [0, 0, 4, 1], "texture": "#0"},
				"south": {"uv": [8, 0, 4, 1], "texture": "#0"},
				"west": {"uv": [4, 1, 8, 2], "texture": "#0"},
				"up": {"uv": [4, 4, 0, 0], "rotation": 270, "texture": "#0"},
				"down": {"uv": [4, 0, 0, 4], "rotation": 90, "texture": "#0"}
			}
		},
		{
			"from": [11.39942, 0, 0.92599],
			"to": [15.39942, 1, 4.92599],
			"rotation": {"angle": 0, "axis": "y", "origin": [13.39942, 0.5, 2.92599]},
			"faces": {
				"north": {"uv": [0, 0, 4, 1], "texture": "#0"},
				"east": {"uv": [8, 0, 4, 1], "texture": "#0"},
				"south": {"uv": [4, 1, 8, 2], "texture": "#0"},
				"west": {"uv": [4, 0, 8, 1], "texture": "#0"},
				"up": {"uv": [4, 4, 0, 0], "rotation": 180, "texture": "#0"},
				"down": {"uv": [4, 0, 0, 4], "rotation": 180, "texture": "#0"}
			}
		}
	]
}