{
	"credit": "Сделано Веббером специально для MoreDeco https://modrinth.com/resourcepack/moredeco mc _Webber_3",
	"textures": {
		"2": "item/gold_nugget/rings",
		"particle": "item/gold_nugget/rings"
	},
	"elements": [
		{
			"from": [6, 6, 8],
			"to": [6.5, 8, 9],
			"faces": {
				"north": {"uv": [4, 0, 5, 2], "texture": "#2"},
				"east": {"uv": [4, 0, 5, 2], "texture": "#2"},
				"south": {"uv": [4, 0, 5, 2], "texture": "#2"},
				"west": {"uv": [4, 0, 5, 2], "texture": "#2"},
				"up": {"uv": [4, 2, 3, 0], "rotation": 90, "texture": "#2"},
				"down": {"uv": [6, 0, 5, 2], "texture": "#2"}
			}
		},
		{
			"from": [6.5, 7.5, 8],
			"to": [7.5, 8, 9],
			"rotation": {"angle": 0, "axis": "z", "origin": [6.25, 7, 8.5]},
			"faces": {
				"north": {"uv": [0, 0, 1, 2], "rotation": 90, "texture": "#2"},
				"east": {"uv": [6, 0, 5, 2], "rotation": 270, "texture": "#2"},
				"south": {"uv": [0, 0, 1, 2], "rotation": 270, "texture": "#2"},
				"west": {"uv": [4, 2, 3, 0], "texture": "#2"},
				"up": {"uv": [0, 0, 1, 2], "rotation": 270, "texture": "#2"},
				"down": {"uv": [0, 0, 1, 2], "rotation": 270, "texture": "#2"}
			}
		},
		{
			"from": [7.5, 6, 8],
			"to": [8, 8, 9],
			"rotation": {"angle": 0, "axis": "x", "origin": [7.75, 7, 8.5]},
			"faces": {
				"north": {"uv": [0, 0, 1, 2], "rotation": 180, "texture": "#2"},
				"east": {"uv": [0, 0, 1, 2], "rotation": 180, "texture": "#2"},
				"south": {"uv": [0, 0, 1, 2], "rotation": 180, "texture": "#2"},
				"west": {"uv": [0, 0, 1, 2], "rotation": 180, "texture": "#2"},
				"up": {"uv": [1, 1, 0, 2], "texture": "#2"},
				"down": {"uv": [4, 2, 3, 0], "rotation": 90, "texture": "#2"}
			}
		},
		{
			"from": [6.5, 6, 8],
			"to": [7.5, 6.5, 9],
			"rotation": {"angle": 0, "axis": "y", "origin": [7, 6.25, 8.5]},
			"faces": {
				"north": {"uv": [2, 0, 3, 2], "rotation": 270, "texture": "#2"},
				"east": {"uv": [16, 16, 15, 14], "texture": "#2"},
				"south": {"uv": [1, 0, 2, 2], "rotation": 90, "texture": "#2"},
				"west": {"uv": [16, 14, 15, 16], "rotation": 270, "texture": "#2"},
				"up": {"uv": [2, 0, 3, 2], "rotation": 90, "texture": "#2"},
				"down": {"uv": [2, 0, 3, 2], "rotation": 90, "texture": "#2"}
			}
		}
	],
	"display": {
		"thirdperson_righthand": {
			"rotation": [0, 0, 90],
			"translation": [-2.25, 2, -0.25],
			"scale": [1.13, 1.13, 1.13]
		},
		"thirdperson_lefthand": {
			"rotation": [0, 0, -180],
			"translation": [2.25, -2, -0.25],
			"scale": [1.13, 1.13, 1.13]
		},
		"firstperson_righthand": {
			"rotation": [-15, -25, 90],
			"translation": [-0.5, 2.5, -0.25],
			"scale": [1.13, 1.13, 1.13]
		},
		"firstperson_lefthand": {
			"rotation": [-15, 0, -90],
			"translation": [2.25, -0.5, -0.25],
			"scale": [1.13, 1.13, 1.13]
		},
		"gui": {
			"rotation": [135, 0, 130],
			"translation": [-4, 0.75, 0],
			"scale": [3, 3, 3]
		},
		"head": {
			"rotation": [180, 0, -90],
			"translation": [4, 10.5, 2],
			"scale": [4, 4, 4]
		},
		"fixed": {
			"translation": [2, 2, -2],
			"scale": [2, 2, 2]
		}
	}
}