{
	"credit": "Сделано Веббером специально для MoreDeco https://modrinth.com/resourcepack/moredeco mc _Webber_3",
	"textures": {
		"2": "item/gold_nugget/rings",
		"particle": "item/gold_nugget/rings"
	},
	"elements": [
		{
			"from": [10, 6.25, 7.75],
			"to": [10.5, 7.75, 9.25],
			"rotation": {"angle": 0, "axis": "x", "origin": [10.25, 7, 8.5]},
			"faces": {
				"north": {"uv": [1, 2, 2, 4], "texture": "#2"},
				"east": {"uv": [0, 2, 2, 4], "texture": "#2"},
				"south": {"uv": [0, 2, 1, 4], "texture": "#2"},
				"west": {"uv": [14, 14, 16, 16], "texture": "#2"},
				"up": {"uv": [2, 4, 1, 2], "rotation": 180, "texture": "#2"},
				"down": {"uv": [0, 2, 1, 4], "rotation": 180, "texture": "#2"}
			}
		},
		{
			"from": [9.25, 6, 7.5],
			"to": [10, 8, 9.5],
			"rotation": {"angle": 0, "axis": "z", "origin": [8, 7.25, 8.5]},
			"faces": {
				"north": {"uv": [1, 4, 2, 2], "rotation": 180, "texture": "#2"},
				"east": {"uv": [2, 4, 0, 2], "rotation": 180, "texture": "#2"},
				"south": {"uv": [0, 4, 1, 2], "rotation": 180, "texture": "#2"},
				"west": {"uv": [0, 2, 2, 4], "rotation": 270, "texture": "#2"},
				"up": {"uv": [1, 4, 2, 2], "rotation": 180, "texture": "#2"},
				"down": {"uv": [1, 2, 0, 4], "rotation": 180, "texture": "#2"}
			}
		},
		{
			"from": [8.5, 6.35, 7.85],
			"to": [9.25, 7.6, 9.1],
			"rotation": {"angle": 0, "axis": "x", "origin": [8.875, 6.975, 8.475]},
			"faces": {
				"north": {"uv": [2, 2, 1, 4], "texture": "#2"},
				"east": {"uv": [14, 14, 16, 16], "rotation": 90, "texture": "#2"},
				"south": {"uv": [0, 4, 1, 2], "rotation": 180, "texture": "#2"},
				"west": {"uv": [0, 2, 2, 4], "rotation": 270, "texture": "#2"},
				"up": {"uv": [1, 2, 2, 4], "texture": "#2"},
				"down": {"uv": [0, 2, 1, 4], "rotation": 180, "texture": "#2"}
			}
		},
		{
			"from": [8, 6.5, 8],
			"to": [8.5, 7.5, 9],
			"rotation": {"angle": 0, "axis": "y", "origin": [8, 7.25, 8.5]},
			"faces": {
				"north": {"uv": [0, 0, 1, 2], "rotation": 180, "texture": "#2"},
				"east": {"uv": [0, 0, 1, 2], "rotation": 180, "texture": "#2"},
				"south": {"uv": [0, 0, 1, 2], "rotation": 180, "texture": "#2"},
				"west": {"uv": [0, 0, 1, 2], "rotation": 180, "texture": "#2"},
				"up": {"uv": [0, 1, 1, 2], "rotation": 180, "texture": "#2"},
				"down": {"uv": [4, 2, 3, 0], "rotation": 270, "texture": "#2"}
			}
		},
		{
			"from": [6, 6, 8],
			"to": [6.5, 8, 9],
			"faces": {
				"north": {"uv": [4, 0, 5, 2], "texture": "#2"},
				"east": {"uv": [4, 0, 5, 2], "texture": "#2"},
				"south": {"uv": [4, 0, 5, 2], "texture": "#2"},
				"west": {"uv": [4, 0, 5, 2], "texture": "#2"},
				"up": {"uv": [4, 2, 3, 0], "rotation": 90, "texture": "#2"},
				"down": {"uv": [6, 1, 5, 2], "texture": "#2"}
			}
		},
		{
			"from": [6.5, 7.5, 8],
			"to": [7.5, 8, 9],
			"rotation": {"angle": 0, "axis": "z", "origin": [6.25, 7, 8.5]},
			"faces": {
				"north": {"uv": [0, 0, 1, 2], "rotation": 90, "texture": "#2"},
				"east": {"uv": [6, 0, 5, 2], "rotation": 270, "texture": "#2"},
				"south": {"uv": [0, 0, 1, 2], "rotation": 270, "texture": "#2"},
				"west": {"uv": [4, 2, 3, 0], "texture": "#2"},
				"up": {"uv": [0, 0, 1, 2], "rotation": 270, "texture": "#2"},
				"down": {"uv": [0, 0, 1, 2], "rotation": 270, "texture": "#2"}
			}
		},
		{
			"from": [7.5, 6, 8],
			"to": [8, 8, 9],
			"rotation": {"angle": 0, "axis": "x", "origin": [7.75, 7, 8.5]},
			"faces": {
				"north": {"uv": [0, 0, 1, 2], "rotation": 180, "texture": "#2"},
				"east": {"uv": [0, 0, 1, 2], "rotation": 180, "texture": "#2"},
				"south": {"uv": [0, 0, 1, 2], "rotation": 180, "texture": "#2"},
				"west": {"uv": [0, 0, 1, 2], "rotation": 180, "texture": "#2"},
				"up": {"uv": [1, 1, 0, 2], "texture": "#2"},
				"down": {"uv": [4, 2, 3, 0], "rotation": 90, "texture": "#2"}
			}
		},
		{
			"from": [6.5, 6, 8],
			"to": [7.5, 6.5, 9],
			"rotation": {"angle": 0, "axis": "y", "origin": [7, 6.25, 8.5]},
			"faces": {
				"north": {"uv": [2, 0, 3, 2], "rotation": 270, "texture": "#2"},
				"east": {"uv": [16, 16, 15, 14], "texture": "#2"},
				"south": {"uv": [1, 0, 2, 2], "rotation": 90, "texture": "#2"},
				"west": {"uv": [16, 14, 15, 16], "rotation": 270, "texture": "#2"},
				"up": {"uv": [2, 0, 3, 2], "rotation": 90, "texture": "#2"},
				"down": {"uv": [2, 0, 3, 2], "rotation": 90, "texture": "#2"}
			}
		}
	],
	"display": {
		"thirdperson_righthand": {
			"rotation": [0, 180, 90],
			"translation": [0, 2, 1],
			"scale": [1.13, 1.13, 1.13]
		},
		"thirdperson_lefthand": {
			"rotation": [-180, 0, -180],
			"translation": [2.25, 0.25, 1],
			"scale": [1.13, 1.13, 1.13]
		},
		"firstperson_righthand": {
			"rotation": [-10, 150, 90],
			"translation": [-0.5, 3, 2],
			"scale": [1.13, 1.13, 1.13]
		},
		"firstperson_lefthand": {
			"rotation": [-15, -180, -90],
			"translation": [1.5, 0.25, 0.25],
			"scale": [1.13, 1.13, 1.13]
		},
		"gui": {
			"rotation": [135, 0, 130],
			"translation": [-2.5, 2.25, 0],
			"scale": [3, 3, 3]
		},
		"head": {
			"rotation": [180, 0, -90],
			"translation": [4, 10.5, 2],
			"scale": [4, 4, 4]
		},
		"fixed": {
			"rotation": [0, 8, 0],
			"translation": [0, 1.75, -2.5],
			"scale": [2, 2, 2]
		}
	}
}