{
	"credit": "Сделано Веббером специально для MoreDeco https://modrinth.com/resourcepack/moredeco mc _Webber_3",
	"parent": "item/handheld",
	"textures": {
		"layer0": "item/netherite_axe/serp_lobo"
	},
	"display": {
		"thirdperson_righthand": {
			"rotation": [0, 90, 45],
			"translation": [0, 7, 3]
		},
		"thirdperson_lefthand": {
			"rotation": [0, -90, -45],
			"translation": [0, 7, 3]
		},
		"firstperson_righthand": {
			"rotation": [0, 90, 45],
			"translation": [0, 8, 1]
		},
		"firstperson_lefthand": {
			"rotation": [0, -90, -45],
			"translation": [0, 8, 1]
		},
		"ground": {
			"translation": [0, 5, 0]
		},
		"gui": {
			"translation": [2.75, 5.25, 0],
			"scale": [1.65, 1.65, 1.65]
		},
		"head": {
			"translation": [-4, 8, 0],
			"scale": [2, 2, 2]
		},
		"fixed": {
			"translation": [4, 6, 0],
			"scale": [2, 2, 2]
		}
	}
}