{
	"format_version": "1.21.6",
	"credit": "Сделано Веббером специально для MoreDeco https://modrinth.com/resourcepack/moredeco mc _Webber_3",
	"textures": {
		"2": "item/decorated_pot/visoki/gray",
		"particle": "item/decorated_pot/visoki/gray"
	},
	"elements": [
		{
			"from": [4, 18, 4],
			"to": [12, 20, 12],
			"faces": {
				"north": {"uv": [2, 0, 6, 1], "texture": "#2"},
				"east": {"uv": [2, 0, 6, 1], "texture": "#2"},
				"south": {"uv": [2, 0, 6, 1], "texture": "#2"},
				"west": {"uv": [2, 0, 6, 1], "texture": "#2"},
				"up": {"uv": [11.5, 1, 15.5, 5], "rotation": 270, "texture": "#2"},
				"down": {"uv": [11.5, 5, 15.5, 9], "texture": "#2"}
			}
		},
		{
			"from": [5, 20, 5],
			"to": [11, 19, 11],
			"faces": {
				"north": {"uv": [10.5, 13.5, 13.5, 14], "texture": "#2"},
				"east": {"uv": [10.5, 13.5, 13.5, 14], "texture": "#2"},
				"south": {"uv": [10.5, 13.5, 13.5, 14], "texture": "#2"},
				"west": {"uv": [10.5, 13.5, 13.5, 14], "texture": "#2"},
				"up": {"uv": [10.5, 11, 13.5, 14], "rotation": 270, "texture": "#2"},
				"down": {"uv": [11.5, 5, 15.5, 9], "texture": "#2"}
			}
		},
		{
			"from": [5, 14, 5],
			"to": [11, 18, 11],
			"faces": {
				"north": {"uv": [2.5, 1, 5.5, 3], "texture": "#2"},
				"east": {"uv": [2.5, 1, 5.5, 3], "texture": "#2"},
				"south": {"uv": [2.5, 1, 5.5, 3], "texture": "#2"},
				"west": {"uv": [2.5, 1, 5.5, 3], "texture": "#2"},
				"up": {"uv": [15.5, 15.5, 16, 16], "texture": "#2"},
				"down": {"uv": [15.5, 15.5, 16, 16], "texture": "#2"}
			}
		},
		{
			"from": [7, 14, 13],
			"to": [9, 18, 15],
			"faces": {
				"north": {"uv": [6.5, 1, 7.5, 3], "texture": "#2"},
				"east": {"uv": [7.5, 1, 6.5, 3], "texture": "#2"},
				"south": {"uv": [7, 1, 7.5, 3], "texture": "#2"},
				"west": {"uv": [6.5, 1, 7.5, 3], "texture": "#2"},
				"up": {"uv": [15.5, 15.5, 16, 16], "texture": "#2"},
				"down": {"uv": [15.5, 15.5, 16, 16], "rotation": 90, "texture": "#2"}
			}
		},
		{
			"from": [7, 16, 11],
			"to": [9, 18, 15],
			"faces": {
				"north": {"uv": [5.5, 1, 7.5, 2], "texture": "#2"},
				"east": {"uv": [7.5, 1, 5.5, 2], "texture": "#2"},
				"south": {"uv": [15.5, 15.5, 16, 16], "texture": "#2"},
				"west": {"uv": [5.5, 1, 7.5, 2], "texture": "#2"},
				"up": {"uv": [5.5, 1, 7.5, 1.5], "rotation": 90, "texture": "#2"},
				"down": {"uv": [5.5, 1.5, 7.5, 2], "rotation": 270, "texture": "#2"}
			}
		},
		{
			"from": [7, 14, 1],
			"to": [9, 18, 3],
			"faces": {
				"north": {"uv": [0.5, 1, 1, 3], "texture": "#2"},
				"east": {"uv": [1.5, 1, 0.5, 3], "texture": "#2"},
				"south": {"uv": [0.5, 1, 1.5, 3], "texture": "#2"},
				"west": {"uv": [0.5, 1, 1.5, 3], "texture": "#2"},
				"up": {"uv": [15.5, 15.5, 16, 16], "texture": "#2"},
				"down": {"uv": [15.5, 15.5, 16, 16], "rotation": 90, "texture": "#2"}
			}
		},
		{
			"from": [7, 16, 1],
			"to": [9, 18, 5],
			"faces": {
				"north": {"uv": [15.5, 15.5, 16, 16], "texture": "#2"},
				"east": {"uv": [2.5, 1, 0.5, 2], "texture": "#2"},
				"south": {"uv": [0.5, 1, 2.5, 2], "texture": "#2"},
				"west": {"uv": [0.5, 1, 2.5, 2], "texture": "#2"},
				"up": {"uv": [0.5, 1, 2.5, 1.5], "rotation": 90, "texture": "#2"},
				"down": {"uv": [0.5, 1.5, 2.5, 2], "rotation": 270, "texture": "#2"}
			}
		},
		{
			"from": [1, 2, 1],
			"to": [15, 14, 15],
			"faces": {
				"north": {"uv": [0.5, 3, 7.5, 9], "texture": "#2"},
				"east": {"uv": [0.5, 3, 7.5, 9], "texture": "#2"},
				"south": {"uv": [0.5, 3, 7.5, 9], "texture": "#2"},
				"west": {"uv": [0.5, 3, 7.5, 9], "texture": "#2"},
				"up": {"uv": [8.5, 9, 15.5, 16], "texture": "#2"},
				"down": {"uv": [1, 10, 7, 16], "texture": "#2"}
			}
		},
		{
			"from": [2, 0, 2],
			"to": [14, 2, 14],
			"faces": {
				"north": {"uv": [1, 9, 7, 10], "texture": "#2"},
				"east": {"uv": [1, 9, 7, 10], "texture": "#2"},
				"south": {"uv": [1, 9, 7, 10], "texture": "#2"},
				"west": {"uv": [1, 9, 7, 10], "texture": "#2"},
				"up": {"uv": [8.5, 9, 15.5, 16], "texture": "#2"},
				"down": {"uv": [1, 10, 7, 16], "texture": "#2"}
			}
		}
	],
	"display": {
		"thirdperson_righthand": {
			"rotation": [67, 0, 0],
			"translation": [0, 0.25, -4.25],
			"scale": [0.5, 0.5, 0.5]
		},
		"thirdperson_lefthand": {
			"rotation": [67, 0, 0],
			"translation": [0, 0.25, -4.25],
			"scale": [0.5, 0.5, 0.5]
		},
		"firstperson_righthand": {
			"rotation": [15, 0, 0],
			"translation": [-1.5, 2.75, 2.75],
			"scale": [0.25, 0.25, 0.25]
		},
		"firstperson_lefthand": {
			"rotation": [15, 0, 0],
			"translation": [-1.5, 2.75, 2.75],
			"scale": [0.25, 0.25, 0.25]
		},
		"ground": {
			"translation": [0, 2, 0],
			"scale": [0.5, 0.5, 0.5]
		},
		"gui": {
			"rotation": [25, 45, 0],
			"translation": [0, -1, 0],
			"scale": [0.65, 0.65, 0.65]
		},
		"head": {
			"translation": [0, 15, 0]
		},
		"fixed": {
			"rotation": [-90, 0, 0],
			"translation": [0, 0, -14],
			"scale": [2, 2, 2]
		}
	}
}