{
	"format_version": "1.21.6",
	"credit": "Сделано Веббером специально для MoreDeco https://modrinth.com/resourcepack/moredeco mc _Webber_3",
	"parent": "item/handheld",
	"textures": {
		"layer0": "item/netherite_sword/katana"
	},
	"display": {
		"thirdperson_righthand": {
			"rotation": [0, -90, 55],
			"translation": [0, 10.5, -0.25],
			"scale": [1.5, 1.5, 1]
		},
		"thirdperson_lefthand": {
			"rotation": [0, 90, -55],
			"translation": [0, 10.5, -0.25],
			"scale": [1.5, 1.5, 1]
		},
		"firstperson_righthand": {
			"rotation": [0, -90, 25],
			"translation": [1, 6.75, 1],
			"scale": [1.5, 1.5, 1]
		},
		"firstperson_lefthand": {
			"rotation": [0, 90, -25],
			"translation": [1, 6.75, 1],
			"scale": [1.5, 1.5, 1]
		},
		"ground": {
			"translation": [0, 4, 0]
		},
		"gui": {
			"translation": [2.75, 2.25, 0],
			"scale": [1.35, 1.35, 1.35]
		},
		"head": {
			"rotation": [0, 45, 180],
			"translation": [3.25, 3.5, -1.75],
			"scale": [2, 2, 2]
		},
		"fixed": {
			"translation": [3, 3, -1],
			"scale": [2, 2, 2]
		}
	}
}