{
	"credit": "Сделано Веббером специально для MoreDeco https://modrinth.com/resourcepack/moredeco mc _Webber_3",
	"textures": {
		"0": "item/netherite_sword/shpaga_pib",
		"particle": "item/netherite_sword/shpaga_pib"
	},
	"elements": [
		{
			"from": [7.5, 0, 8],
			"to": [8.5, 6, 9],
			"faces": {
				"north": {"uv": [12, 10, 13, 16], "texture": "#0"},
				"east": {"uv": [12, 10, 13, 16], "texture": "#0"},
				"south": {"uv": [12, 10, 13, 16], "texture": "#0"},
				"west": {"uv": [12, 10, 13, 16], "texture": "#0"},
				"up": {"uv": [15, 15, 16, 16], "texture": "#0"},
				"down": {"uv": [12, 15, 13, 16], "texture": "#0"}
			}
		},
		{
			"from": [7.5, 6, 8.5],
			"to": [8.5, 22, 8.5],
			"faces": {
				"north": {"uv": [7, 0, 8, 16], "texture": "#0"},
				"east": {"uv": [0, 0, 0, 16], "texture": "#0"},
				"south": {"uv": [7, 0, 8, 16], "texture": "#0"},
				"west": {"uv": [0, 0, 0, 16], "texture": "#0"},
				"up": {"uv": [0, 0, 1, 0], "texture": "#0"},
				"down": {"uv": [0, 0, 1, 0], "texture": "#0"}
			}
		},
		{
			"from": [6, 3, 6.5],
			"to": [10, 6, 10.5],
			"faces": {
				"north": {"uv": [11, 6, 15, 9], "texture": "#0"},
				"east": {"uv": [11, 6, 15, 9], "texture": "#0"},
				"south": {"uv": [11, 6, 15, 9], "texture": "#0"},
				"west": {"uv": [11, 6, 15, 9], "texture": "#0"},
				"up": {"uv": [11, 2, 15, 6], "texture": "#0"},
				"down": {"uv": [15, 15, 16, 16], "texture": "#0"}
			}
		},
		{
			"from": [6, 6, 6.5],
			"to": [10, 3, 10.5],
			"rotation": {"angle": 0, "axis": "y", "origin": [8, 4.5, 8.5]},
			"faces": {
				"north": {"uv": [11, 9, 15, 6], "texture": "#0"},
				"east": {"uv": [11, 9, 15, 6], "texture": "#0"},
				"south": {"uv": [11, 9, 15, 6], "texture": "#0"},
				"west": {"uv": [11, 9, 15, 6], "texture": "#0"},
				"up": {"uv": [15, 15, 16, 16], "rotation": 180, "texture": "#0"},
				"down": {"uv": [11, 2, 15, 6], "rotation": 180, "texture": "#0"}
			}
		}
	],
	"display": {
		"thirdperson_righthand": {
			"translation": [-0.5, 5.25, 1]
		},
		"thirdperson_lefthand": {
			"translation": [-0.5, 5.25, 1]
		},
		"firstperson_righthand": {
			"rotation": [-15, 0, 0],
			"translation": [1, 2.5, 0.5],
			"scale": [0.75, 0.75, 0.75]
		},
		"firstperson_lefthand": {
			"rotation": [-15, 0, 0],
			"translation": [1, 2.5, 0.5],
			"scale": [0.75, 0.75, 0.75]
		},
		"ground": {
			"rotation": [90, 0, 0],
			"translation": [0, 0, -2],
			"scale": [0.75, 0.75, 0.75]
		},
		"gui": {
			"rotation": [0, -45, -45],
			"translation": [-0.75, -2, 0],
			"scale": [0.85, 0.85, 0.85]
		},
		"head": {
			"translation": [0, 23, 0],
			"scale": [2, 2, 2]
		},
		"fixed": {
			"rotation": [8, 0, 0],
			"translation": [0, -8, -4.5],
			"scale": [2, 2, 2]
		}
	}
}