{
	"credit": "Сделано Веббером специально для MoreDeco https://modrinth.com/resourcepack/moredeco mc _Webber_3",
	"textures": {
		"0": "item/lantern/cerosin_lamp",
		"particle": "item/lantern/cerosin_lamp"
	},
	"elements": [
		{
			"from": [5, 11, 8],
			"to": [11, 15, 8],
			"faces": {
				"north": {"uv": [2.5, 0.5, 5.5, 2.5], "texture": "#0"},
				"east": {"uv": [15, 15, 16, 16], "texture": "#0"},
				"south": {"uv": [2.5, 0.5, 5.5, 2.5], "texture": "#0"},
				"west": {"uv": [15, 15, 16, 16], "texture": "#0"},
				"up": {"uv": [10, 0, 14, 4], "texture": "#0"},
				"down": {"uv": [10, 0, 14, 4], "texture": "#0"}
			}
		},
		{
			"from": [3, 1, 8],
			"to": [4, 10, 8],
			"faces": {
				"north": {"uv": [6, 3, 6.5, 7.5], "texture": "#0"},
				"east": {"uv": [15, 15, 16, 16], "texture": "#0"},
				"south": {"uv": [6, 3, 6.5, 7.5], "texture": "#0"},
				"west": {"uv": [15, 15, 16, 16], "texture": "#0"},
				"up": {"uv": [10, 0, 14, 4], "texture": "#0"},
				"down": {"uv": [10, 0, 14, 4], "texture": "#0"}
			}
		},
		{
			"from": [12, 1, 8],
			"to": [13, 10, 8],
			"faces": {
				"north": {"uv": [1.5, 3, 2, 7.5], "texture": "#0"},
				"east": {"uv": [15, 15, 16, 16], "texture": "#0"},
				"south": {"uv": [1.5, 3, 2, 7.5], "texture": "#0"},
				"west": {"uv": [15, 15, 16, 16], "texture": "#0"},
				"up": {"uv": [10, 0, 14, 4], "texture": "#0"},
				"down": {"uv": [10, 0, 14, 4], "texture": "#0"}
			}
		},
		{
			"from": [4, 9, 4],
			"to": [12, 11, 12],
			"faces": {
				"north": {"uv": [2, 2.5, 6, 3.5], "texture": "#0"},
				"east": {"uv": [2, 2.5, 6, 3.5], "texture": "#0"},
				"south": {"uv": [2, 2.5, 6, 3.5], "texture": "#0"},
				"west": {"uv": [2, 2.5, 6, 3.5], "texture": "#0"},
				"up": {"uv": [10, 0, 14, 4], "texture": "#0"},
				"down": {"uv": [10, 12, 14, 16], "texture": "#0"}
			}
		},
		{
			"from": [5, 7, 5],
			"to": [11, 9, 11],
			"faces": {
				"north": {"uv": [2.5, 3.5, 5.5, 4.5], "texture": "#0"},
				"east": {"uv": [2.5, 3.5, 5.5, 4.5], "texture": "#0"},
				"south": {"uv": [2.5, 3.5, 5.5, 4.5], "texture": "#0"},
				"west": {"uv": [2.5, 3.5, 5.5, 4.5], "texture": "#0"},
				"up": {"uv": [15, 15, 16, 16], "texture": "#0"},
				"down": {"uv": [10.5, 0.5, 13.5, 3.5], "texture": "#0"}
			}
		},
		{
			"from": [6, 2, 6],
			"to": [10, 7, 10],
			"faces": {
				"north": {"uv": [3, 10.5, 5, 13], "texture": "#0"},
				"east": {"uv": [3, 10.5, 5, 13], "texture": "#0"},
				"south": {"uv": [3, 10.5, 5, 13], "texture": "#0"},
				"west": {"uv": [3, 10.5, 5, 13], "texture": "#0"},
				"up": {"uv": [15.5, 15.5, 16, 16], "texture": "#0"},
				"down": {"uv": [15.5, 15.5, 16, 16], "texture": "#0"}
			}
		},
		{
			"from": [6, 2, 10],
			"to": [10, 7, 6],
			"faces": {
				"north": {"uv": [3, 10.5, 5, 13], "texture": "#0"},
				"east": {"uv": [3, 10.5, 5, 13], "texture": "#0"},
				"south": {"uv": [3, 10.5, 5, 13], "texture": "#0"},
				"west": {"uv": [3, 10.5, 5, 13], "texture": "#0"},
				"up": {"uv": [15.5, 15.5, 16, 16], "texture": "#0"},
				"down": {"uv": [15.5, 15.5, 16, 16], "texture": "#0"}
			}
		},
		{
			"from": [4, 0, 4],
			"to": [12, 2, 12],
			"faces": {
				"north": {"uv": [2, 7, 6, 8], "texture": "#0"},
				"east": {"uv": [2, 7, 6, 8], "texture": "#0"},
				"south": {"uv": [2, 7, 6, 8], "texture": "#0"},
				"west": {"uv": [2, 7, 6, 8], "texture": "#0"},
				"up": {"uv": [10, 4, 14, 8], "texture": "#0"},
				"down": {"uv": [10, 8, 14, 12], "texture": "#0"}
			}
		}
	],
	"display": {
		"thirdperson_righthand": {
			"rotation": [0, 90, 68],
			"translation": [0, -2, -3.5],
			"scale": [0.75, 0.75, 0.75]
		},
		"thirdperson_lefthand": {
			"rotation": [0, 90, 68],
			"translation": [0, -2, -3.5],
			"scale": [0.75, 0.75, 0.75]
		},
		"firstperson_righthand": {
			"rotation": [10, 0, 0],
			"translation": [2, 13, 0],
			"scale": [0.65, 0.65, 0.65]
		},
		"firstperson_lefthand": {
			"rotation": [10, 0, 0],
			"translation": [2, 13, 0],
			"scale": [0.65, 0.65, 0.65]
		},
		"ground": {
			"translation": [0, 3, 0],
			"scale": [0.75, 0.75, 0.75]
		},
		"gui": {
			"rotation": [25, 45, 0],
			"translation": [0, 1.25, 0],
			"scale": [0.95, 0.95, 0.95]
		},
		"head": {
			"translation": [0, 19, 0],
			"scale": [1.5, 1.5, 1.5]
		},
		"fixed": {
			"rotation": [-90, 0, 0],
			"translation": [0, 0, -16],
			"scale": [2.01, 2.01, 2.01]
		}
	}
}