{
	"credit": "Сделано Веббером специально для MoreDeco https://modrinth.com/resourcepack/moredeco mc _Webber_3",
	"texture_size": [64, 64],
	"textures": {
		"0": "item/lantern/svetilnik",
		"particle": "item/lantern/svetilnik"
	},
	"elements": [
		{
			"from": [0, 11, 0],
			"to": [16, 22, 16],
			"faces": {
				"north": {"uv": [8, 0, 16, 5.5], "texture": "#0"},
				"east": {"uv": [8, 0, 16, 5.5], "texture": "#0"},
				"south": {"uv": [8, 0, 16, 5.5], "texture": "#0"},
				"west": {"uv": [8, 0, 16, 5.5], "texture": "#0"},
				"up": {"uv": [8, 8, 0, 0], "texture": "#0"},
				"down": {"uv": [1.5, 14.5, 0, 16], "texture": "#0"}
			}
		},
		{
			"from": [16, 22, 16],
			"to": [0, 11, 0],
			"rotation": {"angle": 0, "axis": "y", "origin": [-8, 4.5, -8]},
			"faces": {
				"north": {"uv": [8, 5.5, 16, 0], "texture": "#0"},
				"east": {"uv": [8, 5.5, 16, 0], "texture": "#0"},
				"south": {"uv": [8, 5.5, 16, 0], "texture": "#0"},
				"west": {"uv": [8, 5.5, 16, 0], "texture": "#0"},
				"up": {"uv": [1.5, 16, 0, 14.5], "rotation": 180, "texture": "#0"},
				"down": {"uv": [8, 0, 0, 8], "rotation": 180, "texture": "#0"}
			}
		},
		{
			"from": [6.5, 2, 6.5],
			"to": [9.5, 22, 9.5],
			"faces": {
				"north": {"uv": [15, 5.5, 13.5, 16], "texture": "#0"},
				"east": {"uv": [13.5, 5.5, 15, 16], "texture": "#0"},
				"south": {"uv": [15, 5.5, 13.5, 16], "texture": "#0"},
				"west": {"uv": [13.5, 5.5, 15, 16], "texture": "#0"},
				"up": {"uv": [0.75, 16, 0, 15.25], "texture": "#0"},
				"down": {"uv": [0.75, 15.25, 0, 16], "texture": "#0"}
			}
		},
		{
			"from": [5, 16, 5],
			"to": [11, 22, 11],
			"faces": {
				"north": {"uv": [5.5, 10.5, 8.5, 13.5], "texture": "#0"},
				"east": {"uv": [5.5, 10.5, 8.5, 13.5], "texture": "#0"},
				"south": {"uv": [5.5, 10.5, 8.5, 13.5], "texture": "#0"},
				"west": {"uv": [5.5, 10.5, 8.5, 13.5], "texture": "#0"},
				"up": {"uv": [3, 16, 0, 13], "texture": "#0"},
				"down": {"uv": [8.5, 10.5, 5.5, 13.5], "texture": "#0"}
			}
		},
		{
			"from": [4, 0, 4],
			"to": [12, 2, 12],
			"faces": {
				"north": {"uv": [13, 14, 9, 15], "texture": "#0"},
				"east": {"uv": [9, 14, 13, 15], "texture": "#0"},
				"south": {"uv": [13, 14, 9, 15], "texture": "#0"},
				"west": {"uv": [9, 14, 13, 15], "texture": "#0"},
				"up": {"uv": [13, 10, 9, 6], "texture": "#0"},
				"down": {"uv": [13, 10, 9, 14], "texture": "#0"}
			}
		}
	],
	"display": {
		"thirdperson_righthand": {
			"translation": [-0.5, 0, 0],
			"scale": [0.5, 0.5, 0.5]
		},
		"thirdperson_lefthand": {
			"translation": [-0.5, 0, 0],
			"scale": [0.5, 0.5, 0.5]
		},
		"firstperson_righthand": {
			"translation": [-0.5, 0, 0],
			"scale": [0.45, 0.45, 0.45]
		},
		"firstperson_lefthand": {
			"translation": [-0.5, 0, 0],
			"scale": [0.45, 0.45, 0.45]
		},
		"ground": {
			"translation": [0, 1, 0],
			"scale": [0.5, 0.5, 0.5]
		},
		"gui": {
			"rotation": [35, 45, 0],
			"translation": [0, -2.25, 0],
			"scale": [0.55, 0.55, 0.55]
		},
		"head": {
			"translation": [0, 1.75, 0]
		},
		"fixed": {
			"rotation": [-90, 0, 0],
			"translation": [0, 0, -16],
			"scale": [1.99, 1.99, 1.99]
		}
	}
}