{
	"format_version": "1.21.6",
	"credit": "Сделано Веббером специально для MoreDeco https://modrinth.com/resourcepack/moredeco mc _Webber_3",
	"textures": {
		"0": "item/carved_pumpkin/o4ku/o4ku",
		"particle": "item/carved_pumpkin/o4ku/o4ku"
	},
	"elements": [
		{
			"from": [5, 3, 8],
			"to": [7, 5, 8.75],
			"faces": {
				"north": {"uv": [10.22222, 0.44444, 11.11111, 1.33333], "texture": "#0"},
				"east": {"uv": [10.22222, 0.44444, 10.66667, 1.33333], "texture": "#0"},
				"south": {"uv": [11.11111, 0.44444, 10.22222, 1.33333], "texture": "#0"},
				"west": {"uv": [11.11111, 0.44444, 10.66667, 1.33333], "texture": "#0"},
				"up": {"uv": [11.11111, 0.44444, 10.22222, 0.88889], "texture": "#0"},
				"down": {"uv": [11.11111, 0.88889, 10.22222, 1.33333], "texture": "#0"}
			}
		},
		{
			"from": [4, 3, 8],
			"to": [5, 5, 8.75],
			"faces": {
				"north": {"uv": [11.11111, 0.44444, 11.55556, 1.33333], "texture": "#0"},
				"east": {"uv": [11.11111, 0.44444, 11.55556, 1.33333], "texture": "#0"},
				"south": {"uv": [11.55556, 0.44444, 11.11111, 1.33333], "texture": "#0"},
				"west": {"uv": [11.55556, 0.44444, 11.11111, 1.33333], "texture": "#0"},
				"up": {"uv": [11.55556, 0.44444, 11.11111, 0.88889], "texture": "#0"},
				"down": {"uv": [11.55556, 0.88889, 11.11111, 1.33333], "texture": "#0"}
			}
		},
		{
			"from": [7, 3, 8],
			"to": [8, 5, 8.75],
			"faces": {
				"north": {"uv": [9.77778, 0.44444, 10.22222, 1.33333], "texture": "#0"},
				"east": {"uv": [9.77778, 0.44444, 10.22222, 1.33333], "texture": "#0"},
				"south": {"uv": [10.22222, 0.44444, 9.77778, 1.33333], "texture": "#0"},
				"west": {"uv": [10.22222, 0.44444, 9.77778, 1.33333], "texture": "#0"},
				"up": {"uv": [10.22222, 0.44444, 9.77778, 0.88889], "texture": "#0"},
				"down": {"uv": [10.22222, 0.88889, 9.77778, 1.33333], "texture": "#0"}
			}
		},
		{
			"from": [5, 5, 8],
			"to": [7, 6, 8.75],
			"faces": {
				"north": {"uv": [10.22222, 0, 11.11111, 0.44444], "texture": "#0"},
				"east": {"uv": [10.22222, 0, 10.66667, 0.44444], "texture": "#0"},
				"south": {"uv": [11.11111, 0, 10.22222, 0.44444], "texture": "#0"},
				"west": {"uv": [10.66667, 0, 11.11111, 0.44444], "texture": "#0"},
				"up": {"uv": [11.11111, 0, 10.22222, 0.44444], "texture": "#0"},
				"down": {"uv": [11.11111, 0, 10.22222, 0.44444], "texture": "#0"}
			}
		},
		{
			"from": [5, 2, 8],
			"to": [7, 3, 8.75],
			"faces": {
				"north": {"uv": [10.22222, 1.33333, 11.11111, 1.77778], "texture": "#0"},
				"east": {"uv": [10.22222, 1.33333, 10.66667, 1.77778], "texture": "#0"},
				"south": {"uv": [11.11111, 1.33333, 10.22222, 1.77778], "texture": "#0"},
				"west": {"uv": [10.66667, 1.33333, 11.11111, 1.77778], "texture": "#0"},
				"up": {"uv": [11.11111, 1.33333, 10.22222, 1.77778], "texture": "#0"},
				"down": {"uv": [11.11111, 1.33333, 10.22222, 1.77778], "texture": "#0"}
			}
		},
		{
			"from": [5, 0, 8],
			"to": [6, 1, 8.75],
			"faces": {
				"north": {"uv": [10.66667, 2.22222, 11.11111, 2.66667], "texture": "#0"},
				"east": {"uv": [10.66667, 2.22222, 11.11111, 2.66667], "texture": "#0"},
				"south": {"uv": [11.11111, 2.22222, 10.66667, 2.66667], "texture": "#0"},
				"west": {"uv": [10.66667, 2.22222, 11.11111, 2.66667], "texture": "#0"},
				"up": {"uv": [11.11111, 2.22222, 10.66667, 2.66667], "texture": "#0"},
				"down": {"uv": [11.11111, 2.22222, 10.66667, 2.66667], "texture": "#0"}
			}
		}
	],
	"display": {
		"thirdperson_righthand": {
			"rotation": [90, 90, -90],
			"translation": [-1, 4, -3.25]
		},
		"thirdperson_lefthand": {
			"rotation": [90, 90, -90],
			"translation": [-1, 4, 0.75]
		},
		"firstperson_righthand": {
			"rotation": [0, 145, 0],
			"translation": [0, 8, -0.5]
		},
		"firstperson_lefthand": {
			"rotation": [-10, -180, 0],
			"translation": [4.25, 8, -0.25]
		},
		"ground": {
			"translation": [0, 4.5, 0]
		},
		"gui": {
			"rotation": [35, -145, 0],
			"translation": [-2.5, 5.75, 0],
			"scale": [1.75, 1.75, 1.75]
		},
		"head": {
			"translation": [0.5, 8.25, -8.25],
			"scale": [1.85, 1.85, 1.85]
		},
		"fixed": {
			"translation": [4, 8, -1.75],
			"scale": [2, 2, 2]
		}
	}
}