{
	"credit": "Сделано Веббером специально для MoreDeco https://modrinth.com/resourcepack/moredeco mc _Webber_3",
	"texture_size": [32, 32],
	"textures": {
		"1": "item/carved_pumpkin/cylinder/black_hat"
	},
	"elements": [
		{
			"from": [2, 7, 2],
			"to": [14, 7, 14],
			"faces": {
				"north": {"uv": [0, 0, 6, 0], "texture": "#1"},
				"east": {"uv": [0, 0, 6, 0], "texture": "#1"},
				"south": {"uv": [0, 0, 6, 0], "texture": "#1"},
				"west": {"uv": [0, 0, 6, 0], "texture": "#1"},
				"up": {"uv": [8, 4, 14, 10], "texture": "#1"},
				"down": {"uv": [8, 4, 14, 10], "texture": "#1"}
			}
		},
		{
			"from": [4, 7, 4],
			"to": [12, 16, 12],
			"faces": {
				"north": {"uv": [0, 0, 4, 4.5], "texture": "#1"},
				"east": {"uv": [4, 0, 8, 4.5], "texture": "#1"},
				"south": {"uv": [0, 4.5, 4, 9], "texture": "#1"},
				"west": {"uv": [4, 4.5, 8, 9], "texture": "#1"},
				"up": {"uv": [12, 4, 8, 0], "texture": "#1"},
				"down": {"uv": [4, 9, 0, 13], "texture": "#1"}
			}
		}
	],
	"display": {
		"thirdperson_righthand": {
			"translation": [0, 1, 0]
		},
		"thirdperson_lefthand": {
			"translation": [0, 1, 0]
		},
		"firstperson_righthand": {
			"translation": [0.75, 0, 0],
			"scale": [0.75, 0.75, 0.75]
		},
		"firstperson_lefthand": {
			"translation": [0.75, 0, 0],
			"scale": [0.75, 0.75, 0.75]
		},
		"gui": {
			"rotation": [45, 45, 0],
			"translation": [0, -1.5, 0]
		},
		"head": {
			"translation": [0, 3.5, 0],
			"scale": [1.65, 1.65, 1.65]
		},
		"fixed": {
			"rotation": [-90, 0, 0],
			"translation": [0, 0, -2.25],
			"scale": [2, 2, 2]
		}
	}
}