{
	"credit": "Сделано Веббером специально для MoreDeco https://modrinth.com/resourcepack/moredeco mc _Webber_3",
	"texture_size": [32, 32],
	"textures": {
		"0": "item/carved_pumpkin/reference/handymans_handle",
		"particle": "item/carved_pumpkin/reference/handymans_handle"
	},
	"elements": [
		{
			"from": [4, 0, 4],
			"to": [12, 4, 12],
			"faces": {
				"north": {"uv": [0, 4, 4, 6], "texture": "#0"},
				"east": {"uv": [0, 4, 4, 6], "texture": "#0"},
				"south": {"uv": [0, 4, 4, 6], "texture": "#0"},
				"west": {"uv": [0, 4, 4, 6], "texture": "#0"},
				"up": {"uv": [8, 4, 4, 0], "texture": "#0"},
				"down": {"uv": [4, 0, 0, 4], "texture": "#0"}
			}
		},
		{
			"from": [5, 3, 5],
			"to": [11, 0, 11],
			"faces": {
				"north": {"uv": [8, 4, 11, 5.5], "texture": "#0"},
				"east": {"uv": [8, 4, 11, 5.5], "texture": "#0"},
				"south": {"uv": [8, 4, 11, 5.5], "texture": "#0"},
				"west": {"uv": [8, 4, 11, 5.5], "texture": "#0"},
				"down": {"uv": [11, 1, 8, 4], "texture": "#0"}
			}
		},
		{
			"from": [6, 4, 6],
			"to": [10, 5, 10],
			"rotation": {"angle": 0, "axis": "x", "origin": [8, 4.5, 8]},
			"faces": {
				"north": {"uv": [0, 8, 2, 8.5], "texture": "#0"},
				"east": {"uv": [0, 8, 2, 8.5], "texture": "#0"},
				"south": {"uv": [0, 8, 2, 8.5], "texture": "#0"},
				"west": {"uv": [0, 8, 2, 8.5], "texture": "#0"},
				"up": {"uv": [2, 8, 0, 6], "texture": "#0"},
				"down": {"uv": [2, 6, 0, 8], "texture": "#0"}
			}
		},
		{
			"from": [7, 5, 7],
			"to": [9, 19, 9],
			"faces": {
				"north": {"uv": [15, 0, 16, 7], "texture": "#0"},
				"east": {"uv": [16, 0, 15, 7], "texture": "#0"},
				"south": {"uv": [15, 0, 16, 7], "texture": "#0"},
				"west": {"uv": [16, 0, 15, 7], "texture": "#0"},
				"up": {"uv": [16, 8, 15, 7], "texture": "#0"},
				"down": {"uv": [2.5, 1.5, 1.5, 2.5], "texture": "#0"}
			}
		}
	],
	"display": {
		"thirdperson_righthand": {
			"translation": [-0.5, 0, 0],
			"scale": [0.75, 0.75, 0.75]
		},
		"thirdperson_lefthand": {
			"rotation": [155, 0, 0],
			"translation": [-0.5, 1.25, 0.75],
			"scale": [0.75, 0.75, 0.75]
		},
		"firstperson_righthand": {
			"translation": [3.5, 3.25, 0],
			"scale": [0.75, 0.75, 0.75]
		},
		"firstperson_lefthand": {
			"rotation": [155, 0, 0],
			"translation": [0.75, 1.25, 0.5],
			"scale": [0.75, 0.75, 0.75]
		},
		"ground": {
			"translation": [0, 3, 0],
			"scale": [0.5, 0.5, 0.5]
		},
		"gui": {
			"rotation": [35, 45, 0],
			"scale": [0.8, 0.8, 0.8]
		},
		"head": {
			"translation": [0, 20.75, 0],
			"scale": [2, 2, 2]
		},
		"fixed": {
			"rotation": [-90, 0, 0],
			"translation": [0, 0, -16],
			"scale": [2, 2, 2]
		}
	}
}