{
	"credit": "Сделано Веббером специально для MoreDeco https://modrinth.com/resourcepack/moredeco mc _Webber_3",
	"textures": {
		"0": "item/carved_pumpkin/reference/puss_in_boots_hat",
		"particle": "item/carved_pumpkin/reference/puss_in_boots_hat"
	},
	"elements": [
		{
			"from": [4, 0, 4],
			"to": [12, 3, 12],
			"faces": {
				"north": {"uv": [2.5, 1, 6.5, 2.5], "texture": "#0"},
				"east": {"uv": [6.5, 1, 2.5, 2.5], "texture": "#0"},
				"south": {"uv": [2.5, 1, 6.5, 2.5], "texture": "#0"},
				"west": {"uv": [6.5, 1, 2.5, 2.5], "texture": "#0"},
				"up": {"uv": [11, 0, 15, 4], "texture": "#0"},
				"down": {"uv": [15.5, 15.5, 16, 16], "texture": "#0"}
			}
		},
		{
			"from": [5, 3, 5],
			"to": [11, 5, 11],
			"faces": {
				"north": {"uv": [3, 0, 6, 1], "texture": "#0"},
				"east": {"uv": [3, 0, 6, 1], "texture": "#0"},
				"south": {"uv": [3, 0, 6, 1], "texture": "#0"},
				"west": {"uv": [3, 0, 6, 1], "texture": "#0"},
				"up": {"uv": [11.5, 0.5, 14.5, 3.5], "texture": "#0"},
				"down": {"uv": [15.5, 15.5, 16, 16], "texture": "#0"}
			}
		},
		{
			"from": [3, 0, 2],
			"to": [17, 0, 14],
			"faces": {
				"north": {"uv": [0, 0, 14, 0], "texture": "#0"},
				"east": {"uv": [15.33333, 15.33334, 16, 16], "texture": "#0"},
				"south": {"uv": [15.33333, 15.33334, 16, 16], "texture": "#0"},
				"west": {"uv": [15.33333, 15.33334, 16, 16], "texture": "#0"},
				"up": {"uv": [7, 8.5, 0, 2.5], "texture": "#0"},
				"down": {"uv": [7, 2.5, 0, 8.5], "texture": "#0"}
			}
		},
		{
			"from": [3, 0, 2],
			"to": [3, 2, 14],
			"rotation": {"angle": 22.5, "axis": "z", "origin": [3, 0, 8]},
			"faces": {
				"north": {"uv": [0, 0, 14, 0], "texture": "#0"},
				"east": {"uv": [7, 2.5, 8, 8.5], "rotation": 270, "texture": "#0"},
				"south": {"uv": [15, 15, 16, 16], "texture": "#0"},
				"west": {"uv": [7, 8.5, 8, 14.5], "rotation": 90, "texture": "#0"},
				"up": {"uv": [16, 16, 15, 15], "texture": "#0"},
				"down": {"uv": [16, 15, 15, 16], "texture": "#0"}
			}
		},
		{
			"from": [2.24, 1.85, 2],
			"to": [2.24, 4.85, 14],
			"rotation": {"angle": -45, "axis": "z", "origin": [2.24, 1.85, 8]},
			"faces": {
				"north": {"uv": [0, 0, 14, 0], "texture": "#0"},
				"east": {"uv": [8, 2.5, 9.5, 8.5], "rotation": 270, "texture": "#0"},
				"south": {"uv": [15, 15, 16, 16], "texture": "#0"},
				"west": {"uv": [9.5, 8.5, 8, 14.5], "rotation": 90, "texture": "#0"},
				"up": {"uv": [16, 16, 15, 15], "texture": "#0"},
				"down": {"uv": [16, 15, 15, 16], "texture": "#0"}
			}
		},
		{
			"from": [2, 4.925, 16.925],
			"to": [11, 4.925, 20.925],
			"rotation": {"angle": 0, "axis": "x", "origin": [6.5, 4.925, 20.925]},
			"faces": {
				"north": {"uv": [0, 0, 9, 0], "rotation": 180, "texture": "#0"},
				"east": {"uv": [16, 8, 16, 16], "rotation": 270, "texture": "#0"},
				"south": {"uv": [0, 0, 9, 0], "texture": "#0"},
				"west": {"uv": [16, 8, 16, 16], "rotation": 90, "texture": "#0"},
				"up": {"uv": [10.5, 10.5, 15, 12.5], "rotation": 180, "texture": "#0"},
				"down": {"uv": [1.5, 10.5, 6, 12.5], "texture": "#0"}
			}
		},
		{
			"from": [2, -0.075, 20.925],
			"to": [11, 4.925, 20.925],
			"rotation": {"angle": -22.5, "axis": "x", "origin": [6.5, 4.925, 20.925]},
			"faces": {
				"north": {"uv": [10.5, 4.5, 15, 7], "rotation": 180, "texture": "#0"},
				"east": {"uv": [16, 8, 16, 16], "rotation": 180, "texture": "#0"},
				"south": {"uv": [10.5, 8, 15, 10.5], "rotation": 180, "texture": "#0"},
				"west": {"uv": [16, 8, 16, 16], "rotation": 180, "texture": "#0"},
				"up": {"uv": [0, 0, 9, 0], "texture": "#0"},
				"down": {"uv": [0, 0, 9, 0], "texture": "#0"}
			}
		},
		{
			"from": [2, 0, 12],
			"to": [11, 7, 12],
			"rotation": {"angle": 45, "axis": "x", "origin": [5.5, 0, 12]},
			"faces": {
				"north": {"uv": [10.5, 12.5, 15, 16], "texture": "#0"},
				"east": {"uv": [16, 8, 16, 16], "texture": "#0"},
				"south": {"uv": [1.5, 12.5, 6, 16], "texture": "#0"},
				"west": {"uv": [16, 8, 16, 16], "texture": "#0"},
				"up": {"uv": [0, 0, 9, 0], "texture": "#0"},
				"down": {"uv": [0, 0, 9, 0], "texture": "#0"}
			}
		}
	],
	"display": {
		"thirdperson_righthand": {
			"rotation": [0, 89, 0],
			"translation": [-2.75, 6.5, 0],
			"scale": [1, 0.75, 1]
		},
		"thirdperson_lefthand": {
			"rotation": [0, 89, 0],
			"translation": [-2.75, 6.5, 0],
			"scale": [1, 0.75, 1]
		},
		"firstperson_righthand": {
			"rotation": [0, 90, 0],
			"translation": [2, 6, 0]
		},
		"firstperson_lefthand": {
			"rotation": [0, 90, 0],
			"translation": [2, 6, 0]
		},
		"ground": {
			"translation": [0, 3, 0],
			"scale": [0.75, 0.75, 0.75]
		},
		"gui": {
			"rotation": [25, 135, 0],
			"translation": [1, 4, 0],
			"scale": [0.85, 0.85, 0.85]
		},
		"head": {
			"translation": [0, 21, 0],
			"scale": [2, 2, 2]
		},
		"fixed": {
			"rotation": [-90, 0, 0],
			"translation": [0, 0, -16.25],
			"scale": [2.01, 2.01, 2.01]
		}
	}
}