{
	"credit": "Сделано Веббером специально для MoreDeco https://modrinth.com/resourcepack/moredeco mc _Webber_3",
	"texture_size": [64, 64],
	"textures": {
		"2": "item/note_block/mini_jukebox",
		"particle": "item/note_block/mini_jukebox"
	},
	"elements": [
		{
			"from": [3, 0, 6],
			"to": [13, 7, 10],
			"faces": {
				"north": {"uv": [0, 8, 5, 11.5], "texture": "#2"},
				"east": {"uv": [12, 8, 10, 11.5], "texture": "#2"},
				"south": {"uv": [5, 8, 10, 11.5], "texture": "#2"},
				"west": {"uv": [10, 8, 12, 11.5], "texture": "#2"},
				"up": {"uv": [5, 11.5, 10, 13.5], "texture": "#2"},
				"down": {"uv": [0, 11.5, 5, 13.5], "texture": "#2"}
			}
		},
		{
			"from": [5, 8, 8],
			"to": [6, 18, 9],
			"faces": {
				"north": {"uv": [12, 8.5, 12.5, 13.5], "texture": "#2"},
				"east": {"uv": [12, 8.5, 12.5, 13.5], "texture": "#2"},
				"south": {"uv": [12, 8.5, 12.5, 13.5], "texture": "#2"},
				"west": {"uv": [12, 8.5, 12.5, 13.5], "texture": "#2"},
				"up": {"uv": [12, 8.5, 12.5, 9], "texture": "#2"},
				"down": {"uv": [15.5, 15.5, 16, 16], "texture": "#2"}
			}
		},
		{
			"from": [4, 7, 7],
			"to": [6, 8, 9],
			"faces": {
				"north": {"uv": [12, 14.5, 13, 15], "texture": "#2"},
				"east": {"uv": [12, 14.5, 13, 15], "texture": "#2"},
				"south": {"uv": [12, 14.5, 13, 15], "texture": "#2"},
				"west": {"uv": [12, 14.5, 13, 15], "texture": "#2"},
				"up": {"uv": [12, 13.5, 13, 14.5], "texture": "#2"},
				"down": {"uv": [15.5, 15.5, 16, 16], "texture": "#2"}
			}
		}
	],
	"display": {
		"thirdperson_righthand": {
			"translation": [0, 8.25, 0]
		},
		"thirdperson_lefthand": {
			"translation": [0, 8.25, 0]
		},
		"firstperson_righthand": {
			"rotation": [0, 15, 0],
			"translation": [0, 5.25, 2],
			"scale": [0.75, 0.75, 0.75]
		},
		"firstperson_lefthand": {
			"rotation": [0, 15, 0],
			"translation": [0, 5.25, 2],
			"scale": [0.75, 0.75, 0.75]
		},
		"ground": {
			"rotation": [90, 0, 0],
			"translation": [0, 0, 3]
		},
		"gui": {
			"rotation": [25, 145, 0],
			"translation": [0, 0.25, 0],
			"scale": [0.85, 0.85, 0.85]
		},
		"head": {
			"translation": [0, 15, 0]
		},
		"fixed": {
			"rotation": [-90, 0, 0],
			"translation": [0, 0, -16],
			"scale": [2.01, 2.01, 2.01]
		}
	}
}