{
	"credit": "Сделано Веббером специально для MoreDeco https://modrinth.com/resourcepack/moredeco mc _Webber_3",
	"texture_size": [32, 32],
	"textures": {
		"1": "item/carved_pumpkin/pitomec/mini-spider/mini-spider",
		"particle": "item/carved_pumpkin/pitomec/mini-spider/mini-spider"
	},
	"elements": [
		{
			"from": [1, -1, 6],
			"to": [5, 3, 6],
			"rotation": {"angle": 22.5, "axis": "z", "origin": [0, 0, 0]},
			"faces": {
				"north": {"uv": [14, 0, 12, 2], "texture": "#1"},
				"east": {"uv": [13.5, 2, 13.5, 3.5], "texture": "#1"},
				"south": {"uv": [14, 0, 12, 2], "texture": "#1"},
				"west": {"uv": [14, 2, 14, 3.5], "texture": "#1"},
				"up": {"uv": [12, 2.5, 13.5, 2.5], "texture": "#1"},
				"down": {"uv": [12, 2, 13.5, 2], "texture": "#1"}
			}
		},
		{
			"from": [-1, 1, 8],
			"to": [3, 5, 8],
			"rotation": {"angle": -22.5, "axis": "z", "origin": [0, 0, 0]},
			"faces": {
				"north": {"uv": [14, 0, 12, 2], "texture": "#1"},
				"east": {"uv": [13.5, 2, 13.5, 3.5], "texture": "#1"},
				"south": {"uv": [12, 0, 14, 2], "texture": "#1"},
				"west": {"uv": [14, 2, 14, 3.5], "texture": "#1"},
				"up": {"uv": [12, 2.5, 13.5, 2.5], "texture": "#1"},
				"down": {"uv": [12, 2, 13.5, 2], "texture": "#1"}
			}
		},
		{
			"from": [1, -1, 10],
			"to": [5, 3, 10],
			"rotation": {"angle": 22.5, "axis": "z", "origin": [0, 0, 0]},
			"faces": {
				"north": {"uv": [14, 0, 12, 2], "texture": "#1"},
				"east": {"uv": [13.5, 2, 13.5, 3.5], "texture": "#1"},
				"south": {"uv": [14, 0, 12, 2], "texture": "#1"},
				"west": {"uv": [14, 2, 14, 3.5], "texture": "#1"},
				"up": {"uv": [12, 2.5, 13.5, 2.5], "texture": "#1"},
				"down": {"uv": [12, 2, 13.5, 2], "texture": "#1"}
			}
		},
		{
			"from": [10.75, 0.5, 6],
			"to": [14.75, 4.5, 6],
			"rotation": {"angle": -22.5, "axis": "z", "origin": [12.25, 0, 0]},
			"faces": {
				"north": {"uv": [16, 0, 14, 2], "texture": "#1"},
				"east": {"uv": [13.5, 2, 13.5, 3.5], "texture": "#1"},
				"south": {"uv": [16, 0, 14, 2], "texture": "#1"},
				"west": {"uv": [14, 2, 14, 3.5], "texture": "#1"},
				"up": {"uv": [12, 2.5, 13.5, 2.5], "texture": "#1"},
				"down": {"uv": [12, 2, 13.5, 2], "texture": "#1"}
			}
		},
		{
			"from": [12.75, -0.5, 8],
			"to": [16.75, 3.5, 8],
			"rotation": {"angle": 22.5, "axis": "z", "origin": [12.25, 0, 0]},
			"faces": {
				"north": {"uv": [16, 0, 14, 2], "texture": "#1"},
				"east": {"uv": [13.5, 2, 13.5, 3.5], "texture": "#1"},
				"south": {"uv": [14, 0, 16, 2], "texture": "#1"},
				"west": {"uv": [14, 2, 14, 3.5], "texture": "#1"},
				"up": {"uv": [12, 2.5, 13.5, 2.5], "texture": "#1"},
				"down": {"uv": [12, 2, 13.5, 2], "texture": "#1"}
			}
		},
		{
			"from": [10.75, 0.5, 10],
			"to": [14.75, 4.5, 10],
			"rotation": {"angle": -22.5, "axis": "z", "origin": [12.25, 0, 0]},
			"faces": {
				"north": {"uv": [16, 0, 14, 2], "texture": "#1"},
				"east": {"uv": [13.5, 2, 13.5, 3.5], "texture": "#1"},
				"south": {"uv": [16, 0, 14, 2], "texture": "#1"},
				"west": {"uv": [14, 2, 14, 3.5], "texture": "#1"},
				"up": {"uv": [12, 2.5, 13.5, 2.5], "texture": "#1"},
				"down": {"uv": [12, 2, 13.5, 2], "texture": "#1"}
			}
		},
		{
			"name": "head",
			"from": [4, 0, 4],
			"to": [12, 8, 12],
			"faces": {
				"north": {"uv": [0, 0, 4, 4], "texture": "#1"},
				"east": {"uv": [0, 4, 4, 8], "texture": "#1"},
				"south": {"uv": [4, 0, 8, 4], "texture": "#1"},
				"west": {"uv": [4, 4, 8, 8], "texture": "#1"},
				"up": {"uv": [4, 12, 0, 8], "texture": "#1"},
				"down": {"uv": [12, 0, 8, 4], "texture": "#1"}
			}
		}
	],
	"display": {
		"thirdperson_righthand": {
			"rotation": [90, 0, 0],
			"translation": [0, -2, 16],
			"scale": [0.5, 0.5, 0.5]
		},
		"thirdperson_lefthand": {
			"rotation": [90, 0, 0],
			"translation": [0, -2, 16],
			"scale": [0.5, 0.5, 0.5]
		},
		"firstperson_righthand": {
			"rotation": [-20, 141, 10],
			"translation": [-2.25, 7.75, 1.5],
			"scale": [0.65, 0.65, 0.65]
		},
		"firstperson_lefthand": {
			"translation": [-0.5, 7, 3.5],
			"scale": [0.65, 0.65, 0.65]
		},
		"ground": {
			"translation": [0, 4, 0],
			"scale": [0.9, 0.9, 0.9]
		},
		"gui": {
			"rotation": [0, 180, 0],
			"translation": [0, 4, 0],
			"scale": [0.95, 0.95, 0.95]
		},
		"head": {
			"translation": [0, 14.5, 0]
		},
		"fixed": {
			"rotation": [-90, 0, 0],
			"translation": [0, 0, -16],
			"scale": [2, 2, 2]
		}
	},
	"groups": [
		{
			"name": "paws",
			"origin": [8, 8, 8],
			"color": 0,
			"children": [0, 1, 2, 3, 4, 5]
		},
		6
	]
}