{
	"credit": "Сделано Веббером специально для MoreDeco https://modrinth.com/resourcepack/moredeco mc _Webber_3",
	"textures": {
		"0": "item/iron_ingot/figurines/gvardia",
		"particle": "item/iron_ingot/figurines/gvardia"
	},
	"elements": [
		{
			"from": [6, 0, 6],
			"to": [10, 1, 10],
			"faces": {
				"north": {"uv": [12, 11, 16, 12], "texture": "#0"},
				"east": {"uv": [12, 11, 16, 12], "texture": "#0"},
				"south": {"uv": [12, 11, 16, 12], "texture": "#0"},
				"west": {"uv": [12, 11, 16, 12], "texture": "#0"},
				"up": {"uv": [16, 16, 12, 12], "texture": "#0"},
				"down": {"uv": [16, 12, 12, 16], "texture": "#0"}
			}
		},
		{
			"from": [7.5, 1, 7],
			"to": [8.5, 4, 9],
			"faces": {
				"north": {"uv": [0, 4, 1, 7], "texture": "#0"},
				"east": {"uv": [0, 0, 2, 3], "texture": "#0"},
				"south": {"uv": [1, 4, 2, 7], "texture": "#0"},
				"west": {"uv": [0, 0, 2, 3], "texture": "#0"},
				"up": {"uv": [2, 4, 0, 3], "texture": "#0"},
				"down": {"uv": [2, 3, 0, 4], "texture": "#0"}
			}
		},
		{
			"from": [7.5, 4, 7],
			"to": [8.5, 7, 9],
			"faces": {
				"north": {"uv": [2, 4, 3, 7], "texture": "#0"},
				"east": {"uv": [4, 4, 2, 7], "texture": "#0"},
				"south": {"uv": [3, 4, 4, 7], "texture": "#0"},
				"west": {"uv": [2, 0, 4, 3], "texture": "#0"},
				"up": {"uv": [2, 4, 0, 3], "texture": "#0"},
				"down": {"uv": [4, 3, 2, 4], "texture": "#0"}
			}
		},
		{
			"from": [8.5, 4.5, 6.5],
			"to": [9, 6.5, 8.5],
			"rotation": {"angle": 22.5, "axis": "x", "origin": [8.75, 5.5, 8]},
			"faces": {
				"north": {"uv": [2, 13, 0, 12.5], "rotation": 90, "texture": "#0"},
				"east": {"uv": [2, 13, 0, 15], "rotation": 90, "texture": "#0"},
				"south": {"uv": [1.5, 12.5, 0.5, 13], "rotation": 90, "texture": "#0"},
				"west": {"uv": [0, 13, 2, 15], "rotation": 270, "texture": "#0"},
				"up": {"uv": [1.5, 13, 2, 15], "texture": "#0"},
				"down": {"uv": [0, 13, 0.5, 15], "rotation": 180, "texture": "#0"}
			}
		},
		{
			"from": [8.5, 4.75, 8.5],
			"to": [9, 6.25, 9.5],
			"rotation": {"angle": 22.5, "axis": "x", "origin": [8.75, 5.5, 8]},
			"faces": {
				"north": {"uv": [2, 13, 0, 12.5], "rotation": 90, "texture": "#0"},
				"east": {"uv": [2, 15, 0, 16], "rotation": 90, "texture": "#0"},
				"south": {"uv": [2, 12.5, 0, 13], "rotation": 90, "texture": "#0"},
				"west": {"uv": [0, 15, 2, 16], "rotation": 270, "texture": "#0"},
				"up": {"uv": [1.5, 15, 2, 16], "texture": "#0"},
				"down": {"uv": [0, 15, 0.5, 16], "rotation": 180, "texture": "#0"}
			}
		},
		{
			"from": [7, 3.75, 6],
			"to": [8, 6.75, 7],
			"rotation": {"angle": -22.5, "axis": "z", "origin": [8, 5.5, 6.5]},
			"faces": {
				"north": {"uv": [5, 4, 4, 7], "texture": "#0"},
				"east": {"uv": [5, 0, 4, 3], "texture": "#0"},
				"south": {"uv": [5, 4, 6, 7], "texture": "#0"},
				"west": {"uv": [6, 0, 5, 3], "texture": "#0"},
				"up": {"uv": [5, 0.5, 4, 0], "texture": "#0"},
				"down": {"uv": [5, 6, 4, 7], "texture": "#0"}
			}
		},
		{
			"from": [6.25, 1, 6.75],
			"to": [6.75, 9, 6.75],
			"faces": {
				"north": {"uv": [15.5, 0, 16, 7.5], "texture": "#0"},
				"east": {"uv": [16, 0, 16, 7.5], "texture": "#0"},
				"south": {"uv": [15.5, 0, 16, 7.5], "texture": "#0"},
				"west": {"uv": [16, 0, 16, 7.5], "texture": "#0"},
				"up": {"uv": [16, 0, 15.5, 0], "texture": "#0"},
				"down": {"uv": [16, 0, 15.5, 0], "texture": "#0"}
			}
		},
		{
			"from": [4.25, 7, 6.75],
			"to": [6.25, 9, 6.75],
			"faces": {
				"north": {"uv": [15.5, 0, 13.5, 2], "texture": "#0"},
				"east": {"uv": [15.5, 0, 15.5, 2], "texture": "#0"},
				"south": {"uv": [13.5, 0, 15.5, 2], "texture": "#0"},
				"west": {"uv": [15.5, 0, 15.5, 2], "texture": "#0"},
				"up": {"uv": [9, 0, 8, 0], "texture": "#0"},
				"down": {"uv": [9, 0, 8, 0], "texture": "#0"}
			}
		},
		{
			"from": [7.5, 4, 9],
			"to": [8.5, 7, 10],
			"faces": {
				"north": {"uv": [5, 4, 6, 7], "texture": "#0"},
				"east": {"uv": [5, 0, 4, 3], "texture": "#0"},
				"south": {"uv": [4, 4, 5, 7], "texture": "#0"},
				"west": {"uv": [5, 0, 6, 3], "texture": "#0"},
				"up": {"uv": [6, 0.5, 5, 0], "texture": "#0"},
				"down": {"uv": [5, 6, 4, 7], "texture": "#0"}
			}
		},
		{
			"from": [6.95, 6.95, 6.95],
			"to": [9.05, 9.05, 9.05],
			"faces": {
				"north": {"uv": [10, 8, 12, 10], "texture": "#0"},
				"east": {"uv": [6, 6, 8, 8], "texture": "#0"},
				"south": {"uv": [6, 8, 8, 10], "texture": "#0"},
				"west": {"uv": [8, 8, 10, 10], "texture": "#0"},
				"up": {"uv": [10, 8, 8, 6], "texture": "#0"},
				"down": {"uv": [10, 10, 8, 12], "texture": "#0"}
			}
		},
		{
			"from": [7, 7, 7],
			"to": [9, 9, 9],
			"faces": {
				"north": {"uv": [10, 2, 12, 4], "texture": "#0"},
				"east": {"uv": [6, 0, 8, 2], "texture": "#0"},
				"south": {"uv": [6, 2, 8, 4], "texture": "#0"},
				"west": {"uv": [8, 2, 10, 4], "texture": "#0"},
				"up": {"uv": [10, 2, 8, 0], "texture": "#0"},
				"down": {"uv": [10, 4, 8, 6], "texture": "#0"}
			}
		}
	],
	"display": {
		"thirdperson_righthand": {
			"translation": [0, 2.5, 0]
		},
		"thirdperson_lefthand": {
			"translation": [0, 2.5, 0]
		},
		"firstperson_righthand": {
			"translation": [0, 5.25, 0]
		},
		"gui": {
			"rotation": [35, 40, 0],
			"translation": [0, 4.75, 0],
			"scale": [1.5, 1.5, 1.5]
		},
		"fixed": {
			"rotation": [-90, 0, 0],
			"translation": [0, 0, -16],
			"scale": [2, 2, 2]
		}
	},
	"groups": [
		0,
		1,
		{
			"name": "group",
			"origin": [0, 0, 0],
			"color": 0,
			"children": [2, 3, 4]
		},
		{
			"name": "group",
			"origin": [0, 0, 0],
			"color": 0,
			"children": [5, 6, 7]
		},
		8,
		{
			"name": "group",
			"origin": [0, 0, 0],
			"color": 0,
			"children": [9, 10]
		}
	]
}