{
	"format_version": "1.21.6",
	"credit": "Сделано Веббером специально для MoreDeco https://modrinth.com/resourcepack/moredeco mc _Webber_3",
	"texture_size": [32, 32],
	"textures": {
		"1": "item/carved_pumpkin/winter/sharf/red_sharf"
	},
	"elements": [
		{
			"from": [2, 0, 2],
			"to": [14, 3, 14],
			"rotation": {"angle": 0, "axis": "y", "origin": [2, 0, 2]},
			"faces": {
				"north": {"uv": [0, 6, 6, 7.5], "texture": "#1"},
				"east": {"uv": [0, 6, 6, 7.5], "texture": "#1"},
				"south": {"uv": [0, 6, 6, 7.5], "texture": "#1"},
				"west": {"uv": [0, 6, 6, 7.5], "texture": "#1"},
				"up": {"uv": [0, 0, 6, 6], "texture": "#1"},
				"down": {"uv": [6, 0, 12, 6], "texture": "#1"}
			}
		},
		{
			"from": [12, 3, 12],
			"to": [4, 0, 4],
			"rotation": {"angle": 0, "axis": "z", "origin": [2, 0, 2]},
			"faces": {
				"north": {"uv": [1, 7.5, 5, 6], "texture": "#1"},
				"east": {"uv": [1, 7.5, 5, 6], "texture": "#1"},
				"south": {"uv": [1, 7.5, 5, 6], "texture": "#1"},
				"west": {"uv": [1, 7.5, 5, 6], "texture": "#1"},
				"up": {"uv": [1, 5, 5, 1], "texture": "#1"},
				"down": {"uv": [1, 5, 5, 1], "texture": "#1"}
			}
		},
		{
			"from": [6, 0.005, -4],
			"to": [8, 2.995, 2],
			"rotation": {"angle": 22.5, "axis": "y", "origin": [9, 5, 3]},
			"faces": {
				"north": {"uv": [3, 7.5, 4, 9], "texture": "#1"},
				"east": {"uv": [0, 7.5, 3, 9], "texture": "#1"},
				"south": {"uv": [3, 7.5, 4, 9], "texture": "#1"},
				"west": {"uv": [0, 7.5, 3, 9], "texture": "#1"},
				"up": {"uv": [0, 10, 3, 9], "rotation": 90, "texture": "#1"},
				"down": {"uv": [0, 10, 3, 11], "rotation": 270, "texture": "#1"}
			}
		},
		{
			"from": [7, 0, -6],
			"to": [7, 3, -4],
			"rotation": {"angle": 22.5, "axis": "y", "origin": [9, 5, 3]},
			"faces": {
				"north": {"uv": [4, 7.5, 5, 9], "texture": "#1"},
				"east": {"uv": [4, 7.5, 5, 9], "texture": "#1"},
				"south": {"uv": [4, 7.5, 5, 9], "texture": "#1"},
				"west": {"uv": [5, 7.5, 4, 9], "texture": "#1"},
				"up": {"uv": [5, 9, 4, 7.5], "rotation": 90, "texture": "#1"},
				"down": {"uv": [4, 7.5, 5, 9], "rotation": 270, "texture": "#1"}
			}
		},
		{
			"from": [9, 0, -4.75],
			"to": [9, 3, -2.75],
			"rotation": {"angle": -22.5, "axis": "y", "origin": [10, 5, 3]},
			"faces": {
				"north": {"uv": [4, 9, 5, 7.5], "texture": "#1"},
				"east": {"uv": [4, 9, 5, 7.5], "texture": "#1"},
				"south": {"uv": [4, 7.5, 5, 9], "texture": "#1"},
				"west": {"uv": [5, 7.5, 4, 9], "texture": "#1"},
				"up": {"uv": [4, 7.5, 5, 9], "rotation": 90, "texture": "#1"},
				"down": {"uv": [5, 9, 4, 7.5], "rotation": 270, "texture": "#1"}
			}
		},
		{
			"from": [8, 0.005, -2.75],
			"to": [10, 2.995, 3.25],
			"rotation": {"angle": -22.5, "axis": "y", "origin": [10, 5, 3]},
			"faces": {
				"north": {"uv": [3, 7.5, 4, 9], "texture": "#1"},
				"east": {"uv": [0, 7.5, 3, 9], "texture": "#1"},
				"south": {"uv": [3, 9, 4, 7.5], "texture": "#1"},
				"west": {"uv": [0, 7.5, 3, 9], "texture": "#1"},
				"up": {"uv": [0, 10, 3, 9], "rotation": 90, "texture": "#1"},
				"down": {"uv": [0, 10, 3, 11], "rotation": 270, "texture": "#1"}
			}
		}
	],
	"display": {
		"thirdperson_righthand": {
			"rotation": [73, -90, 0],
			"translation": [0, 1.5, 3.25],
			"scale": [0.6, 0.6, 0.55]
		},
		"thirdperson_lefthand": {
			"rotation": [73, -90, 0],
			"translation": [0, 1.5, 3.25],
			"scale": [0.55, 0.55, 0.55]
		},
		"firstperson_righthand": {
			"rotation": [11, -90, 0],
			"translation": [0, 5.5, -0.25],
			"scale": [0.6, 0.6, 0.6]
		},
		"firstperson_lefthand": {
			"rotation": [11, -90, 0],
			"translation": [0, 5.5, -0.25],
			"scale": [0.6, 0.6, 0.6]
		},
		"ground": {
			"translation": [0, 5, 0]
		},
		"gui": {
			"rotation": [27, -40, 0],
			"translation": [-0.25, 3, 0],
			"scale": [0.8, 0.8, 0.8]
		},
		"head": {
			"rotation": [0, -180, 0],
			"translation": [0, 1, 0],
			"scale": [1.25, 1.25, 1.25]
		},
		"fixed": {
			"rotation": [-90, 0, 0],
			"translation": [0, 0, -16],
			"scale": [2, 2, 2]
		}
	},
	"groups": [
		{
			"name": "group",
			"origin": [0, 0, 0],
			"color": 0,
			"children": [
				0,
				1,
				{
					"name": "group",
					"origin": [7, 5, 1],
					"color": 0,
					"children": [2, 3]
				},
				{
					"name": "group",
					"origin": [8, 5, 1],
					"color": 0,
					"children": [4, 5]
				}
			]
		}
	]
}