{
	"credit": "Сделано Веббером специально для MoreDeco https://modrinth.com/resourcepack/moredeco mc _Webber_3",
	"textures": {
		"0": "item/carved_pumpkin/arrow",
		"particle": "item/carved_pumpkin/arrow"
	},
	"elements": [
		{
			"from": [8, 0, -1],
			"to": [8, 5, 17],
			"faces": {
				"north": {"uv": [0, 0, 9, 2.5], "texture": "#0"},
				"east": {"uv": [9, 0, 0, 2.5], "texture": "#0"},
				"south": {"uv": [0, 0, 9, 2.5], "texture": "#0"},
				"west": {"uv": [0, 0, 9, 2.5], "texture": "#0"},
				"up": {"uv": [0, 0, 9, 2.5], "texture": "#0"},
				"down": {"uv": [0, 0, 9, 2.5], "texture": "#0"}
			}
		},
		{
			"from": [5.5, 2.5, -1],
			"to": [10.5, 2.5, 17],
			"rotation": {"angle": 0, "axis": "y", "origin": [8, 2.5, 8]},
			"faces": {
				"north": {"uv": [0, 0, 9, 2.5], "rotation": 270, "texture": "#0"},
				"east": {"uv": [0, 0, 9, 2.5], "rotation": 270, "texture": "#0"},
				"south": {"uv": [0, 0, 9, 2.5], "rotation": 90, "texture": "#0"},
				"west": {"uv": [0, 0, 9, 2.5], "rotation": 270, "texture": "#0"},
				"up": {"uv": [0, 0, 9, 2.5], "rotation": 90, "texture": "#0"},
				"down": {"uv": [9, 0, 0, 2.5], "rotation": 90, "texture": "#0"}
			}
		}
	],
	"display": {
		"thirdperson_righthand": {
			"rotation": [0, -90, 0],
			"translation": [0, 2, 2],
			"scale": [0.75, 0.75, 0.75]
		},
		"thirdperson_lefthand": {
			"rotation": [0, -90, 0],
			"translation": [0, 2, 2],
			"scale": [0.75, 0.75, 0.75]
		},
		"firstperson_righthand": {
			"rotation": [90, 0, 0],
			"translation": [5, -2, 3]
		},
		"firstperson_lefthand": {
			"rotation": [90, 0, 0],
			"translation": [5, -2, 3]
		},
		"gui": {
			"rotation": [-90, 45, 0],
			"translation": [0.25, 0.25, 0]
		},
		"head": {
			"rotation": [0, 90, 0],
			"translation": [-0.5, 9.5, 0],
			"scale": [1.75, 1.75, 1.75]
		},
		"fixed": {
			"rotation": [-87, 0, 0],
			"translation": [0, 0, -15],
			"scale": [2, 2, 2]
		}
	}
}