{
	"credit": "Сделано Веббером специально для MoreDeco https://modrinth.com/resourcepack/moredeco mc _Webber_3",
	"textures": {
		"0": "item/carved_pumpkin/kubik_rubika",
		"particle": "item/carved_pumpkin/kubik_rubika"
	},
	"elements": [
		{
			"from": [3, 0, 3],
			"to": [13, 10, 13],
			"faces": {
				"north": {"uv": [3.33333, 3.33333, 6.66667, 6.66667], "texture": "#0"},
				"east": {"uv": [0, 3.33333, 3.33333, 6.66667], "texture": "#0"},
				"south": {"uv": [10, 3.33333, 13.33333, 6.66667], "texture": "#0"},
				"west": {"uv": [6.66667, 3.33333, 10, 6.66667], "texture": "#0"},
				"up": {"uv": [3.33333, 0, 6.66667, 3.33333], "texture": "#0"},
				"down": {"uv": [6.66667, 0, 10, 3.33333], "texture": "#0"}
			}
		},
		{
			"from": [4, 7, 3],
			"to": [12, 0, 11],
			"rotation": {"angle": 0, "axis": "y", "origin": [8, 2, 8]},
			"faces": {
				"north": {"uv": [15.00001, 15, 16, 16], "rotation": 180, "texture": "#0"},
				"east": {"uv": [0, 3.33333, 2.66667, 5.66666], "rotation": 180, "texture": "#0"},
				"south": {"uv": [10.33333, 3.33333, 13, 5.66666], "rotation": 180, "texture": "#0"},
				"west": {"uv": [7.33333, 3.33333, 10, 5.66666], "rotation": 180, "texture": "#0"},
				"up": {"uv": [15, 15, 16, 16], "rotation": 180, "texture": "#0"},
				"down": {"uv": [3.66666, 1, 6.33333, 3.66666], "rotation": 180, "texture": "#0"}
			}
		}
	],
	"display": {
		"thirdperson_righthand": {
			"translation": [-2.5, 4.25, 0],
			"scale": [0.5, 0.5, 0.5]
		},
		"thirdperson_lefthand": {
			"translation": [-2.5, 4.25, 0],
			"scale": [0.5, 0.5, 0.5]
		},
		"firstperson_righthand": {
			"translation": [0.5, 4.25, 0],
			"scale": [0.5, 0.5, 0.5]
		},
		"firstperson_lefthand": {
			"translation": [0.5, 4.25, 0],
			"scale": [0.5, 0.5, 0.5]
		},
		"ground": {
			"translation": [0, 1, 0],
			"scale": [0.5, 0.5, 0.5]
		},
		"gui": {
			"rotation": [25, 45, 0],
			"translation": [0, 2.5, 0],
			"scale": [0.95, 0.95, 0.95]
		},
		"head": {
			"translation": [0, 5.25, 0.25],
			"scale": [1.5, 1.5, 1.5]
		},
		"fixed": {
			"rotation": [-90, 0, 0],
			"translation": [0, 0, -16],
			"scale": [2, 2, 2]
		}
	}
}