{
	"format_version": "1.21.6",
	"credit": "Сделано Веббером специально для MoreDeco https://modrinth.com/resourcepack/moredeco mc _Webber_3",
	"textures": {
		"1": "item/carved_pumpkin/monarh_crown"
	},
	"elements": [
		{
			"from": [7, 10, 7],
			"to": [9, 12, 9],
			"rotation": {"angle": 0, "axis": "y", "origin": [0, 3, 0]},
			"faces": {
				"north": {"uv": [8.5, 1.5, 9.5, 2.5], "texture": "#1"},
				"east": {"uv": [9.5, 1.5, 8.5, 2.5], "texture": "#1"},
				"south": {"uv": [8.5, 1.5, 9.5, 2.5], "texture": "#1"},
				"west": {"uv": [9.5, 1.5, 8.5, 2.5], "texture": "#1"},
				"up": {"uv": [8.5, 0.5, 9.5, 1.5], "texture": "#1"},
				"down": {"uv": [9.5, 0.5, 10.5, 1.5], "texture": "#1"}
			}
		},
		{
			"from": [4, 4, 4],
			"to": [12, 10, 12],
			"rotation": {"angle": 0, "axis": "y", "origin": [0, 3, 0]},
			"faces": {
				"north": {"uv": [0, 4, 4, 7], "texture": "#1"},
				"east": {"uv": [8, 4, 4, 7], "texture": "#1"},
				"south": {"uv": [0, 4, 4, 7], "texture": "#1"},
				"west": {"uv": [4, 4, 8, 7], "texture": "#1"},
				"up": {"uv": [4, 0, 8, 4], "rotation": 180, "texture": "#1"},
				"down": {"uv": [0, 0, 4, 4], "texture": "#1"}
			}
		},
		{
			"from": [4.825, 3, 11.175],
			"to": [11.175, 4, 4.825],
			"rotation": {"angle": 0, "axis": "y", "origin": [0, 3, 0]},
			"faces": {
				"north": {"uv": [0.5, 7, 3.5, 7.5], "texture": "#1"},
				"east": {"uv": [4.5, 7, 7.5, 7.5], "texture": "#1"},
				"south": {"uv": [0.5, 7, 3.5, 7.5], "texture": "#1"},
				"west": {"uv": [4.5, 7, 7.5, 7.5], "texture": "#1"},
				"up": {"uv": [12, 12, 16, 16], "rotation": 180, "texture": "#1"},
				"down": {"uv": [12, 0, 16, 4], "texture": "#1"}
			}
		},
		{
			"from": [4, 5, 2],
			"to": [4, 12, 9],
			"rotation": {"angle": 45, "axis": "y", "origin": [4, 6.5, 4]},
			"faces": {
				"north": {"uv": [12, 4, 8.5, 7.5], "texture": "#1"},
				"east": {"uv": [12, 4, 8.5, 7.5], "texture": "#1"},
				"south": {"uv": [12, 4, 8.5, 7.5], "texture": "#1"},
				"west": {"uv": [8.5, 4, 12, 7.5], "texture": "#1"},
				"up": {"uv": [12, 4, 8.5, 7.5], "texture": "#1"},
				"down": {"uv": [12, 4, 8.5, 7.5], "texture": "#1"}
			}
		},
		{
			"from": [2, 5, 12],
			"to": [9, 12, 12],
			"rotation": {"angle": 45, "axis": "y", "origin": [4, 8.5, 12]},
			"faces": {
				"north": {"uv": [12, 4, 8.5, 7.5], "texture": "#1"},
				"east": {"uv": [12, 4, 8.5, 7.5], "texture": "#1"},
				"south": {"uv": [8.5, 4, 12, 7.5], "texture": "#1"},
				"west": {"uv": [12, 4, 8.5, 7.5], "texture": "#1"},
				"up": {"uv": [12, 4, 8.5, 7.5], "rotation": 270, "texture": "#1"},
				"down": {"uv": [12, 4, 8.5, 7.5], "rotation": 90, "texture": "#1"}
			}
		},
		{
			"from": [12, 5, 7],
			"to": [12, 12, 14],
			"rotation": {"angle": 45, "axis": "y", "origin": [12, 8.5, 12]},
			"faces": {
				"north": {"uv": [12, 4, 8.5, 7.5], "texture": "#1"},
				"east": {"uv": [8.5, 4, 12, 7.5], "texture": "#1"},
				"south": {"uv": [12, 4, 8.5, 7.5], "texture": "#1"},
				"west": {"uv": [12, 4, 8.5, 7.5], "texture": "#1"},
				"up": {"uv": [12, 4, 8.5, 7.5], "rotation": 180, "texture": "#1"},
				"down": {"uv": [12, 4, 8.5, 7.5], "rotation": 180, "texture": "#1"}
			}
		},
		{
			"from": [7, 5, 4],
			"to": [14, 12, 4],
			"rotation": {"angle": 45, "axis": "y", "origin": [12, 8.5, 4]},
			"faces": {
				"north": {"uv": [8.5, 4, 12, 7.5], "texture": "#1"},
				"east": {"uv": [12, 4, 8.5, 7.5], "texture": "#1"},
				"south": {"uv": [12, 4, 8.5, 7.5], "texture": "#1"},
				"west": {"uv": [12, 4, 8.5, 7.5], "texture": "#1"},
				"up": {"uv": [12, 4, 8.5, 7.5], "rotation": 90, "texture": "#1"},
				"down": {"uv": [12, 4, 8.5, 7.5], "rotation": 270, "texture": "#1"}
			}
		},
		{
			"from": [3.75, 3, 3.75],
			"to": [12.25, 4, 12.25],
			"rotation": {"angle": 0, "axis": "y", "origin": [0, 3, 0]},
			"faces": {
				"north": {"uv": [0, 7, 4, 7.5], "texture": "#1"},
				"east": {"uv": [4, 7, 8, 7.5], "texture": "#1"},
				"south": {"uv": [0, 7, 4, 7.5], "texture": "#1"},
				"west": {"uv": [4, 7, 8, 7.5], "texture": "#1"},
				"up": {"uv": [0, 0, 4, 4], "rotation": 180, "texture": "#1"},
				"down": {"uv": [12, 0, 16, 4], "texture": "#1"}
			}
		},
		{
			"from": [2, 0, 2],
			"to": [14, 3, 14],
			"rotation": {"angle": 0, "axis": "y", "origin": [0, 3, 0]},
			"faces": {
				"north": {"uv": [0, 13.5, 6, 15], "texture": "#1"},
				"east": {"uv": [0, 13.5, 6, 15], "texture": "#1"},
				"south": {"uv": [0, 13.5, 6, 15], "texture": "#1"},
				"west": {"uv": [0, 13.5, 6, 15], "texture": "#1"},
				"up": {"uv": [0, 7.5, 6, 13.5], "rotation": 180, "texture": "#1"},
				"down": {"uv": [6, 7.5, 12, 13.5], "texture": "#1"}
			}
		}
	],
	"display": {
		"thirdperson_righthand": {
			"translation": [-0.5, 8.25, 0.5]
		},
		"thirdperson_lefthand": {
			"translation": [-0.5, 8.25, 0.5]
		},
		"firstperson_righthand": {
			"rotation": [-10, 0, 0],
			"translation": [0, 5.5, 0],
			"scale": [0.65, 0.65, 0.65]
		},
		"firstperson_lefthand": {
			"rotation": [-10, 0, 0],
			"translation": [0, 5.5, 0],
			"scale": [0.65, 0.65, 0.65]
		},
		"ground": {
			"translation": [0, 4, 0],
			"scale": [0.75, 0.75, 0.75]
		},
		"gui": {
			"rotation": [25, 135, 0],
			"translation": [0, 3.5, 0],
			"scale": [0.9, 0.9, 0.9]
		},
		"head": {
			"translation": [0, 18, 0],
			"scale": [1.65, 1.65, 1.65]
		},
		"fixed": {
			"rotation": [-90, 0, 0],
			"translation": [0, 0, -16],
			"scale": [2, 2, 2]
		}
	}
}