{
	"credit": "Сделано Веббером специально для MoreDeco https://modrinth.com/resourcepack/moredeco mc _Webber_3",
	"textures": {
		"1": "item/oak_log/derevo8"
	},
	"elements": [
		{
			"from": [1, 16.5, 3],
			"to": [2, 16.5, 13],
			"rotation": {"angle": 0, "axis": "y", "origin": [-13, 0, 0]},
			"faces": {
				"north": {"uv": [0, 0, 1, 0], "texture": "#1"},
				"east": {"uv": [0, 0, 10, 0], "texture": "#1"},
				"south": {"uv": [0, 0, 1, 0], "texture": "#1"},
				"west": {"uv": [0, 0, 10, 0], "texture": "#1"},
				"up": {"uv": [4, 0, 9, 0.5], "rotation": 90, "texture": "#1"},
				"down": {"uv": [4, 0, 9, 0.5], "rotation": 90, "texture": "#1"}
			}
		},
		{
			"from": [1, -1.5, 3],
			"to": [2, 16.5, 3],
			"rotation": {"angle": 22.5, "axis": "x", "origin": [1.5, 16.5, 3]},
			"faces": {
				"north": {"uv": [8, 0.5, 8.5, 9.5], "texture": "#1"},
				"east": {"uv": [0, 0, 10, 0], "rotation": 90, "texture": "#1"},
				"south": {"uv": [8, 0.5, 8.5, 9.5], "texture": "#1"},
				"west": {"uv": [0, 0, 10, 0], "rotation": 270, "texture": "#1"},
				"up": {"uv": [0, 0, 1, 0], "texture": "#1"},
				"down": {"uv": [0, 0, 1, 0], "rotation": 180, "texture": "#1"}
			}
		},
		{
			"from": [1, -1.5, 13],
			"to": [2, 16.5, 13],
			"rotation": {"angle": -22.5, "axis": "x", "origin": [1.5, 16.5, 13]},
			"faces": {
				"north": {"uv": [8, 0.5, 8.5, 9.5], "texture": "#1"},
				"east": {"uv": [0, 0, 10, 0], "rotation": 90, "texture": "#1"},
				"south": {"uv": [8, 0.5, 8.5, 9.5], "texture": "#1"},
				"west": {"uv": [0, 0, 10, 0], "rotation": 270, "texture": "#1"},
				"up": {"uv": [0, 0, 1, 0], "texture": "#1"},
				"down": {"uv": [0, 0, 1, 0], "rotation": 180, "texture": "#1"}
			}
		},
		{
			"from": [14, -1.5, 13],
			"to": [15, 16.5, 13],
			"rotation": {"angle": -22.5, "axis": "x", "origin": [14.5, 16.5, 13]},
			"faces": {
				"north": {"uv": [8, 0.5, 8.5, 9.5], "texture": "#1"},
				"east": {"uv": [0, 0, 10, 0], "rotation": 90, "texture": "#1"},
				"south": {"uv": [8, 0.5, 8.5, 9.5], "texture": "#1"},
				"west": {"uv": [0, 0, 10, 0], "rotation": 270, "texture": "#1"},
				"up": {"uv": [0, 0, 1, 0], "texture": "#1"},
				"down": {"uv": [0, 0, 1, 0], "rotation": 180, "texture": "#1"}
			}
		},
		{
			"from": [14, 16.5, 3],
			"to": [15, 16.5, 13],
			"faces": {
				"north": {"uv": [0, 0, 1, 0], "texture": "#1"},
				"east": {"uv": [0, 0, 10, 0], "texture": "#1"},
				"south": {"uv": [0, 0, 1, 0], "texture": "#1"},
				"west": {"uv": [0, 0, 10, 0], "texture": "#1"},
				"up": {"uv": [4, 0, 9, 0.5], "rotation": 90, "texture": "#1"},
				"down": {"uv": [4, 0, 9, 0.5], "rotation": 90, "texture": "#1"}
			}
		},
		{
			"from": [14, -1.5, 3],
			"to": [15, 16.5, 3],
			"rotation": {"angle": 22.5, "axis": "x", "origin": [14.5, 16.5, 3]},
			"faces": {
				"north": {"uv": [8, 0.5, 8.5, 9.5], "texture": "#1"},
				"east": {"uv": [0, 0, 10, 0], "rotation": 90, "texture": "#1"},
				"south": {"uv": [8, 0.5, 8.5, 9.5], "texture": "#1"},
				"west": {"uv": [0, 0, 10, 0], "rotation": 270, "texture": "#1"},
				"up": {"uv": [0, 0, 1, 0], "texture": "#1"},
				"down": {"uv": [0, 0, 1, 0], "rotation": 180, "texture": "#1"}
			}
		},
		{
			"from": [-6, 0, 8],
			"to": [26, 8, 16],
			"faces": {
				"north": {"uv": [0, 16, 4, 0], "rotation": 90, "texture": "#1"},
				"east": {"uv": [4, 8, 8, 12], "texture": "#1"},
				"south": {"uv": [0, 16, 4, 0], "rotation": 270, "texture": "#1"},
				"west": {"uv": [4, 12, 8, 16], "texture": "#1"},
				"up": {"uv": [0, 0, 4, 16], "rotation": 90, "texture": "#1"},
				"down": {"uv": [0, 0, 4, 16], "rotation": 90, "texture": "#1"}
			}
		},
		{
			"from": [-10, 0, 0],
			"to": [22, 8, 8],
			"faces": {
				"north": {"uv": [0, 16, 4, 0], "rotation": 90, "texture": "#1"},
				"east": {"uv": [4, 8, 8, 12], "texture": "#1"},
				"south": {"uv": [0, 16, 4, 0], "rotation": 270, "texture": "#1"},
				"west": {"uv": [4, 12, 8, 16], "texture": "#1"},
				"up": {"uv": [0, 0, 4, 16], "rotation": 90, "texture": "#1"},
				"down": {"uv": [0, 0, 4, 16], "rotation": 90, "texture": "#1"}
			}
		},
		{
			"from": [-8, 8, 4],
			"to": [24, 16, 12],
			"faces": {
				"north": {"uv": [0, 16, 4, 0], "rotation": 90, "texture": "#1"},
				"east": {"uv": [4, 8, 8, 12], "texture": "#1"},
				"south": {"uv": [0, 16, 4, 0], "rotation": 270, "texture": "#1"},
				"west": {"uv": [4, 12, 8, 16], "texture": "#1"},
				"up": {"uv": [0, 0, 4, 16], "rotation": 90, "texture": "#1"},
				"down": {"uv": [0, 0, 4, 16], "rotation": 90, "texture": "#1"}
			}
		}
	],
	"display": {
		"thirdperson_righthand": {
			"translation": [-6, 4.25, 0],
			"scale": [0.5, 0.5, 0.5]
		},
		"thirdperson_lefthand": {
			"translation": [-6, 4.25, 0],
			"scale": [0.5, 0.5, 0.5]
		},
		"firstperson_righthand": {
			"translation": [-9, -4, -9]
		},
		"firstperson_lefthand": {
			"translation": [-9, -4, -9]
		},
		"ground": {
			"translation": [0, 4, 0],
			"scale": [0.5, 0.5, 0.5]
		},
		"gui": {
			"rotation": [15, 75, 0],
			"scale": [0.5, 0.5, 0.5]
		},
		"head": {
			"translation": [0, 15, 0]
		},
		"fixed": {
			"rotation": [-90, 0, 0],
			"translation": [0, 0, -16],
			"scale": [2, 2, 2]
		}
	}
}