{
	"credit": "Сделано Веббером специально для MoreDeco https://modrinth.com/resourcepack/moredeco mc _Webber_3",
	"textures": {
		"1": "item/oak_log/derevo8"
	},
	"elements": [
		{
			"from": [-8, 0, 4],
			"to": [24, 8, 8],
			"faces": {
				"north": {"uv": [0, 16, 4, 0], "rotation": 90, "texture": "#1"},
				"east": {"uv": [6, 12, 8, 16], "texture": "#1"},
				"south": {"uv": [12, 16, 16, 0], "rotation": 270, "texture": "#1"},
				"west": {"uv": [4, 12, 6, 16], "texture": "#1"},
				"up": {"uv": [0, 0, 2, 16], "rotation": 90, "texture": "#1"},
				"down": {"uv": [0, 0, 2, 16], "rotation": 90, "texture": "#1"}
			}
		},
		{
			"from": [8, 0, 8],
			"to": [24, 8, 12],
			"faces": {
				"north": {"uv": [12, 16, 16, 8], "rotation": 90, "texture": "#1"},
				"east": {"uv": [4, 12, 6, 16], "texture": "#1"},
				"south": {"uv": [0, 16, 4, 8], "rotation": 270, "texture": "#1"},
				"west": {"uv": [6, 12, 8, 16], "texture": "#1"},
				"up": {"uv": [2, 8, 4, 16], "rotation": 90, "texture": "#1"},
				"down": {"uv": [2, 8, 4, 16], "rotation": 90, "texture": "#1"}
			}
		}
	],
	"display": {
		"thirdperson_righthand": {
			"translation": [-6, 4, 1],
			"scale": [0.5, 0.5, 0.5]
		},
		"thirdperson_lefthand": {
			"translation": [-6, 4, 1],
			"scale": [0.5, 0.5, 0.5]
		},
		"firstperson_righthand": {
			"translation": [-9, 1, 0]
		},
		"firstperson_lefthand": {
			"translation": [-9, 1, 0]
		},
		"ground": {
			"translation": [0, 4, 1],
			"scale": [0.5, 0.5, 0.5]
		},
		"gui": {
			"rotation": [15, 75, 0],
			"translation": [1.5, 3, 0],
			"scale": [0.75, 0.75, 0.75]
		},
		"head": {
			"translation": [0, 15, 2]
		},
		"fixed": {
			"rotation": [-90, 0, 0],
			"translation": [0, 0, -16],
			"scale": [2, 2, 2]
		}
	}
}