{
	"credit": "Сделано Веббером специально для MoreDeco https://modrinth.com/resourcepack/moredeco mc _Webber_3",
	"textures": {
		"1": "item/oak_log/derevo8"
	},
	"elements": [
		{
			"from": [0, 0, 4],
			"to": [16, 4, 12],
			"rotation": {"angle": 0, "axis": "x", "origin": [8, 4, 10]},
			"faces": {
				"north": {"uv": [2, 8, 4, 16], "rotation": 270, "texture": "#1"},
				"east": {"uv": [4, 12, 6, 16], "rotation": 90, "texture": "#1"},
				"south": {"uv": [2, 8, 4, 16], "rotation": 90, "texture": "#1"},
				"west": {"uv": [6, 12, 8, 16], "rotation": 270, "texture": "#1"},
				"up": {"uv": [0, 16, 4, 8], "rotation": 270, "texture": "#1"},
				"down": {"uv": [12, 16, 16, 8], "rotation": 270, "texture": "#1"}
			}
		},
		{
			"from": [-10, 0, -5],
			"to": [6, 4, 3],
			"rotation": {"angle": 22.5, "axis": "y", "origin": [-1, 2, -1]},
			"faces": {
				"north": {"uv": [2, 8, 4, 16], "rotation": 270, "texture": "#1"},
				"east": {"uv": [4, 12, 6, 16], "rotation": 90, "texture": "#1"},
				"south": {"uv": [2, 8, 4, 16], "rotation": 90, "texture": "#1"},
				"west": {"uv": [6, 12, 8, 16], "rotation": 270, "texture": "#1"},
				"up": {"uv": [0, 16, 4, 8], "rotation": 270, "texture": "#1"},
				"down": {"uv": [12, 16, 16, 8], "rotation": 270, "texture": "#1"}
			}
		},
		{
			"from": [6, 0, 4],
			"to": [14, 4, 20],
			"rotation": {"angle": 22.5, "axis": "x", "origin": [8, 0, 22]},
			"faces": {
				"north": {"uv": [6, 12, 8, 16], "rotation": 270, "texture": "#1"},
				"east": {"uv": [2, 8, 4, 16], "rotation": 270, "texture": "#1"},
				"south": {"uv": [4, 12, 6, 16], "rotation": 90, "texture": "#1"},
				"west": {"uv": [2, 8, 4, 16], "rotation": 90, "texture": "#1"},
				"up": {"uv": [0, 16, 4, 8], "texture": "#1"},
				"down": {"uv": [12, 16, 16, 8], "rotation": 180, "texture": "#1"}
			}
		}
	],
	"display": {
		"thirdperson_righthand": {
			"rotation": [0, 45, 0],
			"translation": [-4, 4, 1],
			"scale": [0.5, 0.5, 0.5]
		},
		"thirdperson_lefthand": {
			"rotation": [0, -45, 0],
			"translation": [-8, 4, 1],
			"scale": [0.5, 0.5, 0.5]
		},
		"firstperson_righthand": {
			"translation": [-9, 1, 0]
		},
		"firstperson_lefthand": {
			"translation": [-9, 1, 0]
		},
		"ground": {
			"translation": [0, 4, 1],
			"scale": [0.5, 0.5, 0.5]
		},
		"gui": {
			"rotation": [30, 115, 0],
			"translation": [0, 3, 0],
			"scale": [0.5, 0.5, 0.5]
		},
		"head": {
			"translation": [0, 15, 2]
		},
		"fixed": {
			"rotation": [-90, 0, 0],
			"translation": [0, 0, -16],
			"scale": [2, 2, 2]
		}
	}
}