{
	"credit": "Made with Blockbench",
	"textures": {
		"0": "./lightsaber",
		"particle": "./lightsaber"
	},
	"elements": [
		{
			"from": [7, 0, 7],
			"to": [9, 1, 9],
			"faces": {
				"north": {"uv": [4, 5, 6, 6], "texture": "#0"},
				"east": {"uv": [6, 5, 4, 6], "texture": "#0"},
				"south": {"uv": [4, 5, 6, 6], "texture": "#0"},
				"west": {"uv": [6, 5, 4, 6], "texture": "#0"},
				"up": {"uv": [6, 8, 4, 6], "texture": "#0"},
				"down": {"uv": [6, 6, 4, 8], "texture": "#0"}
			}
		},
		{
			"from": [7, 5, 7],
			"to": [9, 6, 9],
			"faces": {
				"north": {"uv": [4, 0, 6, 1], "texture": "#0"},
				"east": {"uv": [6, 0, 4, 1], "texture": "#0"},
				"south": {"uv": [4, 0, 6, 1], "texture": "#0"},
				"west": {"uv": [6, 0, 4, 1], "texture": "#0"},
				"up": {"uv": [6, 8, 4, 6], "texture": "#0"},
				"down": {"uv": [6, 6, 4, 8], "texture": "#0"}
			}
		},
		{
			"from": [7.25, 0, 7.25],
			"to": [8.75, 6, 8.75],
			"faces": {
				"north": {"uv": [4, 8, 6, 14], "texture": "#0"},
				"east": {"uv": [6, 8, 4, 14], "texture": "#0"},
				"south": {"uv": [4, 8, 6, 14], "texture": "#0"},
				"west": {"uv": [6, 8, 4, 14], "texture": "#0"},
				"up": {"uv": [6, 8, 4, 6], "texture": "#0"},
				"down": {"uv": [6, 6, 4, 8], "texture": "#0"}
			}
		},
		{
			"from": [7.15, 4, 7.15],
			"to": [8.9, 5, 8.9],
			"faces": {
				"north": {"uv": [6, 9, 8, 10], "texture": "#0"},
				"east": {"uv": [8, 9, 6, 10], "texture": "#0"},
				"south": {"uv": [6, 9, 8, 10], "texture": "#0"},
				"west": {"uv": [8, 9, 6, 10], "texture": "#0"},
				"up": {"uv": [8, 12, 6, 10], "texture": "#0"},
				"down": {"uv": [8, 10, 6, 12], "texture": "#0"}
			}
		},
		{
			"from": [7.15, 1, 7.15],
			"to": [8.9, 2, 8.9],
			"faces": {
				"north": {"uv": [6, 12, 8, 13], "texture": "#0"},
				"east": {"uv": [8, 12, 6, 13], "texture": "#0"},
				"south": {"uv": [6, 12, 8, 13], "texture": "#0"},
				"west": {"uv": [8, 12, 6, 13], "texture": "#0"},
				"up": {"uv": [8, 12, 6, 10], "texture": "#0"},
				"down": {"uv": [8, 10, 6, 12], "texture": "#0"}
			}
		},
		{
			"from": [7, 6, 9],
			"to": [9, 22, 7],
			"faces": {
				"north": {"uv": [0, 0, 2, 16], "texture": "#0"},
				"east": {"uv": [0, 0, 2, 16], "texture": "#0"},
				"south": {"uv": [0, 0, 2, 16], "texture": "#0"},
				"west": {"uv": [0, 0, 2, 16], "texture": "#0"},
				"up": {"uv": [6, 16, 4, 14], "texture": "#0"},
				"down": {"uv": [16, 14, 14, 16], "texture": "#0"}
			}
		},
		{
			"from": [7.15, 6, 7.15],
			"to": [8.8, 21.75, 8.8],
			"faces": {
				"north": {"uv": [4, 0, 2, 16], "texture": "#0"},
				"east": {"uv": [2, 0, 4, 16], "texture": "#0"},
				"south": {"uv": [4, 0, 2, 16], "texture": "#0"},
				"west": {"uv": [2, 0, 4, 16], "texture": "#0"},
				"up": {"uv": [8, 16, 6, 14], "texture": "#0"},
				"down": {"uv": [14, 0, 12, 2], "texture": "#0"}
			}
		}
	],
	"display": {
		"thirdperson_righthand": {
			"translation": [-0.5, 3.25, 0.25]
		},
		"thirdperson_lefthand": {
			"translation": [-0.5, 3.25, 0.25]
		},
		"firstperson_righthand": {
			"rotation": [-15, 0, 0],
			"translation": [1, 2.5, 0.5],
			"scale": [0.75, 0.75, 0.75]
		},
		"firstperson_lefthand": {
			"rotation": [-15, 0, 0],
			"translation": [1, 2.5, 0.5],
			"scale": [0.75, 0.75, 0.75]
		},
		"ground": {
			"rotation": [90, 0, 0],
			"translation": [0, 0, -2],
			"scale": [0.75, 0.75, 0.75]
		},
		"gui": {
			"rotation": [0, -45, -45],
			"translation": [-0.75, -2, 0],
			"scale": [0.85, 0.85, 0.85]
		},
		"head": {
			"translation": [0, 5, 0]
		},
		"fixed": {
			"translation": [0, -5, -2],
			"scale": [2, 2, 2]
		}
	}
}