{
	"credit": "Сделано Веббером специально для MoreDeco https://modrinth.com/resourcepack/moredeco mc _Webber_3",
	"texture_size": [32, 32],
	"textures": {
		"0": "item/netherite_sword/bamboo_trost",
		"particle": "item/netherite_sword/bamboo_trost"
	},
	"elements": [
		{
			"from": [7, 0, 7],
			"to": [9, 32, 9],
			"faces": {
				"north": {"uv": [1, 0, 0, 16], "texture": "#0"},
				"east": {"uv": [1, 0, 2, 16], "texture": "#0"},
				"south": {"uv": [1, 0, 0, 16], "texture": "#0"},
				"west": {"uv": [1, 0, 2, 16], "texture": "#0"},
				"up": {"uv": [3, 1, 2, 0], "texture": "#0"},
				"down": {"uv": [3, 0, 2, 1], "texture": "#0"}
			}
		}
	],
	"display": {
		"thirdperson_righthand": {
			"translation": [-0.95, -10, 1.75]
		},
		"thirdperson_lefthand": {
			"translation": [-0.95, -10, 1.75]
		},
		"firstperson_righthand": {
			"rotation": [-12, 0, 0],
			"translation": [1.75, -1.5, 2.5],
			"scale": [0.5, 0.5, 0.5]
		},
		"firstperson_lefthand": {
			"rotation": [-12, 0, 0],
			"translation": [1.75, -1.5, 2.5],
			"scale": [0.5, 0.5, 0.5]
		},
		"ground": {
			"rotation": [0, 0, 90],
			"translation": [4, -2, 0],
			"scale": [0.5, 0.5, 0.5]
		},
		"gui": {
			"rotation": [-15, 35, -45],
			"translation": [-3.5, -3.25, 0],
			"scale": [0.75, 0.75, 0.75]
		},
		"head": {
			"rotation": [0, 0, 27],
			"translation": [1.5, -25, 5]
		},
		"fixed": {
			"rotation": [-90, 0, 0],
			"translation": [0, 0, -15],
			"scale": [2, 2, 2]
		}
	}
}