{
	"credit": "Сделано Веббером специально для MoreDeco https://modrinth.com/resourcepack/moredeco mc _Webber_3",
	"textures": {
		"0": "item/paper/tea_pocket",
		"particle": "item/paper/tea_pocket"
	},
	"elements": [
		{
			"from": [4.5, 4, 8],
			"to": [6.5, 6, 8],
			"faces": {
				"north": {"uv": [6, 0, 8, 2], "texture": "#0"},
				"east": {"uv": [6, 0, 6, 2], "texture": "#0"},
				"south": {"uv": [8, 0, 6, 2], "texture": "#0"},
				"west": {"uv": [6, 0, 6, 2], "texture": "#0"},
				"up": {"uv": [6, 0, 8, 0], "texture": "#0"},
				"down": {"uv": [6, 0, 8, 0], "texture": "#0"}
			}
		},
		{
			"from": [6.5, 5, 8],
			"to": [7.5, 6, 8],
			"faces": {
				"north": {"uv": [5, 0, 6, 1], "texture": "#0"},
				"east": {"uv": [5, 0, 5, 1], "texture": "#0"},
				"south": {"uv": [5, 0, 6, 1], "texture": "#0"},
				"west": {"uv": [5, 0, 5, 1], "texture": "#0"},
				"up": {"uv": [5, 0, 6, 0], "texture": "#0"},
				"down": {"uv": [5, 0, 6, 0], "texture": "#0"}
			}
		},
		{
			"from": [7.5, 3, 8],
			"to": [8.5, 5, 8],
			"faces": {
				"north": {"uv": [4, 1, 5, 3], "texture": "#0"},
				"east": {"uv": [4, 1, 4, 3], "texture": "#0"},
				"south": {"uv": [4, 1, 5, 3], "texture": "#0"},
				"west": {"uv": [4, 1, 4, 3], "texture": "#0"},
				"up": {"uv": [4, 1, 5, 1], "texture": "#0"},
				"down": {"uv": [4, 1, 5, 1], "texture": "#0"}
			}
		},
		{
			"from": [7, 0, 7.5],
			"to": [9, 3, 8.5],
			"faces": {
				"north": {"uv": [1, 0, 3, 3], "texture": "#0"},
				"east": {"uv": [0, 0, 1, 3], "texture": "#0"},
				"south": {"uv": [3, 0, 1, 3], "texture": "#0"},
				"west": {"uv": [3, 0, 4, 3], "texture": "#0"},
				"up": {"uv": [3, 1, 1, 0], "texture": "#0"},
				"down": {"uv": [3, 3, 1, 4], "texture": "#0"}
			}
		}
	],
	"display": {
		"thirdperson_righthand": {
			"rotation": [45, -90, 0],
			"translation": [-0.5, 1, 2.5]
		},
		"thirdperson_lefthand": {
			"rotation": [45, -90, 0],
			"translation": [-0.5, 1, 2.5]
		},
		"firstperson_righthand": {
			"rotation": [0, 180, 0],
			"translation": [0, 7, 0]
		},
		"firstperson_lefthand": {
			"translation": [0, 7, 0]
		},
		"ground": {
			"rotation": [90, 0, 0],
			"translation": [0, 0, 5]
		},
		"gui": {
			"rotation": [15, 45, 0],
			"translation": [0, 10, 0],
			"scale": [2, 2, 2]
		},
		"head": {
			"translation": [0, 19, 0],
			"scale": [1.5, 1.5, 1.5]
		},
		"fixed": {
			"rotation": [-90, 0, 0],
			"translation": [0, 0, -16],
			"scale": [2, 2, 2]
		}
	}
}