{
	"credit": "Сделано Веббером специально для MoreDeco https://modrinth.com/resourcepack/moredeco mc _Webber_3",
	"texture_size": [32, 32],
	"textures": {
		"0": "item/carved_pumpkin/winter/novogodii/novogodii_kolpak",
		"particle": "item/carved_pumpkin/winter/novogodii/novogodii_kolpak"
	},
	"elements": [
		{
			"from": [3, 0, 3],
			"to": [13, 2, 13],
			"faces": {
				"north": {"uv": [0.5, 5.5, 5.5, 6.5], "texture": "#0"},
				"east": {"uv": [0.5, 5.5, 5.5, 6.5], "texture": "#0"},
				"south": {"uv": [0.5, 5.5, 5.5, 6.5], "texture": "#0"},
				"west": {"uv": [0.5, 5.5, 5.5, 6.5], "texture": "#0"},
				"up": {"uv": [5.5, 5.5, 0.5, 0.5], "texture": "#0"},
				"down": {"uv": [5.5, 5.5, 0.5, 0.5], "texture": "#0"}
			}
		},
		{
			"from": [4, 2, 4],
			"to": [12, 4, 12],
			"faces": {
				"north": {"uv": [6.5, 4, 10.5, 5], "texture": "#0"},
				"east": {"uv": [6.5, 4, 10.5, 5], "texture": "#0"},
				"south": {"uv": [6.5, 4, 10.5, 5], "texture": "#0"},
				"west": {"uv": [6.5, 4, 10.5, 5], "texture": "#0"},
				"up": {"uv": [6.5, 0, 10.5, 4], "texture": "#0"},
				"down": {"uv": [6.5, 0, 10.5, 4], "texture": "#0"}
			}
		},
		{
			"from": [5, 2.9, 5.8],
			"to": [11, 5.9, 11.8],
			"rotation": {"angle": 22.5, "axis": "x", "origin": [8, 5.5, 8]},
			"faces": {
				"north": {"uv": [14.5, 3, 16, 0], "rotation": 270, "texture": "#0"},
				"east": {"uv": [14, 3, 11, 4.5], "rotation": 180, "texture": "#0"},
				"south": {"uv": [11, 3, 14, 4.5], "rotation": 180, "texture": "#0"},
				"west": {"uv": [11, 3, 14, 4.5], "rotation": 180, "texture": "#0"},
				"up": {"uv": [11, 0, 14, 3], "texture": "#0"},
				"down": {"uv": [11, 0, 14, 3], "texture": "#0"}
			}
		},
		{
			"from": [6, 9, 0.35],
			"to": [10, 13, 4.35],
			"rotation": {"angle": 45, "axis": "x", "origin": [0, 0, 0]},
			"faces": {
				"north": {"uv": [10.5, 5.5, 12.5, 7.5], "texture": "#0"},
				"east": {"uv": [10.5, 5.5, 8.5, 7.5], "texture": "#0"},
				"south": {"uv": [12.5, 5.5, 14.5, 7.5], "texture": "#0"},
				"west": {"uv": [8.5, 5.5, 10.5, 7.5], "texture": "#0"},
				"up": {"uv": [6.5, 5.5, 8.5, 7.5], "texture": "#0"},
				"down": {"uv": [6.5, 5.5, 8.5, 7.5], "texture": "#0"}
			}
		},
		{
			"from": [6.75, 12, 3.35],
			"to": [9.25, 14.5, 5.85],
			"rotation": {"angle": 45, "axis": "x", "origin": [0, 0, 0]},
			"faces": {
				"north": {"uv": [11.5, 8.5, 13.5, 10.5], "texture": "#0"},
				"east": {"uv": [13.5, 8.5, 11.5, 10.5], "rotation": 90, "texture": "#0"},
				"south": {"uv": [13.5, 8.5, 15.5, 10.5], "texture": "#0"},
				"west": {"uv": [11.5, 8.5, 13.5, 10.5], "rotation": 270, "texture": "#0"},
				"up": {"uv": [13.5, 8.5, 15.5, 10.5], "texture": "#0"},
				"down": {"uv": [11.5, 8.5, 13.5, 10.5], "texture": "#0"}
			}
		}
	],
	"display": {
		"thirdperson_righthand": {
			"translation": [0, 8, 0]
		},
		"thirdperson_lefthand": {
			"translation": [0, 8, 0]
		},
		"firstperson_righthand": {
			"translation": [0, 7.25, 1],
			"scale": [0.85, 0.85, 0.85]
		},
		"firstperson_lefthand": {
			"translation": [0, 7.25, 1],
			"scale": [0.85, 0.85, 0.85]
		},
		"ground": {
			"translation": [0, 5, 0]
		},
		"gui": {
			"rotation": [27, -40, 0],
			"translation": [0, 5, 0]
		},
		"head": {
			"translation": [0, 16, 0],
			"scale": [1.5, 1.5, 1.5]
		},
		"fixed": {
			"rotation": [-90, 0, 0],
			"translation": [0, 0, -16],
			"scale": [2, 2, 2]
		}
	}
}