{
	"format_version": "1.21.6",
	"credit": "Сделано Веббером специально для MoreDeco https://modrinth.com/resourcepack/moredeco mc _Webber_3",
	"textures": {
		"0": "item/carved_pumpkin/mask/masks",
		"particle": "item/carved_pumpkin/mask/masks"
	},
	"elements": [
		{
			"from": [4, 0, 4],
			"to": [12, 8, 12],
			"rotation": {"angle": 0, "axis": "y", "origin": [8, 4, 8]},
			"faces": {
				"north": {"uv": [1, 10, 2, 11], "texture": "#0"},
				"east": {"uv": [0, 10, 1, 11], "texture": "#0"},
				"south": {"uv": [3, 10, 4, 11], "texture": "#0"},
				"west": {"uv": [2, 10, 3, 11], "texture": "#0"},
				"up": {"uv": [1, 10, 2, 9], "texture": "#0"},
				"down": {"uv": [1, 12, 2, 11], "texture": "#0"}
			}
		},
		{
			"from": [4, 8, 4],
			"to": [12, 0, 12],
			"rotation": {"angle": 0, "axis": "y", "origin": [8, 4, 8]},
			"faces": {
				"north": {"uv": [15, 4, 16, 3], "texture": "#0"},
				"east": {"uv": [0, 11, 1, 10], "texture": "#0"},
				"south": {"uv": [3, 11, 4, 10], "texture": "#0"},
				"west": {"uv": [2, 11, 3, 10], "texture": "#0"},
				"up": {"uv": [1, 11, 2, 12], "texture": "#0"},
				"down": {"uv": [1, 9, 2, 10], "texture": "#0"}
			}
		}
	],
	"display": {
		"thirdperson_righthand": {
			"translation": [-4.5, 6, 4.25]
		},
		"thirdperson_lefthand": {
			"rotation": [0, -180, 0],
			"translation": [-4.5, 6, -3.5]
		},
		"firstperson_righthand": {
			"rotation": [0, -35, 0],
			"translation": [4, 3.25, 0],
			"scale": [0.75, 0.75, 0.75]
		},
		"firstperson_lefthand": {
			"rotation": [0, 98, 0],
			"translation": [2.25, 6.75, 0],
			"scale": [0.75, 0.75, 0.75]
		},
		"ground": {
			"translation": [0, 5, 0]
		},
		"gui": {
			"rotation": [25, -150, 0],
			"translation": [-1.5, 6, 0],
			"scale": [1.25, 1.25, 1.25]
		},
		"head": {
			"translation": [0, 7, 0],
			"scale": [1.85, 1.85, 1.85]
		},
		"fixed": {
			"rotation": [-45, 0, 0],
			"translation": [0, 10, -4.25],
			"scale": [2, 2, 2]
		}
	}
}