{
	"format_version": "1.21.6",
	"credit": "Сделано Веббером специально для MoreDeco https://modrinth.com/resourcepack/moredeco mc _Webber_3",
	"textures": {
		"0": "item/book/book",
		"particle": "item/book/book"
	},
	"elements": [
		{
			"from": [3, 0.5, 4.625],
			"to": [13, 2, 5.125],
			"rotation": {"angle": 0, "axis": "x", "origin": [8, 1.625, 8.25]},
			"faces": {
				"north": {"uv": [3, 11.25, 3.5, 13.75], "rotation": 270, "texture": "#0"},
				"east": {"uv": [2, 13.75, 2.5, 14], "rotation": 270, "texture": "#0"},
				"south": {"uv": [2.5, 11.25, 3, 13.75], "rotation": 90, "texture": "#0"},
				"west": {"uv": [0, 13.75, 2, 14], "rotation": 90, "texture": "#0"},
				"up": {"uv": [3, 7.25, 3.25, 9.75], "rotation": 270, "texture": "#0"},
				"down": {"uv": [8.5, 7.25, 8.75, 9.75], "rotation": 90, "texture": "#0"}
			}
		},
		{
			"from": [3, 2, 4.625],
			"to": [13, 2.5, 10.625],
			"rotation": {"angle": 0, "axis": "x", "origin": [8, 1.625, 8.25]},
			"faces": {
				"north": {"uv": [3, 11.25, 3.25, 13.75], "rotation": 270, "texture": "#0"},
				"east": {"uv": [5.25, 9.75, 5.5, 11.25], "rotation": 270, "texture": "#0"},
				"south": {"uv": [2.5, 9.75, 2.75, 7.25], "rotation": 90, "texture": "#0"},
				"west": {"uv": [2.75, 9.75, 2.5, 11.25], "rotation": 90, "texture": "#0"},
				"up": {"uv": [0, 9.75, 2.5, 11.25], "rotation": 180, "texture": "#0"},
				"down": {"uv": [2.75, 11.25, 5.25, 9.75], "rotation": 180, "texture": "#0"}
			}
		},
		{
			"from": [3, 0, 4.625],
			"to": [13, 0.5, 10.625],
			"rotation": {"angle": 0, "axis": "x", "origin": [8, 1.625, 8.25]},
			"faces": {
				"north": {"uv": [3, 11.25, 3.25, 13.75], "rotation": 270, "texture": "#0"},
				"east": {"uv": [10.75, 9.75, 11, 11.25], "rotation": 270, "texture": "#0"},
				"south": {"uv": [2.5, 9.75, 2.75, 7.25], "rotation": 90, "texture": "#0"},
				"west": {"uv": [8.25, 9.75, 8, 11.25], "rotation": 90, "texture": "#0"},
				"up": {"uv": [5.5, 9.75, 8, 11.25], "rotation": 180, "texture": "#0"},
				"down": {"uv": [8.25, 11.25, 10.75, 9.75], "rotation": 180, "texture": "#0"}
			}
		},
		{
			"from": [4, 0.5, 5.125],
			"to": [12, 2, 9.625],
			"rotation": {"angle": 0, "axis": "x", "origin": [8, 1.625, 8.25]},
			"faces": {
				"north": {"uv": [15.5, 13.5, 16, 16], "rotation": 270, "texture": "#0"},
				"east": {"uv": [8, 7.25, 8.25, 6], "rotation": 270, "texture": "#0"},
				"south": {"uv": [8.25, 6, 8.5, 7.25], "rotation": 90, "texture": "#0"},
				"west": {"uv": [8.25, 7.25, 8.5, 6], "rotation": 90, "texture": "#0"},
				"up": {"uv": [6, 6, 8, 7.25], "rotation": 180, "texture": "#0"},
				"down": {"uv": [9, 9.5, 11.25, 8.25], "rotation": 180, "texture": "#0"}
			}
		},
		{
			"from": [4, 3, 5.625],
			"to": [11, 3.5, 6.125],
			"rotation": {"angle": 0, "axis": "x", "origin": [8, 1.625, 8.25]},
			"faces": {
				"north": {"uv": [6.5, 13.25, 6.75, 15], "rotation": 270, "texture": "#0"},
				"east": {"uv": [5.5, 15.75, 5.75, 16], "rotation": 270, "texture": "#0"},
				"south": {"uv": [6.25, 15, 6.5, 13.25], "rotation": 90, "texture": "#0"},
				"west": {"uv": [5.5, 15.75, 5.75, 16], "rotation": 90, "texture": "#0"},
				"up": {"uv": [14, 9.25, 14.25, 11.75], "rotation": 270, "texture": "#0"},
				"down": {"uv": [14.25, 9.25, 14.5, 11.75], "rotation": 90, "texture": "#0"}
			}
		},
		{
			"from": [4, 3.5, 5.625],
			"to": [11, 4, 9.625],
			"rotation": {"angle": 0, "axis": "x", "origin": [8, 1.625, 8.25]},
			"faces": {
				"north": {"uv": [6.5, 13.25, 6.75, 15], "rotation": 270, "texture": "#0"},
				"east": {"uv": [7.25, 12.25, 7.5, 13.25], "rotation": 270, "texture": "#0"},
				"south": {"uv": [6.75, 15, 7, 13.25], "rotation": 90, "texture": "#0"},
				"west": {"uv": [5.5, 12.25, 5.25, 13.25], "rotation": 90, "texture": "#0"},
				"up": {"uv": [3.5, 12.25, 5.25, 13.25], "rotation": 180, "texture": "#0"},
				"down": {"uv": [5.5, 13.25, 7.25, 12.25], "rotation": 180, "texture": "#0"}
			}
		},
		{
			"from": [4, 2.5, 5.625],
			"to": [11, 3, 9.625],
			"rotation": {"angle": 0, "axis": "x", "origin": [8, 1.625, 8.25]},
			"faces": {
				"north": {"uv": [6.5, 13.25, 6.75, 15], "rotation": 270, "texture": "#0"},
				"east": {"uv": [11.25, 12.25, 11.5, 13.25], "rotation": 270, "texture": "#0"},
				"south": {"uv": [6.75, 15, 7, 13.25], "rotation": 90, "texture": "#0"},
				"west": {"uv": [9.5, 12.25, 9.25, 13.25], "rotation": 90, "texture": "#0"},
				"up": {"uv": [7.5, 12.25, 9.25, 13.25], "rotation": 180, "texture": "#0"},
				"down": {"uv": [9.5, 13.25, 11.25, 12.25], "rotation": 180, "texture": "#0"}
			}
		},
		{
			"from": [4.5, 3, 6.125],
			"to": [10.5, 3.5, 9.125],
			"rotation": {"angle": 0, "axis": "x", "origin": [8, 1.625, 8.25]},
			"faces": {
				"north": {"uv": [15.5, 13.5, 16, 16], "rotation": 270, "texture": "#0"},
				"east": {"uv": [8, 7.25, 8.25, 6], "rotation": 270, "texture": "#0"},
				"south": {"uv": [8.25, 6, 8.5, 7.25], "rotation": 90, "texture": "#0"},
				"west": {"uv": [8.25, 7.25, 8.5, 6], "rotation": 90, "texture": "#0"},
				"up": {"uv": [6, 6, 8, 7.25], "rotation": 180, "texture": "#0"},
				"down": {"uv": [9, 9.5, 11.25, 8.25], "rotation": 180, "texture": "#0"}
			}
		}
	],
	"display": {
		"thirdperson_righthand": {
			"rotation": [0, -45, 0],
			"translation": [-0.75, 6, 1.5],
			"scale": [0.75, 0.75, 0.75]
		},
		"thirdperson_lefthand": {
			"rotation": [0, -45, 0],
			"translation": [-0.75, 6, 1.5],
			"scale": [0.75, 0.75, 0.75]
		},
		"firstperson_righthand": {
			"rotation": [0, -155, 0],
			"translation": [-2, 9, 3.25],
			"scale": [0.75, 0.75, 0.75]
		},
		"firstperson_lefthand": {
			"rotation": [0, -155, 0],
			"translation": [-2, 9, 3.25],
			"scale": [0.75, 0.75, 0.75]
		},
		"ground": {
			"translation": [0, 6, 0]
		},
		"gui": {
			"rotation": [0, 59, 0],
			"translation": [0.5, 8.5, 0],
			"scale": [1.5, 1.5, 1.5]
		},
		"head": {
			"rotation": [0, 91, 90],
			"translation": [0.5, -14.25, 13.5],
			"scale": [1.25, 1.25, 1.25]
		},
		"fixed": {
			"rotation": [-90, 0, 0],
			"translation": [0, 0, -16],
			"scale": [2, 2, 2]
		}
	},
	"groups": [
		{
			"name": "group",
			"origin": [8, 1.625, 8.25],
			"color": 0,
			"children": [0, 1, 2, 3]
		},
		{
			"name": "group",
			"origin": [8, 1.625, 8.25],
			"color": 0,
			"children": [4, 5, 6, 7]
		}
	]
}