{
	"format_version": "1.21.6",
	"credit": "Сделано Веббером специально для MoreDeco https://modrinth.com/resourcepack/moredeco mc _Webber_3",
	"texture_size": [64, 64],
	"textures": {
		"1": "item/book/color_books",
		"particle": "item/book/color_books"
	},
	"elements": [
		{
			"from": [3, 0, 2],
			"to": [13, 1, 14],
			"rotation": {"angle": 0, "axis": "y", "origin": [7.75, 2, 8]},
			"faces": {
				"north": {"uv": [2.75, 6.75, 5.25, 7], "texture": "#1"},
				"east": {"uv": [2.5, 3.75, 2.75, 6.75], "rotation": 270, "texture": "#1"},
				"south": {"uv": [0, 6.75, 2.5, 7], "texture": "#1"},
				"west": {"uv": [5.25, 3.75, 5.5, 6.75], "rotation": 90, "texture": "#1"},
				"up": {"uv": [5.25, 6.75, 2.75, 3.75], "texture": "#1"},
				"down": {"uv": [2.5, 3.75, 0, 6.75], "texture": "#1"}
			}
		},
		{
			"from": [3, 3, 2],
			"to": [13, 4, 14],
			"rotation": {"angle": 0, "axis": "y", "origin": [7.75, 2, 8]},
			"faces": {
				"north": {"uv": [2.75, 6.75, 5.25, 7], "texture": "#1"},
				"east": {"uv": [2.5, 3.75, 2.75, 6.75], "rotation": 270, "texture": "#1"},
				"south": {"uv": [0, 6.75, 2.5, 7], "texture": "#1"},
				"west": {"uv": [5.25, 3.75, 5.5, 6.75], "rotation": 90, "texture": "#1"},
				"up": {"uv": [2.5, 6.75, 0, 3.75], "texture": "#1"},
				"down": {"uv": [5.25, 3.75, 2.75, 6.75], "texture": "#1"}
			}
		},
		{
			"from": [12, 1, 2],
			"to": [13, 3, 14],
			"rotation": {"angle": 0, "axis": "y", "origin": [7.75, 2, 8]},
			"faces": {
				"north": {"uv": [3, 7, 3.25, 7.5], "texture": "#1"},
				"east": {"uv": [0, 7, 3, 7.5], "texture": "#1"},
				"south": {"uv": [0, 7, 0.25, 7.5], "texture": "#1"},
				"west": {"uv": [0, 7, 3, 7.5], "texture": "#1"},
				"up": {"uv": [16, 9.75, 15.5, 9.25], "texture": "#missing"},
				"down": {"uv": [16, 9.25, 15.5, 9.75], "texture": "#missing"}
			}
		},
		{
			"from": [3.5, 1, 2.25],
			"to": [12, 3, 13.75],
			"rotation": {"angle": 0, "axis": "y", "origin": [7.75, 2, 8]},
			"faces": {
				"north": {"uv": [6.25, 7, 8.5, 7.5], "texture": "#1"},
				"east": {"uv": [3.25, 7, 6.25, 7.5], "texture": "#1"},
				"south": {"uv": [6.25, 7, 8.5, 7.5], "texture": "#1"},
				"west": {"uv": [3.25, 7, 6.25, 7.5], "texture": "#1"},
				"up": {"uv": [16, 8.5, 15.75, 8], "texture": "#1"},
				"down": {"uv": [16, 8.5, 15.75, 8], "texture": "#1"}
			}
		},
		{
			"from": [3, 1, 7],
			"to": [3, 3, 9],
			"rotation": {"angle": 0, "axis": "y", "origin": [7.75, 2, 8]},
			"faces": {
				"north": {"uv": [5.5, 5, 5.5, 5.5], "texture": "#1"},
				"east": {"uv": [6, 5, 5.5, 5.5], "texture": "#1"},
				"south": {"uv": [5.5, 5, 5.5, 5.5], "texture": "#1"},
				"west": {"uv": [5.5, 5, 6, 5.5], "texture": "#1"},
				"up": {"uv": [5.5, 5, 5.5, 5.5], "texture": "#1"},
				"down": {"uv": [5.5, 5, 5.5, 5.5], "texture": "#1"}
			}
		}
	],
	"display": {
		"thirdperson_righthand": {
			"rotation": [115, 0, -90],
			"translation": [4.5, 0.5, -1.25],
			"scale": [0.75, 0.75, 0.75]
		},
		"thirdperson_lefthand": {
			"rotation": [115, 0, -90],
			"translation": [4.5, 0.5, -1.25],
			"scale": [0.75, 0.75, 0.75]
		},
		"firstperson_righthand": {
			"rotation": [75, 0, 0],
			"translation": [2.5, 0, 3.25]
		},
		"firstperson_lefthand": {
			"rotation": [75, -180, 0],
			"translation": [2.5, 0, 3.25]
		},
		"ground": {
			"translation": [0, 3, 0],
			"scale": [0.75, 0.75, 0.75]
		},
		"gui": {
			"rotation": [15, 25, 0],
			"translation": [0, 5, 0]
		},
		"head": {
			"translation": [0, 15, 0]
		},
		"fixed": {
			"rotation": [90, 0, 0],
			"translation": [0, 0, 8],
			"scale": [2, 2, 2]
		}
	}
}