{
	"credit": "Сделано Веббером специально для MoreDeco https://modrinth.com/resourcepack/moredeco mc _Webber_3",
	"textures": {
		"0": "item/iron_ingot/handcuffs/handcuffs",
		"particle": "item/iron_ingot/handcuffs/handcuffs"
	},
	"elements": [
		{
			"from": [5.5, 0, 7],
			"to": [10.5, 5, 9],
			"faces": {
				"north": {"uv": [0, 0, 5, 5], "texture": "#0"},
				"east": {"uv": [5, 0, 7, 5], "texture": "#0"},
				"south": {"uv": [0, 0, 5, 5], "texture": "#0"},
				"west": {"uv": [5, 0, 7, 5], "texture": "#0"},
				"up": {"uv": [5, 7, 0, 5], "texture": "#0"},
				"down": {"uv": [5, 5, 0, 7], "texture": "#0"}
			}
		},
		{
			"from": [6.5, 4, 7],
			"to": [9.5, 1, 9],
			"faces": {
				"north": {"uv": [1, 1, 4, 4], "texture": "#0"},
				"east": {"uv": [0, 1, 1, 4], "texture": "#0"},
				"south": {"uv": [1, 1, 4, 4], "texture": "#0"},
				"west": {"uv": [4, 1, 5, 4], "texture": "#0"},
				"up": {"uv": [4, 5, 1, 4], "texture": "#0"},
				"down": {"uv": [4, 0, 1, 1], "texture": "#0"}
			}
		},
		{
			"from": [1.5, 1, 8],
			"to": [5.5, 4, 8],
			"faces": {
				"north": {"uv": [7, 0, 11, 3], "texture": "#0"},
				"east": {"uv": [7, 0, 7, 2], "texture": "#0"},
				"south": {"uv": [11, 0, 7, 3], "texture": "#0"},
				"west": {"uv": [7, 0, 7, 2], "texture": "#0"},
				"up": {"uv": [7, 0, 11, 0], "texture": "#0"},
				"down": {"uv": [7, 0, 11, 0], "texture": "#0"}
			}
		},
		{
			"from": [1.5, 2.5, 7.5],
			"to": [5.5, 2.5, 8.5],
			"faces": {
				"north": {"uv": [7, 0, 11, 0], "texture": "#0"},
				"east": {"uv": [7, 0, 9, 0], "texture": "#0"},
				"south": {"uv": [7, 0, 11, 0], "texture": "#0"},
				"west": {"uv": [7, 0, 9, 0], "texture": "#0"},
				"up": {"uv": [11, 0, 7, 1], "texture": "#0"},
				"down": {"uv": [7, 0, 11, 1], "rotation": 180, "texture": "#0"}
			}
		}
	],
	"display": {
		"thirdperson_righthand": {
			"translation": [0, 3.5, 2]
		},
		"thirdperson_lefthand": {
			"rotation": [0, 180, 0],
			"translation": [0, 3.5, 2]
		},
		"firstperson_righthand": {
			"translation": [0, 5.75, 2]
		},
		"firstperson_lefthand": {
			"rotation": [0, 180, 0],
			"translation": [0, 5.75, 2]
		},
		"ground": {
			"rotation": [90, 0, 0],
			"translation": [0, 0, 5]
		},
		"gui": {
			"rotation": [25, 145, 0],
			"translation": [-2, 7.5, 0],
			"scale": [1.5, 1.5, 1]
		},
		"head": {
			"rotation": [90, 0, -90],
			"translation": [16.5, -7, 0],
			"scale": [3, 3, 1]
		},
		"fixed": {
			"translation": [0, 12, -2],
			"scale": [2.01, 2.01, 2.01]
		}
	}
}