{
	"format_version": "1.21.6",
	"credit": "Сделано Веббером специально для MoreDeco https://modrinth.com/resourcepack/moredeco mc _Webber_3",
	"texture_size": [32, 32],
	"textures": {
		"2": "item/carved_pumpkin/reference/baiarslii_hat",
		"particle": "item/carved_pumpkin/reference/baiarslii_hat"
	},
	"elements": [
		{
			"from": [1, 7, 1],
			"to": [15, 7, 15],
			"faces": {
				"north": {"uv": [0, 0, 6, 0], "texture": "#2"},
				"east": {"uv": [0, 0, 6, 0], "texture": "#2"},
				"south": {"uv": [0, 0, 6, 0], "texture": "#2"},
				"west": {"uv": [0, 0, 6, 0], "texture": "#2"},
				"up": {"uv": [0.5, 8.5, 7.5, 15.5], "rotation": 270, "texture": "#2"},
				"down": {"uv": [7.5, 8.5, 0.5, 15.5], "rotation": 270, "texture": "#2"}
			}
		},
		{
			"from": [4, 7, 4],
			"to": [12, 11, 12],
			"faces": {
				"north": {"uv": [4, 4, 8, 6], "texture": "#2"},
				"east": {"uv": [0, 4, 4, 6], "texture": "#2"},
				"south": {"uv": [12, 4, 16, 6], "texture": "#2"},
				"west": {"uv": [8, 4, 12, 6], "texture": "#2"},
				"up": {"uv": [8, 4, 4, 0], "rotation": 90, "texture": "#2"},
				"down": {"uv": [16, 12, 12, 16], "texture": "#2"}
			}
		},
		{
			"from": [4, 1, 5.2],
			"to": [12, 4, 13.2],
			"rotation": {"angle": -22.5, "axis": "x", "origin": [8, 3, 8.5]},
			"faces": {
				"north": {"uv": [0, 6.5, 4, 8], "texture": "#2"},
				"east": {"uv": [12, 6.5, 16, 8], "texture": "#2"},
				"south": {"uv": [8, 6.5, 12, 8], "texture": "#2"},
				"west": {"uv": [4, 6.5, 8, 8], "texture": "#2"},
				"up": {"uv": [16, 16, 12, 12], "texture": "#2"},
				"down": {"uv": [16, 12, 12, 16], "rotation": 90, "texture": "#2"}
			}
		},
		{
			"from": [12, 3.38833, 12.72493],
			"to": [4, 0.38833, 4.72493],
			"rotation": {"angle": -22.5, "axis": "x", "origin": [0, 3.88833, 6.72493]},
			"faces": {
				"north": {"uv": [8, 6.5, 12, 8], "rotation": 180, "texture": "#2"},
				"east": {"uv": [12, 6.5, 16, 8], "rotation": 180, "texture": "#2"},
				"south": {"uv": [0, 6.5, 4, 8], "rotation": 180, "texture": "#2"},
				"west": {"uv": [4, 6.5, 8, 8], "rotation": 180, "texture": "#2"},
				"up": {"uv": [16, 12, 12, 16], "rotation": 90, "texture": "#2"},
				"down": {"uv": [16, 16, 12, 12], "texture": "#2"}
			}
		},
		{
			"from": [4, 7, 12],
			"to": [12, 11, 4],
			"faces": {
				"north": {"uv": [0, 4, 4, 5], "texture": "#2"},
				"east": {"uv": [0, 4, 4, 5], "texture": "#2"},
				"south": {"uv": [0, 4, 4, 5], "texture": "#2"},
				"west": {"uv": [0, 4, 4, 5], "texture": "#2"},
				"up": {"uv": [8, 4, 4, 0], "texture": "#2"},
				"down": {"uv": [16, 12, 12, 16], "texture": "#2"}
			}
		},
		{
			"from": [4, 8, 4],
			"to": [12, 8, 12],
			"faces": {
				"north": {"uv": [0, 4, 4, 6], "texture": "#2"},
				"east": {"uv": [0, 4, 4, 6], "texture": "#2"},
				"south": {"uv": [0, 4, 4, 6], "texture": "#2"},
				"west": {"uv": [0, 4, 4, 6], "texture": "#2"},
				"up": {"uv": [8, 4, 4, 0], "texture": "#2"},
				"down": {"uv": [12, 0, 8, 4], "rotation": 270, "texture": "#2"}
			}
		}
	],
	"display": {
		"thirdperson_righthand": {
			"translation": [0, 1.5, 0]
		},
		"thirdperson_lefthand": {
			"translation": [0, 1.25, 0]
		},
		"firstperson_righthand": {
			"translation": [0.75, 0, 0],
			"scale": [0.75, 0.75, 0.75]
		},
		"firstperson_lefthand": {
			"rotation": [-22.5, -180, 0],
			"translation": [-0.75, 4.5, 0],
			"scale": [0.75, 0.75, 0.75]
		},
		"ground": {
			"rotation": [22.5, 0, 0]
		},
		"gui": {
			"rotation": [-30, -144, -15],
			"translation": [0, 0.5, 0]
		},
		"head": {
			"rotation": [22.5, 0, 0],
			"translation": [0, 4.75, 1],
			"scale": [1.9, 1.9, 1.9]
		},
		"fixed": {
			"rotation": [-90, 0, 0],
			"translation": [0, 0, -2],
			"scale": [2, 2, 2]
		}
	}
}