{
	"credit": "Сделано Веббером специально для MoreDeco https://modrinth.com/resourcepack/moredeco mc _Webber_3",
	"texture_size": [32, 32],
	"textures": {
		"2": "item/crossbow/speaker",
		"particle": "item/crossbow/speaker"
	},
	"elements": [
		{
			"from": [4.7, 8.8, 13],
			"to": [11.3, 2.2, 14],
			"faces": {
				"north": {"uv": [5.5, 9, 9, 5.5], "texture": "#2"},
				"east": {"uv": [9.5, 4, 10, 0.5], "texture": "#2"},
				"south": {"uv": [15, 15, 16, 16], "texture": "#2"},
				"west": {"uv": [13.5, 4, 14, 0.5], "texture": "#2"},
				"up": {"uv": [13.5, 4.5, 10, 4], "texture": "#2"},
				"down": {"uv": [13.5, 0, 10, 0.5], "texture": "#2"}
			}
		},
		{
			"from": [5.675, 7.825, 12],
			"to": [10.325, 3.175, 13],
			"faces": {
				"north": {"uv": [6, 13.5, 8.5, 11], "texture": "#2"},
				"east": {"uv": [12.5, 3.5, 13, 1], "texture": "#2"},
				"south": {"uv": [15, 15, 16, 16], "texture": "#2"},
				"west": {"uv": [10.5, 3.5, 11, 1], "texture": "#2"},
				"up": {"uv": [13, 3.5, 10.5, 3], "texture": "#2"},
				"down": {"uv": [13, 1, 10.5, 1.5], "texture": "#2"}
			}
		},
		{
			"from": [6.6, 6.9, 11],
			"to": [9.4, 4.1, 12],
			"faces": {
				"north": {"uv": [11, 3, 12.5, 1.5], "texture": "#2"},
				"east": {"uv": [12, 3, 12.5, 1.5], "texture": "#2"},
				"south": {"uv": [15, 15, 16, 16], "texture": "#2"},
				"west": {"uv": [11, 3, 11.5, 1.5], "texture": "#2"},
				"up": {"uv": [12.5, 3, 11, 2.5], "rotation": 90, "texture": "#2"},
				"down": {"uv": [12.5, 1.5, 11, 2], "rotation": 270, "texture": "#2"}
			}
		},
		{
			"from": [7, 4.5, 11],
			"to": [9, 6.5, 13.5],
			"faces": {
				"north": {"uv": [6.5, 15, 7.5, 16], "texture": "#2"},
				"east": {"uv": [5, 15, 6.5, 16], "rotation": 180, "texture": "#2"},
				"south": {"uv": [6.5, 15, 7.5, 16], "texture": "#2"},
				"west": {"uv": [5, 15, 6.5, 16], "texture": "#2"},
				"up": {"uv": [6.5, 16, 5, 15], "rotation": 270, "texture": "#2"},
				"down": {"uv": [6.5, 15, 5, 16], "rotation": 90, "texture": "#2"}
			}
		},
		{
			"from": [3.75, 1.25, 13],
			"to": [12.25, 9.75, 14],
			"faces": {
				"north": {"uv": [4.5, 0, 5, 4.5], "texture": "#2"},
				"east": {"uv": [4.5, 0, 5, 4.5], "texture": "#2"},
				"south": {"uv": [5, 0, 9.5, 4.5], "texture": "#2"},
				"west": {"uv": [4.5, 5, 5, 9.5], "texture": "#2"},
				"up": {"uv": [5, 14.5, 4.5, 10], "rotation": 90, "texture": "#2"},
				"down": {"uv": [5, 9, 4.5, 9.5], "rotation": 270, "texture": "#2"}
			}
		},
		{
			"from": [4.75, 2.25, 12],
			"to": [11.25, 8.75, 13],
			"faces": {
				"north": {"uv": [10, 5.5, 13.5, 9], "texture": "#2"},
				"east": {"uv": [4, 0.5, 4.5, 4], "texture": "#2"},
				"south": {"uv": [5.5, 5.5, 9, 9], "texture": "#2"},
				"west": {"uv": [4, 5.5, 4.5, 9], "texture": "#2"},
				"up": {"uv": [4, 14, 4.5, 10.5], "rotation": 90, "texture": "#2"},
				"down": {"uv": [4.5, 8.5, 4, 9], "rotation": 270, "texture": "#2"}
			}
		},
		{
			"from": [5.75, 3.25, 11],
			"to": [10.25, 7.75, 12],
			"faces": {
				"north": {"uv": [10, 11, 12.5, 13.5], "texture": "#2"},
				"east": {"uv": [3.5, 1, 4, 3.5], "texture": "#2"},
				"south": {"uv": [6, 6, 8.5, 8.5], "texture": "#2"},
				"west": {"uv": [3.5, 6, 4, 8.5], "texture": "#2"},
				"up": {"uv": [4, 13.5, 3.5, 11], "rotation": 270, "texture": "#2"},
				"down": {"uv": [4, 8, 3.5, 8.5], "rotation": 90, "texture": "#2"}
			}
		},
		{
			"from": [6.5, 4, 5],
			"to": [9.5, 7, 11],
			"faces": {
				"north": {"uv": [0, 14.5, 1.5, 16], "texture": "#2"},
				"east": {"uv": [0.5, 8, 3.5, 6.5], "rotation": 180, "texture": "#2"},
				"south": {"uv": [15, 15, 16, 16], "texture": "#2"},
				"west": {"uv": [0.5, 1.5, 3.5, 3], "texture": "#2"},
				"up": {"uv": [3.5, 13, 0.5, 11.5], "rotation": 270, "texture": "#2"},
				"down": {"uv": [5, 14.5, 2, 16], "rotation": 90, "texture": "#2"}
			}
		},
		{
			"from": [6.25, 3.75, 4],
			"to": [9.75, 7.25, 5],
			"faces": {
				"north": {"uv": [0, 14, 2, 16], "texture": "#2"},
				"east": {"uv": [0, 6.5, 0.5, 8.5], "texture": "#2"},
				"south": {"uv": [2, 14, 0, 16], "texture": "#2"},
				"west": {"uv": [0, 1.5, 0.5, 3.5], "texture": "#2"},
				"up": {"uv": [0, 13.5, 0.5, 11.5], "rotation": 90, "texture": "#2"},
				"down": {"uv": [2, 15.5, 0, 16], "texture": "#2"}
			}
		},
		{
			"from": [7.5, 0, 8],
			"to": [8.5, 4, 9],
			"faces": {
				"north": {"uv": [2, 8, 2.5, 10], "texture": "#2"},
				"east": {"uv": [2, 3, 2.5, 5], "texture": "#2"},
				"south": {"uv": [2, 3, 2.5, 5], "texture": "#2"},
				"west": {"uv": [2, 8, 2.5, 10], "texture": "#2"},
				"up": {"uv": [2.5, 8.5, 2, 8], "texture": "#2"},
				"down": {"uv": [2.5, 9.5, 2, 10], "texture": "#2"}
			}
		},
		{
			"from": [7.5, 1, 7],
			"to": [8.5, 4, 8],
			"faces": {
				"north": {"uv": [1.5, 3, 2, 4.5], "texture": "#2"},
				"east": {"uv": [1.5, 3, 2, 4.5], "texture": "#2"},
				"south": {"uv": [2, 8, 2.5, 9.5], "texture": "#2"},
				"west": {"uv": [1.5, 8, 2, 9.5], "texture": "#2"},
				"up": {"uv": [2, 8.5, 1.5, 8], "texture": "#2"},
				"down": {"uv": [2, 9, 1.5, 9.5], "texture": "#2"}
			}
		},
		{
			"from": [7.5, 3, 6],
			"to": [8.5, 4, 7],
			"faces": {
				"north": {"uv": [1, 8, 1.5, 8.5], "texture": "#2"},
				"east": {"uv": [1, 3, 1.5, 3.5], "texture": "#2"},
				"south": {"uv": [1, 3, 1.5, 3.5], "texture": "#2"},
				"west": {"uv": [1, 8, 1.5, 8.5], "texture": "#2"},
				"up": {"uv": [1.5, 8.5, 1, 8], "texture": "#2"},
				"down": {"uv": [1.5, 3, 1, 3.5], "texture": "#2"}
			}
		},
		{
			"from": [7.5, 0, 9],
			"to": [8.5, 2, 10],
			"faces": {
				"north": {"uv": [2.5, 9, 3, 10], "texture": "#2"},
				"east": {"uv": [2.5, 4, 3, 5], "texture": "#2"},
				"south": {"uv": [2.5, 4, 3, 5], "texture": "#2"},
				"west": {"uv": [2.5, 9, 3, 10], "texture": "#2"},
				"up": {"uv": [3, 9.5, 2.5, 9], "texture": "#2"},
				"down": {"uv": [3, 9.5, 2.5, 10], "texture": "#2"}
			}
		}
	],
	"display": {
		"thirdperson_righthand": {
			"rotation": [0, 180, 0],
			"translation": [-0.5, 5, 0]
		},
		"thirdperson_lefthand": {
			"rotation": [0, 180, 0],
			"translation": [-0.5, 5, 0]
		},
		"firstperson_righthand": {
			"rotation": [5, 171, -1],
			"translation": [1.25, 3.5, 0]
		},
		"firstperson_lefthand": {
			"rotation": [5, 168, -1],
			"translation": [1.25, 3.5, 0]
		},
		"ground": {
			"translation": [0, 5, 0]
		},
		"gui": {
			"rotation": [45, 45, 0],
			"translation": [-2, 4.75, 0],
			"scale": [1.25, 1.25, 1.25]
		},
		"head": {
			"rotation": [90, 0, 0],
			"translation": [0, 15.5, 3.75],
			"scale": [1.5, 1.5, 1.5]
		},
		"fixed": {
			"rotation": [-90, 0, 0],
			"translation": [-2, 0, -14.25],
			"scale": [2, 2, 2]
		}
	},
	"groups": [
		{
			"name": "group",
			"origin": [0, 0, 0],
			"color": 0,
			"children": [0, 1, 2, 3]
		},
		{
			"name": "group",
			"origin": [0, 0, 0],
			"color": 0,
			"children": [4, 5, 6, 7, 8]
		},
		{
			"name": "group",
			"origin": [0, 0, 0],
			"color": 0,
			"children": [9, 10, 11, 12]
		}
	]
}