{
	"format_version": "1.21.6",
	"credit": "Сделано Веббером специально для MoreDeco https://modrinth.com/resourcepack/moredeco mc _Webber_3",
	"textures": {
		"0": "item/carved_pumpkin/o4ku/o4ku",
		"particle": "item/carved_pumpkin/o4ku/o4ku"
	},
	"elements": [
		{
			"from": [4, 3, 5],
			"to": [12, 6, 11],
			"faces": {
				"north": {"uv": [2.66667, 2.22222, 6.22222, 3.55556], "texture": "#0"},
				"east": {"uv": [0, 2.22222, 2.66667, 3.55556], "texture": "#0"},
				"south": {"uv": [14.66667, 14.66667, 16, 16], "texture": "#0"},
				"west": {"uv": [6.22222, 2.22222, 8.88889, 3.55556], "texture": "#0"},
				"up": {"uv": [14.66667, 14.66667, 16, 16], "texture": "#0"},
				"down": {"uv": [14.66667, 14.66667, 16, 16], "texture": "#0"}
			}
		},
		{
			"from": [4, 3, 11],
			"to": [12, 6, 5],
			"rotation": {"angle": 0, "axis": "y", "origin": [8, 1.5, 1]},
			"faces": {
				"north": {"uv": [14.66667, 14.66667, 16, 16], "texture": "#0"},
				"east": {"uv": [6.22222, 2.22222, 8.88889, 3.55556], "texture": "#0"},
				"south": {"uv": [2.66667, 2.22222, 6.22222, 3.55556], "texture": "#0"},
				"west": {"uv": [0, 2.22222, 2.66667, 3.55556], "texture": "#0"},
				"up": {"uv": [14.66667, 14.66667, 16, 16], "rotation": 180, "texture": "#0"},
				"down": {"uv": [14.66667, 14.66667, 16, 16], "rotation": 180, "texture": "#0"}
			}
		}
	],
	"display": {
		"thirdperson_righthand": {
			"rotation": [45, 0, -90],
			"translation": [2.5, 0.75, 3]
		},
		"thirdperson_lefthand": {
			"rotation": [45, 0, -90],
			"translation": [2.5, 0.75, 3]
		},
		"firstperson_righthand": {
			"rotation": [-15, -45, 0],
			"translation": [0, 4, 0]
		},
		"firstperson_lefthand": {
			"rotation": [-15, -45, 0],
			"translation": [0, 4, 0]
		},
		"gui": {
			"rotation": [-45, -45, 0],
			"translation": [-1.25, 5.25, 0],
			"scale": [1.75, 1.75, 1.75]
		},
		"head": {
			"translation": [0, 6.75, -1.75],
			"scale": [1.85, 1.85, 1.85]
		},
		"fixed": {
			"rotation": [-90, 0, 0],
			"translation": [0, 1.5, -8],
			"scale": [2, 2, 2]
		}
	}
}