{
	"format_version": "1.21.6",
	"credit": "Сделано Веббером специально для MoreDeco https://modrinth.com/resourcepack/moredeco mc _Webber_3",
	"textures": {
		"0": "item/glass_bottle/bockal",
		"particle": "item/glass_bottle/bockal"
	},
	"elements": [
		{
			"from": [7, 0, 7],
			"to": [9, 0, 9],
			"faces": {
				"north": {"uv": [16, 16, 16, 16], "texture": "#0"},
				"east": {"uv": [16, 16, 16, 16], "texture": "#0"},
				"south": {"uv": [16, 16, 16, 16], "texture": "#0"},
				"west": {"uv": [16, 16, 16, 16], "texture": "#0"},
				"up": {"uv": [2, 5, 0, 3], "texture": "#0"},
				"down": {"uv": [2, 3, 0, 5], "texture": "#0"}
			}
		},
		{
			"from": [7.5, 0, 7.5],
			"to": [8.5, 2, 8.5],
			"faces": {
				"north": {"uv": [2, 3, 3, 5], "texture": "#0"},
				"east": {"uv": [2, 3, 3, 5], "texture": "#0"},
				"south": {"uv": [2, 3, 3, 5], "texture": "#0"},
				"west": {"uv": [2, 3, 3, 5], "texture": "#0"},
				"up": {"uv": [16, 16, 15, 15], "texture": "#0"},
				"down": {"uv": [16, 16, 15, 15], "texture": "#0"}
			}
		},
		{
			"from": [6.5, 2, 6.5],
			"to": [9.5, 5, 9.5],
			"faces": {
				"north": {"uv": [6, 8, 3, 11], "texture": "#0"},
				"east": {"uv": [0, 8, 3, 11], "texture": "#0"},
				"south": {"uv": [3, 8, 0, 11], "texture": "#0"},
				"west": {"uv": [3, 8, 6, 11], "texture": "#0"},
				"up": {"uv": [13, 16, 16, 13], "texture": "#0"},
				"down": {"uv": [9, 11, 6, 8], "texture": "#0"}
			}
		},
		{
			"from": [6.525, 2.05, 6.525],
			"to": [9.475, 4, 9.475],
			"faces": {
				"north": {"uv": [16, 3, 13, 6], "texture": "#0"},
				"east": {"uv": [13, 3, 16, 6], "texture": "#0"},
				"south": {"uv": [16, 3, 13, 6], "texture": "#0"},
				"west": {"uv": [13, 3, 16, 6], "texture": "#0"},
				"up": {"uv": [16, 6, 13, 3], "texture": "#0"},
				"down": {"uv": [16, 6, 13, 3], "texture": "#0"}
			}
		},
		{
			"from": [9.5, 5, 9.5],
			"to": [6.5, 2, 6.5],
			"faces": {
				"north": {"uv": [3, 11, 0, 8], "texture": "#0"},
				"east": {"uv": [0, 11, 3, 8], "texture": "#0"},
				"south": {"uv": [6, 11, 3, 8], "texture": "#0"},
				"west": {"uv": [3, 11, 6, 8], "texture": "#0"},
				"up": {"uv": [6, 11, 9, 8], "texture": "#0"},
				"down": {"uv": [16, 16, 13, 13], "texture": "#0"}
			}
		}
	],
	"display": {
		"thirdperson_righthand": {
			"translation": [-0.5, 7, 0]
		},
		"thirdperson_lefthand": {
			"translation": [-0.5, 7, 0]
		},
		"firstperson_righthand": {
			"rotation": [-10, -90, 0],
			"translation": [0.25, 9.25, -0.75],
			"scale": [1.25, 1.25, 1.25]
		},
		"firstperson_lefthand": {
			"rotation": [-10, 0, 0],
			"translation": [0.25, 9.25, -0.75],
			"scale": [1.25, 1.25, 1.25]
		},
		"ground": {
			"translation": [0, 5, 0]
		},
		"gui": {
			"rotation": [20, -45, 0],
			"translation": [0, 9.5, 0],
			"scale": [2, 2, 2]
		},
		"head": {
			"translation": [0, 15.25, 0]
		},
		"fixed": {
			"rotation": [-90, 0, 0],
			"translation": [0, 0, -16.1],
			"scale": [2, 2, 2]
		}
	}
}