{
	"credit": "Сделано Веббером специально для MoreDeco https://modrinth.com/resourcepack/moredeco mc _Webber_3",
	"texture_size": [32, 32],
	"textures": {
		"0": "item/potion/cola",
		"particle": "item/potion/cola"
	},
	"elements": [
		{
			"from": [7.75, 9.3, 7.75],
			"to": [9.25, 10.1, 9.25],
			"faces": {
				"north": {"uv": [0, 0.5, 1, 1], "texture": "#0"},
				"east": {"uv": [1, 0.5, 0, 1], "texture": "#0"},
				"south": {"uv": [0, 0.5, 1, 1], "texture": "#0"},
				"west": {"uv": [1, 0.5, 0, 1], "texture": "#0"},
				"up": {"uv": [1, 1, 0, 0], "texture": "#0"},
				"down": {"uv": [16, 15.5, 15.5, 16], "texture": "#0"}
			}
		},
		{
			"from": [7.6, 9, 7.6],
			"to": [9.4, 9.3, 9.4],
			"rotation": {"angle": 0, "axis": "y", "origin": [8, 9, 9]},
			"faces": {
				"north": {"uv": [0, 1, 1, 1.5], "texture": "#0"},
				"east": {"uv": [1, 1, 0, 1.5], "texture": "#0"},
				"south": {"uv": [0, 1, 1, 1.5], "texture": "#0"},
				"west": {"uv": [1, 1, 0, 1.5], "texture": "#0"},
				"up": {"uv": [0, 1, 1, 2], "rotation": 90, "texture": "#0"},
				"down": {"uv": [1, 1, 0, 2], "rotation": 270, "texture": "#0"}
			}
		},
		{
			"from": [7.75, 8, 7.75],
			"to": [9.25, 9, 9.25],
			"faces": {
				"north": {"uv": [0, 1, 1, 1.5], "texture": "#0"},
				"east": {"uv": [1, 1, 0, 1.5], "texture": "#0"},
				"south": {"uv": [0, 1, 1, 1.5], "texture": "#0"},
				"west": {"uv": [1, 1, 0, 1.5], "texture": "#0"},
				"up": {"uv": [0, 2, 1, 1], "texture": "#0"},
				"down": {"uv": [16, 15.5, 15.5, 16], "texture": "#0"}
			}
		},
		{
			"from": [7.5, 7, 7.5],
			"to": [9.5, 8, 9.5],
			"faces": {
				"north": {"uv": [0, 1, 1, 1.5], "texture": "#0"},
				"east": {"uv": [1, 1, 0, 1.5], "texture": "#0"},
				"south": {"uv": [0, 1, 1, 1.5], "texture": "#0"},
				"west": {"uv": [1, 1, 0, 1.5], "texture": "#0"},
				"up": {"uv": [0, 2, 1, 1], "texture": "#0"},
				"down": {"uv": [16, 15.5, 15.5, 16], "texture": "#0"}
			}
		},
		{
			"from": [7, 6, 7],
			"to": [10, 7, 10],
			"faces": {
				"north": {"uv": [0, 4, 1.5, 4.5], "texture": "#0"},
				"east": {"uv": [1.5, 4, 0, 4.5], "texture": "#0"},
				"south": {"uv": [0, 4, 1.5, 4.5], "texture": "#0"},
				"west": {"uv": [1.5, 4, 0, 4.5], "texture": "#0"},
				"up": {"uv": [1.5, 6, 0, 4.5], "texture": "#0"},
				"down": {"uv": [1.5, 4.5, 0, 6], "texture": "#0"}
			}
		},
		{
			"from": [7.1, 4, 7.05],
			"to": [9.9, 6, 7.05],
			"rotation": {"angle": 0, "axis": "y", "origin": [7, 4, 10]},
			"faces": {
				"north": {"uv": [9, 3.5, 15.75, 7.5], "texture": "#0"},
				"east": {"uv": [14.75, 15, 16, 16], "texture": "#0"},
				"south": {"uv": [14.75, 15, 16, 16], "texture": "#0"},
				"west": {"uv": [14.75, 15, 16, 16], "texture": "#0"},
				"up": {"uv": [14.75, 14.75, 16, 16], "rotation": 90, "texture": "#0"},
				"down": {"uv": [14.75, 14.75, 16, 16], "rotation": 270, "texture": "#0"}
			}
		},
		{
			"from": [7.1, 4, 7.15],
			"to": [7.1, 6, 10],
			"faces": {
				"north": {"uv": [14.75, 15, 16, 16], "texture": "#0"},
				"east": {"uv": [14.75, 15, 16, 16], "texture": "#0"},
				"south": {"uv": [14.75, 15, 16, 16], "texture": "#0"},
				"west": {"uv": [9, 0, 15.75, 4], "texture": "#0"},
				"up": {"uv": [14.75, 14.75, 16, 16], "texture": "#0"},
				"down": {"uv": [14.75, 14.75, 16, 16], "texture": "#0"}
			}
		},
		{
			"from": [7.15, 4, 9.95],
			"to": [10, 6, 9.95],
			"rotation": {"angle": 0, "axis": "y", "origin": [7, 5, 8]},
			"faces": {
				"north": {"uv": [14.75, 15, 16, 16], "texture": "#0"},
				"east": {"uv": [14.75, 15, 16, 16], "texture": "#0"},
				"south": {"uv": [9, 3.5, 15.75, 7.5], "texture": "#0"},
				"west": {"uv": [14.75, 15, 16, 16], "texture": "#0"},
				"up": {"uv": [14.75, 14.75, 16, 16], "rotation": 270, "texture": "#0"},
				"down": {"uv": [14.75, 14.75, 16, 16], "rotation": 90, "texture": "#0"}
			}
		},
		{
			"from": [9.95, 4, 7.05],
			"to": [9.95, 6, 9.9],
			"rotation": {"angle": 0, "axis": "y", "origin": [7, 4, 10]},
			"faces": {
				"north": {"uv": [14.75, 15, 16, 16], "texture": "#0"},
				"east": {"uv": [9, 0, 15.75, 4], "texture": "#0"},
				"south": {"uv": [14.75, 15, 16, 16], "texture": "#0"},
				"west": {"uv": [14.75, 15, 16, 16], "texture": "#0"},
				"up": {"uv": [14.75, 14.75, 16, 16], "rotation": 180, "texture": "#0"},
				"down": {"uv": [14.75, 14.75, 16, 16], "rotation": 180, "texture": "#0"}
			}
		},
		{
			"from": [7.15, 4, 7.15],
			"to": [9.9, 6, 9.9],
			"faces": {
				"north": {"uv": [1.25, 2, 0, 3], "texture": "#0"},
				"east": {"uv": [0, 2, 1.25, 3], "texture": "#0"},
				"south": {"uv": [1.25, 2, 0, 3], "texture": "#0"},
				"west": {"uv": [0, 2, 1.25, 3], "texture": "#0"},
				"up": {"uv": [14.75, 14.75, 16, 16], "texture": "#0"},
				"down": {"uv": [14.75, 14.75, 16, 16], "texture": "#0"}
			}
		},
		{
			"from": [7, 3, 7],
			"to": [10, 4, 10],
			"faces": {
				"north": {"uv": [0, 4, 1.5, 4.5], "texture": "#0"},
				"east": {"uv": [1.5, 4, 0, 4.5], "texture": "#0"},
				"south": {"uv": [0, 4, 1.5, 4.5], "texture": "#0"},
				"west": {"uv": [1.5, 4, 0, 4.5], "texture": "#0"},
				"up": {"uv": [1.5, 6, 0, 4.5], "texture": "#0"},
				"down": {"uv": [1.5, 4.5, 0, 6], "texture": "#0"}
			}
		},
		{
			"from": [7.25, 1, 7.25],
			"to": [9.75, 3, 9.75],
			"faces": {
				"north": {"uv": [1.25, 3, 0, 4], "texture": "#0"},
				"east": {"uv": [0, 3, 1.25, 4], "texture": "#0"},
				"south": {"uv": [1.25, 3, 0, 4], "texture": "#0"},
				"west": {"uv": [0, 3, 1.25, 4], "texture": "#0"},
				"up": {"uv": [14.75, 14.75, 16, 16], "texture": "#0"},
				"down": {"uv": [14.75, 14.75, 16, 16], "texture": "#0"}
			}
		},
		{
			"from": [7, 0, 7],
			"to": [10, 1, 10],
			"faces": {
				"north": {"uv": [0, 4, 1.5, 4.5], "texture": "#0"},
				"east": {"uv": [1.5, 4, 0, 4.5], "texture": "#0"},
				"south": {"uv": [0, 4, 1.5, 4.5], "texture": "#0"},
				"west": {"uv": [1.5, 4, 0, 4.5], "texture": "#0"},
				"up": {"uv": [1.5, 6, 0, 4.5], "texture": "#0"},
				"down": {"uv": [1.5, 6, 0, 7.5], "texture": "#0"}
			}
		}
	],
	"display": {
		"thirdperson_righthand": {
			"translation": [-1.5, 5, 0]
		},
		"thirdperson_lefthand": {
			"translation": [0.25, 0, 0]
		},
		"firstperson_righthand": {
			"rotation": [-7, 20, 0],
			"translation": [0, 5.75, 0]
		},
		"firstperson_lefthand": {
			"rotation": [-5, 100, 0],
			"translation": [0, 5.75, 0]
		},
		"ground": {
			"translation": [0, 4.5, 0]
		},
		"gui": {
			"rotation": [34, 46, -17],
			"translation": [0, 4.5, 0],
			"scale": [1.5, 1.5, 1.5]
		},
		"head": {
			"translation": [0, 18.5, 0],
			"scale": [1.5, 1.5, 1.5]
		},
		"fixed": {
			"rotation": [-90, 0, 0],
			"translation": [0, 0, -16],
			"scale": [2, 2, 2]
		}
	},
	"groups": [
		0,
		1,
		2,
		3,
		4,
		{
			"name": "group",
			"origin": [0, 0, 0],
			"color": 0,
			"children": [5, 6, 7, 8]
		},
		9,
		10,
		11,
		12
	]
}