{
	"credit": "Сделано Веббером специально для MoreDeco https://modrinth.com/resourcepack/moredeco mc _Webber_3",
	"textures": {
		"1": "item/potion/cola",
		"particle": "item/potion/cola"
	},
	"elements": [
		{
			"from": [7.925, 9, 7.925],
			"to": [9.075, 9.9, 9.075],
			"faces": {
				"north": {"uv": [2, 0, 2.5, 0.5], "texture": "#1"},
				"east": {"uv": [2, 0, 2.5, 0.5], "texture": "#1"},
				"south": {"uv": [2, 0, 2.5, 0.5], "texture": "#1"},
				"west": {"uv": [2, 0, 2.5, 0.5], "texture": "#1"},
				"up": {"uv": [2, 0, 2.5, 0.5], "texture": "#1"},
				"down": {"uv": [15.5, 15.5, 16, 16], "texture": "#1"}
			}
		},
		{
			"from": [7.85, 9, 7.85],
			"to": [9.15, 9.1, 9.15],
			"faces": {
				"north": {"uv": [2, 0, 2.5, 0.5], "texture": "#1"},
				"east": {"uv": [2, 0, 2.5, 0.5], "texture": "#1"},
				"south": {"uv": [2, 0, 2.5, 0.5], "texture": "#1"},
				"west": {"uv": [2, 0, 2.5, 0.5], "texture": "#1"},
				"up": {"uv": [2, 0, 2.5, 0.5], "texture": "#1"},
				"down": {"uv": [2, 0, 2.5, 0.5], "texture": "#1"}
			}
		},
		{
			"from": [8, 8.5, 8],
			"to": [9, 9, 9],
			"faces": {
				"north": {"uv": [2, 1, 2.5, 1.5], "texture": "#1"},
				"east": {"uv": [2, 1, 2.5, 1.5], "texture": "#1"},
				"south": {"uv": [2, 1, 2.5, 1.5], "texture": "#1"},
				"west": {"uv": [2, 1, 2.5, 1.5], "texture": "#1"},
				"up": {"uv": [14.5, 14.5, 16, 16], "texture": "#1"},
				"down": {"uv": [14.5, 14.5, 16, 16], "texture": "#1"}
			}
		},
		{
			"from": [7.25, 7.5, 7.25],
			"to": [9.75, 8.5, 9.75],
			"faces": {
				"north": {"uv": [2, 1.5, 3.5, 2], "texture": "#1"},
				"east": {"uv": [3.5, 1.5, 2, 2], "texture": "#1"},
				"south": {"uv": [2, 1.5, 3.5, 2], "texture": "#1"},
				"west": {"uv": [3.5, 1.5, 2, 2], "texture": "#1"},
				"up": {"uv": [2, 0.5, 3.5, 2], "texture": "#1"},
				"down": {"uv": [14.5, 14.5, 16, 16], "texture": "#1"}
			}
		},
		{
			"from": [7, 6.5, 7],
			"to": [10, 7.5, 10],
			"faces": {
				"north": {"uv": [2, 3, 3.5, 3.5], "texture": "#1"},
				"east": {"uv": [3.5, 3, 2, 3.5], "texture": "#1"},
				"south": {"uv": [2, 3, 3.5, 3.5], "texture": "#1"},
				"west": {"uv": [3.5, 3, 2, 3.5], "texture": "#1"},
				"up": {"uv": [2, 2, 3.5, 3.5], "texture": "#1"},
				"down": {"uv": [2, 2, 3.5, 3.5], "texture": "#1"}
			}
		},
		{
			"from": [7, 4.5, 10],
			"to": [10, 6.5, 10],
			"faces": {
				"north": {"uv": [14.5, 14.5, 16, 16], "texture": "#1"},
				"east": {"uv": [14.5, 14.5, 16, 16], "texture": "#1"},
				"south": {"uv": [9, 7.5, 15.5, 11.5], "texture": "#1"},
				"west": {"uv": [14.5, 14.5, 16, 16], "texture": "#1"},
				"up": {"uv": [14.5, 14.5, 16, 16], "texture": "#1"},
				"down": {"uv": [14.5, 14.5, 16, 16], "texture": "#1"}
			}
		},
		{
			"from": [7.05, 4.5, 7],
			"to": [9.95, 6.5, 7],
			"rotation": {"angle": 0, "axis": "y", "origin": [9, 4, 10]},
			"faces": {
				"north": {"uv": [9, 7.5, 15.5, 11.5], "texture": "#1"},
				"east": {"uv": [14.5, 14.5, 16, 16], "texture": "#1"},
				"south": {"uv": [14.5, 14.5, 16, 16], "texture": "#1"},
				"west": {"uv": [14.5, 14.5, 16, 16], "texture": "#1"},
				"up": {"uv": [14.5, 14.5, 16, 16], "rotation": 180, "texture": "#1"},
				"down": {"uv": [14.5, 14.5, 16, 16], "rotation": 180, "texture": "#1"}
			}
		},
		{
			"from": [10, 4.5, 7],
			"to": [10, 6.5, 10],
			"rotation": {"angle": 0, "axis": "y", "origin": [9, 4, 10]},
			"faces": {
				"north": {"uv": [14.5, 14.5, 16, 16], "texture": "#1"},
				"east": {"uv": [9, 11, 15.5, 15], "texture": "#1"},
				"south": {"uv": [14.5, 14.5, 16, 16], "texture": "#1"},
				"west": {"uv": [14.5, 14.5, 16, 16], "texture": "#1"},
				"up": {"uv": [14.5, 14.5, 16, 16], "rotation": 270, "texture": "#1"},
				"down": {"uv": [14.5, 14.5, 16, 16], "rotation": 90, "texture": "#1"}
			}
		},
		{
			"from": [7, 4.5, 7],
			"to": [7, 6.5, 10],
			"rotation": {"angle": 0, "axis": "y", "origin": [9, 4, 10]},
			"faces": {
				"north": {"uv": [14.5, 14.5, 16, 16], "texture": "#1"},
				"east": {"uv": [14.5, 14.5, 16, 16], "texture": "#1"},
				"south": {"uv": [14.5, 14.5, 16, 16], "texture": "#1"},
				"west": {"uv": [9, 11, 15.5, 15], "texture": "#1"},
				"up": {"uv": [14.5, 14.5, 16, 16], "rotation": 270, "texture": "#1"},
				"down": {"uv": [14.5, 14.5, 16, 16], "rotation": 90, "texture": "#1"}
			}
		},
		{
			"from": [7.05, 4.5, 7.05],
			"to": [9.95, 6.5, 9.95],
			"faces": {
				"north": {"uv": [2, 3.5, 3.5, 4.5], "texture": "#1"},
				"east": {"uv": [3.5, 3.5, 2, 4.5], "texture": "#1"},
				"south": {"uv": [2, 3.5, 3.5, 4.5], "texture": "#1"},
				"west": {"uv": [3.5, 3.5, 2, 4.5], "texture": "#1"},
				"up": {"uv": [14.5, 14.5, 16, 16], "texture": "#1"},
				"down": {"uv": [14.5, 14.5, 16, 16], "texture": "#1"}
			}
		},
		{
			"from": [7, 3.5, 7],
			"to": [10, 4.5, 10],
			"faces": {
				"north": {"uv": [2, 3, 3.5, 3.5], "texture": "#1"},
				"east": {"uv": [3.5, 3, 2, 3.5], "texture": "#1"},
				"south": {"uv": [2, 3, 3.5, 3.5], "texture": "#1"},
				"west": {"uv": [3.5, 3, 2, 3.5], "texture": "#1"},
				"up": {"uv": [2, 2, 3.5, 3.5], "texture": "#1"},
				"down": {"uv": [3.5, 2, 2, 3.5], "texture": "#1"}
			}
		},
		{
			"from": [7.1, 1.5, 7.1],
			"to": [9.9, 3.5, 9.9],
			"faces": {
				"north": {"uv": [2, 4.5, 3.5, 5.5], "texture": "#1"},
				"east": {"uv": [3.5, 4.5, 2, 5.5], "texture": "#1"},
				"south": {"uv": [2, 4.5, 3.5, 5.5], "texture": "#1"},
				"west": {"uv": [3.5, 4.5, 2, 5.5], "texture": "#1"},
				"up": {"uv": [14.5, 14.5, 16, 16], "texture": "#1"},
				"down": {"uv": [14.5, 14.5, 16, 16], "texture": "#1"}
			}
		},
		{
			"from": [7, 0.5, 7],
			"to": [10, 1.5, 10],
			"faces": {
				"north": {"uv": [2, 5.5, 3.5, 6], "texture": "#1"},
				"east": {"uv": [3.5, 5.5, 2, 6], "texture": "#1"},
				"south": {"uv": [2, 5.5, 3.5, 6], "texture": "#1"},
				"west": {"uv": [3.5, 5.5, 2, 6], "texture": "#1"},
				"up": {"uv": [2, 6, 3.5, 7.5], "texture": "#1"},
				"down": {"uv": [2, 6, 3.5, 7.5], "texture": "#1"}
			}
		},
		{
			"from": [7, 0, 7],
			"to": [8.25, 0.5, 8.25],
			"faces": {
				"north": {"uv": [3, 7, 3.5, 7.5], "texture": "#1"},
				"east": {"uv": [3, 7, 3.5, 7.5], "texture": "#1"},
				"south": {"uv": [3, 7, 3.5, 7.5], "texture": "#1"},
				"west": {"uv": [3, 7, 3.5, 7.5], "texture": "#1"},
				"up": {"uv": [15.5, 15.5, 16, 16], "texture": "#1"},
				"down": {"uv": [3, 7, 3.5, 7.5], "texture": "#1"}
			}
		},
		{
			"from": [8.75, 0, 7],
			"to": [10, 0.5, 8.25],
			"faces": {
				"north": {"uv": [2, 7, 2.5, 7.5], "texture": "#1"},
				"east": {"uv": [2, 7, 2.5, 7.5], "texture": "#1"},
				"south": {"uv": [3, 7, 3.5, 7.5], "texture": "#1"},
				"west": {"uv": [3, 7, 3.5, 7.5], "texture": "#1"},
				"up": {"uv": [15.5, 15.5, 16, 16], "texture": "#1"},
				"down": {"uv": [2, 7, 2.5, 7.5], "texture": "#1"}
			}
		},
		{
			"from": [8.75, 0, 8.75],
			"to": [10, 0.5, 10],
			"faces": {
				"north": {"uv": [3, 7, 3.5, 7.5], "texture": "#1"},
				"east": {"uv": [3, 7, 3.5, 7.5], "texture": "#1"},
				"south": {"uv": [3, 7, 3.5, 7.5], "texture": "#1"},
				"west": {"uv": [3, 7, 3.5, 7.5], "texture": "#1"},
				"up": {"uv": [15.5, 15.5, 16, 16], "texture": "#1"},
				"down": {"uv": [3, 7, 3.5, 7.5], "texture": "#1"}
			}
		},
		{
			"from": [7, 0, 8.75],
			"to": [8.25, 0.5, 10],
			"faces": {
				"north": {"uv": [2, 6, 2.5, 6.5], "texture": "#1"},
				"east": {"uv": [3, 7, 3.5, 7.5], "texture": "#1"},
				"south": {"uv": [3, 6, 3.5, 6.5], "texture": "#1"},
				"west": {"uv": [2, 7, 2.5, 7.5], "texture": "#1"},
				"up": {"uv": [15.5, 15.5, 16, 16], "texture": "#1"},
				"down": {"uv": [2, 7, 2.5, 7.5], "texture": "#1"}
			}
		}
	],
	"display": {
		"thirdperson_righthand": {
			"translation": [-0.75, 4.5, 0]
		},
		"thirdperson_lefthand": {
			"translation": [0, 0.25, 0]
		},
		"firstperson_righthand": {
			"translation": [0, 6.25, 0]
		},
		"firstperson_lefthand": {
			"translation": [0, 6.25, 0]
		},
		"ground": {
			"translation": [0, 4.5, 0]
		},
		"gui": {
			"rotation": [3, -40, -17],
			"translation": [1, 4.5, 0],
			"scale": [1.5, 1.5, 1.5]
		},
		"head": {
			"translation": [0, 14.5, -0.5]
		},
		"fixed": {
			"rotation": [-90, 0, 0],
			"translation": [0, 0, -16],
			"scale": [2, 2, 2]
		}
	},
	"groups": [
		0,
		1,
		2,
		3,
		4,
		{
			"name": "group",
			"origin": [0, 0, 0],
			"color": 0,
			"children": [5, 6, 7, 8]
		},
		9,
		10,
		11,
		12,
		{
			"name": "group",
			"origin": [0, 0, 0],
			"color": 0,
			"children": [13, 14, 15, 16]
		}
	]
}