{
	"credit": "Сделано Веббером специально для MoreDeco https://modrinth.com/resourcepack/moredeco mc _Webber_3",
	"textures": {
		"0": "item/carved_pumpkin/halloween/eye",
		"particle": "item/carved_pumpkin/halloween/eye"
	},
	"elements": [
		{
			"from": [4, 0, 5],
			"to": [12, 8, 13],
			"faces": {
				"north": {"uv": [2, 2, 4, 4], "texture": "#0"},
				"east": {"uv": [0, 2, 2, 4], "texture": "#0"},
				"south": {"uv": [6, 2, 8, 4], "texture": "#0"},
				"west": {"uv": [4, 2, 6, 4], "texture": "#0"},
				"up": {"uv": [2, 2, 4, 0], "texture": "#0"},
				"down": {"uv": [4, 0, 6, 2], "texture": "#0"}
			}
		},
		{
			"from": [5, 1, 13],
			"to": [11, 7, 19],
			"rotation": {"angle": 0, "axis": "x", "origin": [8, 4, 17]},
			"faces": {
				"north": {"uv": [14, 16, 16, 14], "rotation": 180, "texture": "#0"},
				"east": {"uv": [0.25, 5, 1.75, 6.5], "rotation": 90, "texture": "#0"},
				"south": {"uv": [14, 14, 16, 16], "texture": "#0"},
				"west": {"uv": [4.25, 5, 5.75, 6.5], "rotation": 270, "texture": "#0"},
				"up": {"uv": [6.25, 5, 7.75, 6.5], "texture": "#0"},
				"down": {"uv": [2.25, 5, 3.75, 6.5], "rotation": 180, "texture": "#0"}
			}
		},
		{
			"from": [11, 7, 19],
			"to": [5, 1, 13],
			"rotation": {"angle": 0, "axis": "x", "origin": [8, 4, 15]},
			"faces": {
				"north": {"uv": [14, 14, 16, 16], "rotation": 180, "texture": "#0"},
				"east": {"uv": [4, 5, 5.75, 6.75], "rotation": 270, "texture": "#0"},
				"south": {"uv": [14, 16, 16, 14], "texture": "#0"},
				"west": {"uv": [1.75, 5, 0, 6.75], "rotation": 90, "texture": "#0"},
				"up": {"uv": [3.75, 5, 2, 6.75], "rotation": 180, "texture": "#0"},
				"down": {"uv": [7.75, 5, 6, 6.75], "texture": "#0"}
			}
		}
	],
	"display": {
		"thirdperson_righthand": {
			"translation": [-2, 4, 0],
			"scale": [0.5, 0.5, 0.5]
		},
		"thirdperson_lefthand": {
			"translation": [-2, 4, 0],
			"scale": [0.5, 0.5, 0.5]
		},
		"firstperson_righthand": {
			"translation": [-2, 4, 0],
			"scale": [0.5, 0.5, 0.5]
		},
		"firstperson_lefthand": {
			"translation": [-2, 4, 0],
			"scale": [0.5, 0.5, 0.5]
		},
		"ground": {
			"translation": [0, 2, 0],
			"scale": [0.5, 0.5, 0.5]
		},
		"gui": {
			"rotation": [45, -135, 0],
			"translation": [2, 1.5, 0]
		},
		"head": {
			"translation": [0, 7, -2],
			"scale": [1.85, 1.85, 1.85]
		},
		"fixed": {
			"rotation": [-90, 0, 0],
			"translation": [0, -2, -16],
			"scale": [2.01, 2.01, 2.01]
		}
	}
}