{
	"credit": "Сделано Веббером специально для MoreDeco https://modrinth.com/resourcepack/moredeco mc _Webber_3",
	"texture_size": [32, 32],
	"textures": {
		"0": "item/carved_pumpkin/halloween/pugalo",
		"1": "item/carved_pumpkin/halloween/pugalo_hat",
		"particle": "item/carved_pumpkin/halloween/pugalo"
	},
	"elements": [
		{
			"from": [3.5, 7, 3.5],
			"to": [12.5, 9, 12.5],
			"rotation": {"angle": 0, "axis": "x", "origin": [8, 10.14645, 9.60355]},
			"faces": {
				"north": {"uv": [11.5, 5, 16, 6], "texture": "#1"},
				"east": {"uv": [7, 5, 11.5, 6], "texture": "#1"},
				"south": {"uv": [11.5, 5, 16, 6], "texture": "#1"},
				"west": {"uv": [7, 5, 11.5, 6], "texture": "#1"},
				"up": {"uv": [16, 5, 11.5, 0.5], "texture": "#1"},
				"down": {"uv": [16, 0, 15.5, 0.5], "texture": "#1"}
			}
		},
		{
			"from": [4, 7, 4],
			"to": [12, 11, 12],
			"rotation": {"angle": 0, "axis": "x", "origin": [8, 10.14645, 9.60355]},
			"faces": {
				"north": {"uv": [4, 6, 8, 8], "texture": "#1"},
				"east": {"uv": [0, 6, 4, 8], "texture": "#1"},
				"south": {"uv": [4, 6, 8, 8], "texture": "#1"},
				"west": {"uv": [0, 6, 4, 8], "texture": "#1"},
				"up": {"uv": [4, 6, 0, 2], "texture": "#1"},
				"down": {"uv": [16, 0, 15.5, 0.5], "texture": "#1"}
			}
		},
		{
			"from": [5, 9.09093, 5.63691],
			"to": [11, 13.09093, 12.63691],
			"rotation": {"angle": 22.5, "axis": "x", "origin": [8, 10.14645, 9.60355]},
			"faces": {
				"north": {"uv": [4.5, 6, 7.5, 8], "texture": "#1"},
				"east": {"uv": [0, 6, 3, 8], "texture": "#1"},
				"south": {"uv": [4.5, 6, 7.5, 8], "texture": "#1"},
				"west": {"uv": [0, 6, 3, 8], "texture": "#1"},
				"up": {"uv": [3.5, 5.5, 0.5, 2.5], "texture": "#1"},
				"down": {"uv": [16, 0, 15.5, 0.5], "texture": "#1"}
			}
		},
		{
			"from": [6, 11.5052, 6.01256],
			"to": [10, 15.5052, 11.01256],
			"rotation": {"angle": 45, "axis": "x", "origin": [8, 10.14645, 9.60355]},
			"faces": {
				"north": {"uv": [5, 6, 7, 8], "texture": "#1"},
				"east": {"uv": [0.5, 6, 3, 8], "texture": "#1"},
				"south": {"uv": [5, 6, 7, 8], "texture": "#1"},
				"west": {"uv": [0.5, 6, 3, 8], "texture": "#1"},
				"up": {"uv": [3, 5.5, 1, 3], "texture": "#1"},
				"down": {"uv": [16, 0, 15.5, 0.5], "texture": "#1"}
			}
		},
		{
			"from": [1, 7, 1],
			"to": [15, 7, 15],
			"rotation": {"angle": 0, "axis": "x", "origin": [8, 10.14645, 9.60355]},
			"faces": {
				"north": {"uv": [15, 15, 16, 16], "texture": "#1"},
				"east": {"uv": [16, 15, 15, 16], "texture": "#1"},
				"south": {"uv": [15, 15, 16, 16], "texture": "#1"},
				"west": {"uv": [16, 15, 15, 16], "texture": "#1"},
				"up": {"uv": [0, 16, 7, 9], "texture": "#1"},
				"down": {"uv": [0, 9, 7, 16], "texture": "#1"}
			}
		},
		{
			"from": [3.875, -0.15, 3.875],
			"to": [12.125, 8.1, 12.125],
			"rotation": {"angle": 0, "axis": "y", "origin": [0, 0, -1]},
			"faces": {
				"north": {"uv": [4, 8, 8, 12], "texture": "#0"},
				"east": {"uv": [4, 12, 8, 16], "texture": "#0"},
				"south": {"uv": [8, 8, 12, 12], "texture": "#0"},
				"west": {"uv": [8, 12, 12, 16], "texture": "#0"},
				"up": {"uv": [16, 0.5, 15.5, 0], "texture": "#0"},
				"down": {"uv": [16, 0, 15.5, 0.5], "texture": "#0"}
			}
		},
		{
			"from": [4, 0, 4],
			"to": [12, 8, 12],
			"rotation": {"angle": 0, "axis": "y", "origin": [0, 0, -1]},
			"faces": {
				"north": {"uv": [0, 0, 4, 4], "texture": "#0"},
				"east": {"uv": [0, 4, 4, 8], "texture": "#0"},
				"south": {"uv": [4, 0, 8, 4], "texture": "#0"},
				"west": {"uv": [4, 4, 8, 8], "texture": "#0"},
				"up": {"uv": [4, 12, 0, 8], "texture": "#0"},
				"down": {"uv": [12, 0, 8, 4], "texture": "#0"}
			}
		},
		{
			"from": [4.125, 0.005, 4.125],
			"to": [11.875, 7.955, 11.875],
			"rotation": {"angle": 0, "axis": "y", "origin": [0, 0, -1]},
			"faces": {
				"north": {"uv": [12, 12, 16, 16], "texture": "#0"},
				"east": {"uv": [0, 12, 2, 14], "texture": "#0"},
				"south": {"uv": [0, 12, 2, 14], "texture": "#0"},
				"west": {"uv": [2, 12, 0, 14], "texture": "#0"},
				"up": {"uv": [2, 14, 0, 12], "texture": "#0"},
				"down": {"uv": [2, 12, 0, 14], "texture": "#0"}
			}
		},
		{
			"from": [5, 3, 4.25],
			"to": [11, 5, 4],
			"rotation": {"angle": 0, "axis": "y", "origin": [0, 0, -1]},
			"faces": {
				"north": {"uv": [0.5, 14.5, 3.5, 15.5], "texture": "#0"},
				"east": {"uv": [0, 14.5, 0.5, 15.5], "texture": "#0"},
				"south": {"uv": [15.5, 0, 16, 0.5], "texture": "#0"},
				"west": {"uv": [3.5, 14.5, 4, 15.5], "texture": "#0"},
				"up": {"uv": [3.5, 14.5, 0.5, 14], "texture": "#0"},
				"down": {"uv": [3.5, 15.5, 0.5, 16], "texture": "#0"}
			}
		},
		{
			"from": [4, 0, 3],
			"to": [12, 0, 6],
			"rotation": {"angle": -22.5, "axis": "x", "origin": [8, 0, 6]},
			"faces": {
				"north": {"uv": [15.5, 0, 16, 0.5], "texture": "#0"},
				"east": {"uv": [15.5, 0, 16, 0.5], "texture": "#0"},
				"south": {"uv": [15.5, 0, 16, 0.5], "texture": "#0"},
				"west": {"uv": [16, 0, 15.5, 0.5], "texture": "#0"},
				"up": {"uv": [16, 4, 12, 2.5], "texture": "#0"},
				"down": {"uv": [12, 4, 16, 2.5], "texture": "#0"}
			}
		},
		{
			"from": [4, 0, 10],
			"to": [12, 0, 13],
			"rotation": {"angle": 22.5, "axis": "x", "origin": [8, 0, 10]},
			"faces": {
				"north": {"uv": [12, 2.5, 16, 2.5], "texture": "#0"},
				"east": {"uv": [12, 2.5, 13.5, 2.5], "texture": "#0"},
				"south": {"uv": [12, 2.5, 16, 2.5], "texture": "#0"},
				"west": {"uv": [12, 2.5, 13.5, 2.5], "texture": "#0"},
				"up": {"uv": [12, 2.5, 16, 4], "texture": "#0"},
				"down": {"uv": [12, 4, 16, 2.5], "texture": "#0"}
			}
		}
	],
	"display": {
		"thirdperson_righthand": {
			"translation": [-6, 7, 0]
		},
		"thirdperson_lefthand": {
			"rotation": [0, 180, 0],
			"translation": [-6, 7, 1]
		},
		"firstperson_righthand": {
			"translation": [-2, 4, 2.5],
			"scale": [0.5, 0.5, 0.5]
		},
		"firstperson_lefthand": {
			"rotation": [-15, 180, 0],
			"translation": [-2.75, 6.75, 3.25],
			"scale": [0.5, 0.5, 0.5]
		},
		"ground": {
			"translation": [0, 5, 0],
			"scale": [0.75, 0.75, 0.75]
		},
		"gui": {
			"rotation": [45, -135, 0],
			"translation": [0, 1, 0],
			"scale": [0.85, 0.85, 0.85]
		},
		"head": {
			"translation": [0, 9, 0],
			"scale": [1.95, 1.95, 1.95]
		},
		"fixed": {
			"rotation": [-90, 0, 0],
			"translation": [0, -2, -16],
			"scale": [2.01, 2.01, 2.01]
		}
	},
	"groups": [
		{
			"name": "group",
			"origin": [8, 10, 8],
			"color": 0,
			"children": [0, 1, 2, 3, 4]
		},
		5,
		6,
		7,
		8,
		{
			"name": "group",
			"origin": [6, 0, 9],
			"color": 0,
			"children": [9, 10]
		}
	]
}