{
	"credit": "Сделано Веббером специально для MoreDeco https://modrinth.com/resourcepack/moredeco mc _Webber_3",
	"textures": {
		"0": "item/carved_pumpkin/halloween/tblkba",
		"particle": "item/carved_pumpkin/halloween/tblkba"
	},
	"elements": [
		{
			"from": [3, 0, 3],
			"to": [13, 10, 13],
			"faces": {
				"north": {"uv": [2.05128, 2.05128, 4.10256, 4.10256], "texture": "#0"},
				"east": {"uv": [0, 2.05128, 2.05128, 4.10256], "texture": "#0"},
				"south": {"uv": [6.15385, 2.05128, 8.20513, 4.10256], "texture": "#0"},
				"west": {"uv": [4.10256, 2.05128, 6.15385, 4.10256], "texture": "#0"},
				"up": {"uv": [2.05128, 2.05128, 4.10256, 0], "texture": "#0"},
				"down": {"uv": [4.10256, 0, 6.15385, 2.05128], "texture": "#0"}
			}
		},
		{
			"from": [8, 10, 7],
			"to": [8, 12, 9],
			"faces": {
				"north": {"uv": [6.97436, 1.64103, 7.38462, 2.05128], "texture": "#0"},
				"east": {"uv": [7.38462, 1.64103, 6.97436, 2.05128], "texture": "#0"},
				"south": {"uv": [6.97436, 1.64103, 7.38462, 2.05128], "texture": "#0"},
				"west": {"uv": [6.97436, 1.64103, 7.38462, 2.05128], "texture": "#0"},
				"up": {"uv": [6.97436, 1.64103, 7.38462, 2.05128], "texture": "#0"},
				"down": {"uv": [6.97436, 1.64103, 7.38462, 2.05128], "texture": "#0"}
			}
		}
	],
	"display": {
		"thirdperson_righthand": {
			"translation": [-2.5, 4, 0],
			"scale": [0.5, 0.5, 0.5]
		},
		"thirdperson_lefthand": {
			"rotation": [0, 180, 0],
			"translation": [-2.5, 4, 0],
			"scale": [0.5, 0.5, 0.5]
		},
		"firstperson_righthand": {
			"translation": [2.5, 0, 0]
		},
		"firstperson_lefthand": {
			"rotation": [-10, 139, 5],
			"translation": [-3, 6, 4.5],
			"scale": [0.25, 0.25, 0.25]
		},
		"ground": {
			"translation": [0, 2, 0],
			"scale": [0.5, 0.5, 0.5]
		},
		"gui": {
			"rotation": [30, -145, 0],
			"translation": [0, 2.5, 0]
		},
		"head": {
			"translation": [0, 6, 0],
			"scale": [1.6, 1.6, 1.6]
		},
		"fixed": {
			"rotation": [-90, 0, 0],
			"translation": [0, 0, -16],
			"scale": [2, 2, 2]
		}
	}
}