{
	"credit": "Сделано Веббером специально для MoreDeco https://modrinth.com/resourcepack/moredeco mc _Webber_3",
	"textures": {
		"1": "item/carved_pumpkin/cylinder/cylinder_steampunk"
	},
	"elements": [
		{
			"from": [9, 1, 3],
			"to": [12, 4, 4],
			"faces": {
				"north": {"uv": [13.33334, 1, 14.33333, 2], "texture": "#1"},
				"east": {"uv": [13, 1, 13.33334, 2], "texture": "#1"},
				"south": {"uv": [13.33333, 13.33334, 16, 16], "texture": "#1"},
				"west": {"uv": [14.33333, 1, 14.66667, 2], "texture": "#1"},
				"up": {"uv": [13.33333, 1, 14.33333, 0.66667], "texture": "#1"},
				"down": {"uv": [13.33333, 13.33333, 16, 16], "texture": "#1"}
			}
		},
		{
			"from": [4, 1, 3],
			"to": [7, 4, 4],
			"faces": {
				"north": {"uv": [13.33334, 1, 14.33333, 2], "texture": "#1"},
				"east": {"uv": [13, 1, 13.33334, 2], "texture": "#1"},
				"south": {"uv": [13.33333, 13.33334, 16, 16], "texture": "#1"},
				"west": {"uv": [14.33333, 1, 14.66667, 2], "texture": "#1"},
				"up": {"uv": [13.33333, 1, 14.33333, 0.66667], "texture": "#1"},
				"down": {"uv": [13.33333, 13.33333, 16, 16], "texture": "#1"}
			}
		},
		{
			"from": [4, 1, 4],
			"to": [12, 9, 12],
			"faces": {
				"north": {"uv": [2.66667, 2.66667, 5.33333, 5.33333], "texture": "#1"},
				"east": {"uv": [0, 2.66667, 2.66667, 5.33333], "texture": "#1"},
				"south": {"uv": [8, 2.66667, 10.66667, 5.33333], "texture": "#1"},
				"west": {"uv": [5.33333, 2.66667, 8, 5.33333], "texture": "#1"},
				"up": {"uv": [2.66667, 2.66667, 5.33333, 0], "texture": "#1"},
				"down": {"uv": [5.33333, 0, 8, 2.66667], "texture": "#1"}
			}
		},
		{
			"from": [2, 0, 2],
			"to": [14, 1, 14],
			"faces": {
				"north": {"uv": [4, 9.66667, 8, 10], "texture": "#1"},
				"east": {"uv": [0, 9.66667, 4, 10], "texture": "#1"},
				"south": {"uv": [12, 9.66667, 16, 10], "texture": "#1"},
				"west": {"uv": [8, 9.66667, 12, 10], "texture": "#1"},
				"up": {"uv": [4, 9.66667, 8, 5.66667], "texture": "#1"},
				"down": {"uv": [8, 5.66667, 12, 9.66667], "texture": "#1"}
			}
		}
	],
	"display": {
		"thirdperson_righthand": {
			"translation": [-2.75, 6.25, 0],
			"scale": [0.75, 0.75, 0.75]
		},
		"thirdperson_lefthand": {
			"translation": [-2.75, 6.25, 0],
			"scale": [0.75, 0.75, 0.75]
		},
		"firstperson_righthand": {
			"translation": [1.75, 3, 0],
			"scale": [0.75, 0.75, 0.75]
		},
		"firstperson_lefthand": {
			"rotation": [0, 180, 0],
			"translation": [1.75, 3, 0],
			"scale": [0.75, 0.75, 0.75]
		},
		"ground": {
			"translation": [0, 3, 0],
			"scale": [0.75, 0.75, 0.75]
		},
		"gui": {
			"rotation": [45, -135, 0],
			"translation": [0, 3, 0],
			"scale": [0.9, 0.9, 0.9]
		},
		"head": {
			"translation": [0, 18, 0],
			"scale": [1.65, 1.65, 1.65]
		},
		"fixed": {
			"rotation": [-90, 0, 0],
			"translation": [0, 0, -16],
			"scale": [2, 2, 2]
		}
	}
}