{
	"credit": "Сделано Веббером специально для MoreDeco https://modrinth.com/resourcepack/moredeco mc _Webber_3",
	"textures": {
		"2": "item/iron_ingot/figurines/cherry_copper"
	},
	"elements": [
		{
			"from": [6, 0, 6],
			"to": [11, 1, 11],
			"faces": {
				"north": {"uv": [11, 0, 16, 1], "texture": "#2"},
				"east": {"uv": [11, 0, 16, 1], "texture": "#2"},
				"south": {"uv": [11, 0, 16, 1], "texture": "#2"},
				"west": {"uv": [11, 0, 16, 1], "texture": "#2"},
				"up": {"uv": [16, 16, 11, 11], "texture": "#2"},
				"down": {"uv": [16, 11, 11, 16], "texture": "#2"}
			}
		},
		{
			"from": [10, 0, 5],
			"to": [12, 0, 7],
			"faces": {
				"north": {"uv": [11, 0, 16, 1], "texture": "#2"},
				"east": {"uv": [11, 0, 16, 1], "texture": "#2"},
				"south": {"uv": [11, 0, 16, 1], "texture": "#2"},
				"west": {"uv": [11, 0, 16, 1], "texture": "#2"},
				"up": {"uv": [12, 16, 11, 15], "texture": "#2"},
				"down": {"uv": [12, 15, 11, 16], "texture": "#2"}
			}
		},
		{
			"from": [5, 0, 5],
			"to": [7, 0, 7],
			"faces": {
				"north": {"uv": [11, 0, 16, 1], "texture": "#2"},
				"east": {"uv": [11, 0, 16, 1], "texture": "#2"},
				"south": {"uv": [11, 0, 16, 1], "texture": "#2"},
				"west": {"uv": [11, 0, 16, 1], "texture": "#2"},
				"up": {"uv": [12, 16, 11, 15], "texture": "#2"},
				"down": {"uv": [12, 15, 11, 16], "texture": "#2"}
			}
		},
		{
			"from": [5, 0, 10],
			"to": [7, 0, 12],
			"faces": {
				"north": {"uv": [11, 0, 16, 1], "texture": "#2"},
				"east": {"uv": [11, 0, 16, 1], "texture": "#2"},
				"south": {"uv": [11, 0, 16, 1], "texture": "#2"},
				"west": {"uv": [11, 0, 16, 1], "texture": "#2"},
				"up": {"uv": [12, 16, 11, 15], "texture": "#2"},
				"down": {"uv": [12, 15, 11, 16], "texture": "#2"}
			}
		},
		{
			"from": [10, 0, 10],
			"to": [12, 0, 12],
			"faces": {
				"north": {"uv": [11, 0, 16, 1], "texture": "#2"},
				"east": {"uv": [11, 0, 16, 1], "texture": "#2"},
				"south": {"uv": [11, 0, 16, 1], "texture": "#2"},
				"west": {"uv": [11, 0, 16, 1], "texture": "#2"},
				"up": {"uv": [12, 16, 11, 15], "texture": "#2"},
				"down": {"uv": [12, 15, 11, 16], "texture": "#2"}
			}
		},
		{
			"from": [7, 1, 7.5],
			"to": [10, 4, 9.5],
			"faces": {
				"north": {"uv": [9, 13, 6, 16], "texture": "#2"},
				"east": {"uv": [8, 13, 9, 16], "texture": "#2"},
				"south": {"uv": [6, 13, 9, 16], "texture": "#2"},
				"west": {"uv": [6, 13, 8, 16], "texture": "#2"},
				"up": {"uv": [6, 13, 9, 15], "texture": "#2"},
				"down": {"uv": [6, 13, 9, 15], "texture": "#2"}
			}
		},
		{
			"from": [6, 3, 7.5],
			"to": [9, 5, 9.5],
			"faces": {
				"north": {"uv": [8, 12, 5, 14], "texture": "#2"},
				"east": {"uv": [7, 12, 8, 14], "texture": "#2"},
				"south": {"uv": [5, 12, 8, 14], "texture": "#2"},
				"west": {"uv": [5, 12, 6, 14], "texture": "#2"},
				"up": {"uv": [5, 12, 8, 13], "texture": "#2"},
				"down": {"uv": [5, 12, 8, 14], "texture": "#2"}
			}
		},
		{
			"from": [5, 5, 7.5],
			"to": [8, 6, 9.5],
			"faces": {
				"north": {"uv": [4, 11, 7, 12], "texture": "#2"},
				"east": {"uv": [4, 11, 7, 12], "texture": "#2"},
				"south": {"uv": [4, 11, 7, 12], "texture": "#2"},
				"west": {"uv": [4, 11, 7, 12], "texture": "#2"},
				"up": {"uv": [4, 11, 7, 12], "texture": "#2"},
				"down": {"uv": [4, 11, 7, 12], "texture": "#2"}
			}
		},
		{
			"from": [5, 6, 7.5],
			"to": [11, 8, 9.5],
			"faces": {
				"north": {"uv": [10, 9, 4, 11], "texture": "#2"},
				"east": {"uv": [9, 9, 10, 11], "texture": "#2"},
				"south": {"uv": [4, 9, 10, 11], "texture": "#2"},
				"west": {"uv": [4, 9, 5, 11], "texture": "#2"},
				"up": {"uv": [4, 9, 10, 10], "texture": "#2"},
				"down": {"uv": [4, 10, 10, 11], "texture": "#2"}
			}
		},
		{
			"from": [3, 7, 7.5],
			"to": [6, 9, 9.5],
			"faces": {
				"north": {"uv": [5, 8, 2, 10], "texture": "#2"},
				"east": {"uv": [4, 8, 5, 10], "texture": "#2"},
				"south": {"uv": [2, 8, 5, 10], "texture": "#2"},
				"west": {"uv": [2, 8, 3, 10], "texture": "#2"},
				"up": {"uv": [4, 8, 5, 9], "texture": "#2"},
				"down": {"uv": [2, 8, 5, 10], "texture": "#2"}
			}
		},
		{
			"from": [3, 9, 7.5],
			"to": [5, 10, 9.5],
			"faces": {
				"north": {"uv": [4, 7, 2, 8], "texture": "#2"},
				"east": {"uv": [3, 7, 4, 8], "texture": "#2"},
				"south": {"uv": [2, 7, 4, 8], "texture": "#2"},
				"west": {"uv": [2, 7, 3, 8], "texture": "#2"},
				"up": {"uv": [2, 7, 4, 9], "texture": "#2"},
				"down": {"uv": [2, 7, 4, 9], "texture": "#2"}
			}
		},
		{
			"from": [4, 10, 7.5],
			"to": [7, 11, 9.5],
			"faces": {
				"north": {"uv": [6, 6, 3, 7], "texture": "#2"},
				"east": {"uv": [4, 6, 5, 7], "texture": "#2"},
				"south": {"uv": [3, 6, 6, 7], "texture": "#2"},
				"west": {"uv": [3, 6, 4, 7], "texture": "#2"},
				"up": {"uv": [3, 6, 6, 7], "texture": "#2"},
				"down": {"uv": [3, 6, 6, 7], "texture": "#2"}
			}
		},
		{
			"from": [10, 7, 7.5],
			"to": [13, 8, 9.5],
			"faces": {
				"north": {"uv": [12, 9, 9, 10], "texture": "#2"},
				"east": {"uv": [11, 9, 12, 10], "texture": "#2"},
				"south": {"uv": [9, 9, 12, 10], "texture": "#2"},
				"west": {"uv": [9, 9, 11, 10], "texture": "#2"},
				"up": {"uv": [9, 9, 12, 10], "texture": "#2"},
				"down": {"uv": [9, 9, 12, 10], "texture": "#2"}
			}
		},
		{
			"from": [12, 8, 7.5],
			"to": [14, 9, 9.5],
			"faces": {
				"north": {"uv": [13, 8, 11, 9], "texture": "#2"},
				"east": {"uv": [13, 8, 12, 9], "texture": "#2"},
				"south": {"uv": [11, 8, 13, 9], "texture": "#2"},
				"west": {"uv": [11, 8, 12, 9], "texture": "#2"},
				"up": {"uv": [11, 8, 13, 9], "texture": "#2"},
				"down": {"uv": [13, 8, 12, 9], "texture": "#2"}
			}
		},
		{
			"from": [14, 9, 7.5],
			"to": [15, 10, 9.5],
			"faces": {
				"north": {"uv": [13, 7, 14, 8], "texture": "#2"},
				"east": {"uv": [13, 7, 14, 8], "texture": "#2"},
				"south": {"uv": [13, 7, 14, 8], "texture": "#2"},
				"west": {"uv": [13, 7, 14, 8], "texture": "#2"},
				"up": {"uv": [13, 7, 14, 8], "texture": "#2"},
				"down": {"uv": [13, 7, 14, 8], "texture": "#2"}
			}
		},
		{
			"from": [8, 8, 7.5],
			"to": [9, 9, 9.5],
			"faces": {
				"north": {"uv": [7, 8, 8, 9], "texture": "#2"},
				"east": {"uv": [7, 8, 8, 9], "texture": "#2"},
				"south": {"uv": [7, 8, 8, 9], "texture": "#2"},
				"west": {"uv": [7, 8, 8, 9], "texture": "#2"},
				"up": {"uv": [7, 8, 8, 9], "texture": "#2"},
				"down": {"uv": [7, 8, 8, 10], "texture": "#2"}
			}
		},
		{
			"from": [6, 11, 7.5],
			"to": [7, 12, 9.5],
			"faces": {
				"north": {"uv": [5, 5, 6, 6], "texture": "#2"},
				"east": {"uv": [5, 5, 6, 6], "texture": "#2"},
				"south": {"uv": [5, 5, 6, 6], "texture": "#2"},
				"west": {"uv": [5, 5, 6, 6], "texture": "#2"},
				"up": {"uv": [5, 5, 6, 7], "texture": "#2"},
				"down": {"uv": [5, 5, 6, 7], "texture": "#2"}
			}
		},
		{
			"from": [9, 10, 7.5],
			"to": [10, 11, 9.5],
			"faces": {
				"north": {"uv": [8, 6, 9, 7], "texture": "#2"},
				"east": {"uv": [8, 6, 9, 7], "texture": "#2"},
				"south": {"uv": [8, 6, 9, 7], "texture": "#2"},
				"west": {"uv": [8, 6, 9, 7], "texture": "#2"},
				"up": {"uv": [8, 6, 9, 7], "texture": "#2"},
				"down": {"uv": [8, 6, 9, 7], "texture": "#2"}
			}
		},
		{
			"from": [11, 11, 7.5],
			"to": [13, 12, 9.5],
			"faces": {
				"north": {"uv": [12, 5, 10, 6], "texture": "#2"},
				"east": {"uv": [10, 5, 12, 6], "texture": "#2"},
				"south": {"uv": [10, 5, 12, 6], "texture": "#2"},
				"west": {"uv": [10, 5, 11, 6], "texture": "#2"},
				"up": {"uv": [10, 5, 12, 6], "texture": "#2"},
				"down": {"uv": [10, 5, 12, 6], "texture": "#2"}
			}
		},
		{
			"from": [13, 12, 7.5],
			"to": [14, 14, 9.5],
			"faces": {
				"north": {"uv": [12, 3, 13, 5], "texture": "#2"},
				"east": {"uv": [12, 3, 13, 5], "texture": "#2"},
				"south": {"uv": [12, 3, 13, 5], "texture": "#2"},
				"west": {"uv": [12, 3, 13, 5], "texture": "#2"},
				"up": {"uv": [12, 3, 13, 5], "texture": "#2"},
				"down": {"uv": [12, 3, 13, 5], "texture": "#2"}
			}
		},
		{
			"from": [3, 11, 7.625],
			"to": [9, 14, 9.375],
			"faces": {
				"north": {"uv": [8, 3, 2, 6], "texture": "#2"},
				"east": {"uv": [7, 3, 8, 6], "texture": "#2"},
				"south": {"uv": [2, 3, 8, 6], "texture": "#2"},
				"west": {"uv": [3, 3, 4, 6], "texture": "#2"},
				"up": {"uv": [2, 3, 8, 3.75], "texture": "#2"},
				"down": {"uv": [8, 3, 2, 4.75], "texture": "#2"}
			}
		},
		{
			"from": [1, 9, 7.625],
			"to": [7, 11, 9.375],
			"faces": {
				"north": {"uv": [6, 6, 0, 8], "texture": "#2"},
				"east": {"uv": [5, 6, 6, 8], "texture": "#2"},
				"south": {"uv": [0, 6, 6, 8], "texture": "#2"},
				"west": {"uv": [0, 6, 1.75, 8], "texture": "#2"},
				"up": {"uv": [0, 6, 6, 6.75], "texture": "#2"},
				"down": {"uv": [0, 6, 6, 6.75], "texture": "#2"}
			}
		},
		{
			"from": [2, 11, 7.625],
			"to": [3, 12, 9.375],
			"faces": {
				"north": {"uv": [1, 5, 2, 6], "texture": "#2"},
				"east": {"uv": [1, 5, 1.15, 6], "texture": "#2"},
				"south": {"uv": [1, 5, 2, 6], "texture": "#2"},
				"west": {"uv": [1, 5, 1.15, 6], "texture": "#2"},
				"up": {"uv": [1, 5, 2, 5.58333], "texture": "#2"},
				"down": {"uv": [1, 5, 2, 5.58333], "texture": "#2"}
			}
		},
		{
			"from": [2, 14, 7.625],
			"to": [3, 15, 9.375],
			"faces": {
				"north": {"uv": [1, 2, 2, 3], "texture": "#2"},
				"east": {"uv": [2, 2, 1, 3], "texture": "#2"},
				"south": {"uv": [1, 2, 2, 3], "texture": "#2"},
				"west": {"uv": [2, 2, 1, 3], "texture": "#2"},
				"up": {"uv": [1, 3, 2, 2.75], "texture": "#2"},
				"down": {"uv": [1, 3, 2, 2.75], "texture": "#2"}
			}
		},
		{
			"from": [6, 14, 7.625],
			"to": [7, 15, 9.375],
			"faces": {
				"north": {"uv": [5, 2, 6, 3], "texture": "#2"},
				"east": {"uv": [6, 2, 5.75, 3], "texture": "#2"},
				"south": {"uv": [5, 2, 6, 3], "texture": "#2"},
				"west": {"uv": [6, 2, 5.75, 3], "texture": "#2"},
				"up": {"uv": [5, 3, 6, 2.75], "texture": "#2"},
				"down": {"uv": [5, 3, 6, 2.75], "texture": "#2"}
			}
		},
		{
			"from": [7, 10, 7.625],
			"to": [8, 11, 9.375],
			"faces": {
				"north": {"uv": [6, 6, 7, 7], "texture": "#2"},
				"east": {"uv": [6, 6, 7, 7], "texture": "#2"},
				"south": {"uv": [6, 6, 7, 7], "texture": "#2"},
				"west": {"uv": [6, 6, 7, 7], "texture": "#2"},
				"up": {"uv": [6, 6, 7, 7], "texture": "#2"},
				"down": {"uv": [6, 6, 7, 7], "texture": "#2"}
			}
		},
		{
			"from": [6, 8, 7.625],
			"to": [7, 9, 9.375],
			"faces": {
				"north": {"uv": [5, 8, 6, 9], "texture": "#2"},
				"east": {"uv": [5, 8, 6, 9], "texture": "#2"},
				"south": {"uv": [5, 8, 6, 9], "texture": "#2"},
				"west": {"uv": [5, 8, 6, 9], "texture": "#2"},
				"up": {"uv": [5, 8, 6, 9], "texture": "#2"},
				"down": {"uv": [5, 8, 6, 9], "texture": "#2"}
			}
		},
		{
			"from": [8, 14, 7.625],
			"to": [10, 15, 9.375],
			"faces": {
				"north": {"uv": [7, 2, 9, 3], "texture": "#2"},
				"east": {"uv": [9, 2, 7.75, 3], "texture": "#2"},
				"south": {"uv": [7, 2, 9, 3], "texture": "#2"},
				"west": {"uv": [9, 2, 7.75, 3], "texture": "#2"},
				"up": {"uv": [7, 3, 9, 2.75], "texture": "#2"},
				"down": {"uv": [7, 3, 9, 2.75], "texture": "#2"}
			}
		},
		{
			"from": [3, 4, 7.625],
			"to": [6, 7, 9.375],
			"faces": {
				"north": {"uv": [5, 10, 2, 13], "texture": "#2"},
				"east": {"uv": [2, 10, 5, 13], "texture": "#2"},
				"south": {"uv": [2, 10, 5, 13], "texture": "#2"},
				"west": {"uv": [2, 10, 3, 13], "texture": "#2"},
				"up": {"uv": [2, 10, 5, 13], "texture": "#2"},
				"down": {"uv": [2, 12, 5, 13], "texture": "#2"}
			}
		},
		{
			"from": [4, 3, 7.625],
			"to": [5, 4, 9.375],
			"faces": {
				"north": {"uv": [3, 13, 4, 14], "texture": "#2"},
				"east": {"uv": [3, 13, 4, 14], "texture": "#2"},
				"south": {"uv": [3, 13, 4, 14], "texture": "#2"},
				"west": {"uv": [3, 13, 4, 14], "texture": "#2"},
				"up": {"uv": [3, 13, 4, 14], "texture": "#2"},
				"down": {"uv": [3, 13, 4, 14], "texture": "#2"}
			}
		},
		{
			"from": [2, 8, 7.625],
			"to": [3, 9, 9.375],
			"faces": {
				"north": {"uv": [1, 8, 2, 9], "texture": "#2"},
				"east": {"uv": [1, 8, 2, 9], "texture": "#2"},
				"south": {"uv": [1, 8, 2, 9], "texture": "#2"},
				"west": {"uv": [1, 8, 2, 9], "texture": "#2"},
				"up": {"uv": [1, 8, 2, 9], "texture": "#2"},
				"down": {"uv": [1, 8, 2, 9], "texture": "#2"}
			}
		},
		{
			"from": [2, 6, 7.625],
			"to": [3, 7, 9.375],
			"faces": {
				"north": {"uv": [1, 10, 2, 11], "texture": "#2"},
				"east": {"uv": [1, 10, 2, 11], "texture": "#2"},
				"south": {"uv": [1, 10, 2, 11], "texture": "#2"},
				"west": {"uv": [1, 10, 2, 11], "texture": "#2"},
				"up": {"uv": [1, 10, 2, 11], "texture": "#2"},
				"down": {"uv": [1, 10, 2, 11], "texture": "#2"}
			}
		},
		{
			"from": [10, 5, 7.625],
			"to": [12, 7, 9.375],
			"faces": {
				"north": {"uv": [11, 10, 9, 12], "texture": "#2"},
				"east": {"uv": [10, 10, 11, 12], "texture": "#2"},
				"south": {"uv": [9, 10, 11, 12], "texture": "#2"},
				"west": {"uv": [9, 10, 11, 12], "texture": "#2"},
				"up": {"uv": [9, 10, 11, 12], "texture": "#2"},
				"down": {"uv": [9, 11, 11, 12], "texture": "#2"}
			}
		},
		{
			"from": [8, 5, 7.625],
			"to": [9, 6, 9.375],
			"faces": {
				"north": {"uv": [8, 11, 7, 12], "texture": "#2"},
				"east": {"uv": [8, 11, 7, 12], "texture": "#2"},
				"south": {"uv": [7, 11, 8, 12], "texture": "#2"},
				"west": {"uv": [7, 11, 8, 12], "texture": "#2"},
				"up": {"uv": [7, 11, 8, 12], "texture": "#2"},
				"down": {"uv": [7, 12, 8, 12], "texture": "#2"}
			}
		},
		{
			"from": [9, 8, 7.625],
			"to": [11, 10, 9.375],
			"faces": {
				"north": {"uv": [10, 7, 8, 9], "texture": "#2"},
				"east": {"uv": [9, 7, 10, 9], "texture": "#2"},
				"south": {"uv": [8, 7, 10, 9], "texture": "#2"},
				"west": {"uv": [8, 7, 10, 9], "texture": "#2"},
				"up": {"uv": [8, 7, 10, 9], "texture": "#2"},
				"down": {"uv": [8, 7, 10, 9], "texture": "#2"}
			}
		},
		{
			"from": [10, 9, 7.625],
			"to": [12, 11, 9.375],
			"faces": {
				"north": {"uv": [9, 6, 11, 8], "texture": "#2"},
				"east": {"uv": [9, 6, 11, 8], "texture": "#2"},
				"south": {"uv": [9, 6, 11, 8], "texture": "#2"},
				"west": {"uv": [9, 6, 11, 8], "texture": "#2"},
				"up": {"uv": [9, 6, 11, 8], "texture": "#2"},
				"down": {"uv": [9, 6, 11, 8], "texture": "#2"}
			}
		},
		{
			"from": [11, 13, 7.625],
			"to": [13, 15, 9.375],
			"faces": {
				"north": {"uv": [10, 2, 12, 4], "texture": "#2"},
				"east": {"uv": [12, 2, 10.75, 4], "texture": "#2"},
				"south": {"uv": [10, 2, 12, 4], "texture": "#2"},
				"west": {"uv": [12, 2, 10.75, 4], "texture": "#2"},
				"up": {"uv": [10, 2, 12, 2.75], "texture": "#2"},
				"down": {"uv": [10, 2, 12, 2.75], "texture": "#2"}
			}
		},
		{
			"from": [12, 11, 7.625],
			"to": [16, 13, 9.375],
			"faces": {
				"north": {"uv": [15, 4, 11, 6], "texture": "#2"},
				"east": {"uv": [14, 4, 15, 6], "texture": "#2"},
				"south": {"uv": [11, 4, 15, 6], "texture": "#2"},
				"west": {"uv": [14, 4, 15, 6], "texture": "#2"},
				"up": {"uv": [11, 4, 15, 4.75], "texture": "#2"},
				"down": {"uv": [11, 4, 15, 4.75], "texture": "#2"}
			}
		},
		{
			"from": [13, 7, 7.625],
			"to": [16, 9, 9.375],
			"faces": {
				"north": {"uv": [15, 8, 12, 10], "texture": "#2"},
				"east": {"uv": [14, 8, 15, 10], "texture": "#2"},
				"south": {"uv": [12, 8, 15, 10], "texture": "#2"},
				"west": {"uv": [12, 8, 15, 10], "texture": "#2"},
				"up": {"uv": [12, 8, 15, 10], "texture": "#2"},
				"down": {"uv": [12, 9, 15, 10], "texture": "#2"}
			}
		},
		{
			"from": [12, 10, 7.625],
			"to": [15, 11, 9.375],
			"faces": {
				"north": {"uv": [11, 6, 14, 7], "texture": "#2"},
				"east": {"uv": [13, 6, 14, 7], "texture": "#2"},
				"south": {"uv": [11, 6, 14, 7], "texture": "#2"},
				"west": {"uv": [13, 6, 14, 7], "texture": "#2"},
				"up": {"uv": [11, 6, 14, 7], "texture": "#2"},
				"down": {"uv": [11, 6, 14, 7], "texture": "#2"}
			}
		},
		{
			"from": [13, 9, 7.625],
			"to": [14, 10, 9.375],
			"faces": {
				"north": {"uv": [12, 7, 13, 8], "texture": "#2"},
				"east": {"uv": [12, 7, 13, 8], "texture": "#2"},
				"south": {"uv": [12, 7, 13, 8], "texture": "#2"},
				"west": {"uv": [12, 7, 13, 8], "texture": "#2"},
				"up": {"uv": [12, 7, 13, 8], "texture": "#2"},
				"down": {"uv": [12, 7, 13, 8], "texture": "#2"}
			}
		},
		{
			"from": [14, 14, 7.625],
			"to": [15, 15, 9.375],
			"faces": {
				"north": {"uv": [13, 2, 14, 3], "texture": "#2"},
				"east": {"uv": [13, 2, 14, 3], "texture": "#2"},
				"south": {"uv": [13, 2, 14, 3], "texture": "#2"},
				"west": {"uv": [13, 2, 14, 3], "texture": "#2"},
				"up": {"uv": [13, 2, 14, 3], "texture": "#2"},
				"down": {"uv": [13, 2, 14, 3], "texture": "#2"}
			}
		}
	],
	"display": {
		"thirdperson_righthand": {
			"rotation": [0, 90, 0],
			"translation": [-1, 2.5, 0],
			"scale": [0.75, 0.75, 0.75]
		},
		"thirdperson_lefthand": {
			"rotation": [0, 90, 0],
			"translation": [-1, 2.5, 0],
			"scale": [0.75, 0.75, 0.75]
		},
		"firstperson_righthand": {
			"rotation": [0, 90, 0],
			"translation": [-1, 2.5, 0],
			"scale": [0.75, 0.75, 0.75]
		},
		"firstperson_lefthand": {
			"rotation": [0, 90, 0],
			"translation": [-1, 2.5, 0],
			"scale": [0.75, 0.75, 0.75]
		},
		"ground": {
			"translation": [0, 5, 0]
		},
		"gui": {
			"rotation": [35, 40, 0],
			"translation": [0, 0.25, 0],
			"scale": [0.85, 0.85, 0.85]
		},
		"head": {
			"translation": [0, 15, 0]
		},
		"fixed": {
			"rotation": [-90, 0, 0],
			"translation": [0, 0, -16.1],
			"scale": [2, 2, 2]
		}
	},
	"groups": [
		0,
		1,
		2,
		3,
		4,
		{
			"name": "group",
			"origin": [0, 0, 0],
			"color": 0,
			"children": [
				5,
				6,
				7,
				8,
				9,
				10,
				11,
				12,
				13,
				14,
				15,
				16,
				17,
				18,
				19,
				{
					"name": "group",
					"origin": [0, 0, 0],
					"color": 0,
					"children": [20, 21, 22, 23, 24, 25, 26, 27, 28, 29, 30, 31, 32, 33, 34, 35, 36, 37, 38, 39, 40, 41]
				}
			]
		}
	]
}