{
	"credit": "Сделано Веббером специально для MoreDeco https://modrinth.com/resourcepack/moredeco mc _Webber_3",
	"textures": {
		"0": "item/iron_ingot/figurines/block/texture",
		"1": "item/iron_ingot/figurines/cherry_sapling",
		"particle": "item/iron_ingot/figurines/block/texture"
	},
	"elements": [
		{
			"from": [6, 0, 6],
			"to": [11, 1, 11],
			"faces": {
				"north": {"uv": [11, 10, 16, 11], "texture": "#0"},
				"east": {"uv": [11, 10, 16, 11], "texture": "#0"},
				"south": {"uv": [11, 10, 16, 11], "texture": "#0"},
				"west": {"uv": [11, 10, 16, 11], "texture": "#0"},
				"up": {"uv": [16, 16, 11, 11], "texture": "#0"},
				"down": {"uv": [16, 11, 11, 16], "texture": "#0"}
			}
		},
		{
			"from": [7.5, 1, 7.5],
			"to": [9.5, 4, 9.5],
			"faces": {
				"north": {"uv": [9, 13, 7, 16], "texture": "#1"},
				"east": {"uv": [8, 13, 9, 16], "texture": "#1"},
				"south": {"uv": [7, 13, 9, 16], "texture": "#1"},
				"west": {"uv": [7, 13, 9, 16], "texture": "#1"},
				"up": {"uv": [7, 13, 9, 15], "texture": "#1"},
				"down": {"uv": [7, 13, 9, 15], "texture": "#1"}
			}
		},
		{
			"from": [6.5, 3, 7.5],
			"to": [8.5, 5, 9.5],
			"faces": {
				"north": {"uv": [8, 12, 6, 14], "texture": "#1"},
				"east": {"uv": [7, 12, 8, 14], "texture": "#1"},
				"south": {"uv": [6, 12, 8, 14], "texture": "#1"},
				"west": {"uv": [6, 12, 8, 14], "texture": "#1"},
				"up": {"uv": [6, 12, 8, 14], "texture": "#1"},
				"down": {"uv": [6, 12, 8, 14], "texture": "#1"}
			}
		},
		{
			"from": [5.5, 5, 7.5],
			"to": [7.5, 6, 9.5],
			"faces": {
				"north": {"uv": [5, 11, 7, 12], "texture": "#1"},
				"east": {"uv": [5, 11, 7, 12], "texture": "#1"},
				"south": {"uv": [5, 11, 7, 12], "texture": "#1"},
				"west": {"uv": [5, 11, 7, 12], "texture": "#1"},
				"up": {"uv": [5, 11, 7, 12], "texture": "#1"},
				"down": {"uv": [5, 11, 7, 12], "texture": "#1"}
			}
		},
		{
			"from": [5.5, 6, 7.5],
			"to": [10.5, 8, 9.5],
			"faces": {
				"north": {"uv": [9, 9, 4, 11], "texture": "#1"},
				"east": {"uv": [4, 9, 6, 11], "texture": "#1"},
				"south": {"uv": [4, 9, 9, 11], "texture": "#1"},
				"west": {"uv": [4, 9, 6, 11], "texture": "#1"},
				"up": {"uv": [4, 9, 9, 10], "texture": "#1"},
				"down": {"uv": [4, 9, 9, 11], "texture": "#1"}
			}
		},
		{
			"from": [3.5, 7, 7.5],
			"to": [6.5, 9, 9.5],
			"faces": {
				"north": {"uv": [5, 8, 2, 10], "texture": "#1"},
				"east": {"uv": [2, 8, 4, 10], "texture": "#1"},
				"south": {"uv": [2, 8, 5, 10], "texture": "#1"},
				"west": {"uv": [2, 8, 4, 10], "texture": "#1"},
				"up": {"uv": [2, 8, 5, 10], "texture": "#1"},
				"down": {"uv": [2, 8, 5, 10], "texture": "#1"}
			}
		},
		{
			"from": [3.5, 9, 7.5],
			"to": [5.5, 10, 9.5],
			"faces": {
				"north": {"uv": [4, 7, 2, 8], "texture": "#1"},
				"east": {"uv": [3, 7, 4, 8], "texture": "#1"},
				"south": {"uv": [2, 7, 4, 8], "texture": "#1"},
				"west": {"uv": [2, 7, 4, 8], "texture": "#1"},
				"up": {"uv": [2, 7, 4, 9], "texture": "#1"},
				"down": {"uv": [2, 7, 4, 9], "texture": "#1"}
			}
		},
		{
			"from": [4.5, 10, 7.5],
			"to": [7.5, 11, 9.5],
			"faces": {
				"north": {"uv": [3, 6, 6, 7], "texture": "#1"},
				"east": {"uv": [3, 6, 5, 7], "texture": "#1"},
				"south": {"uv": [3, 6, 6, 7], "texture": "#1"},
				"west": {"uv": [3, 6, 5, 7], "texture": "#1"},
				"up": {"uv": [3, 6, 6, 7], "texture": "#1"},
				"down": {"uv": [4, 11, 7, 12], "texture": "#1"}
			}
		},
		{
			"from": [10.5, 7, 7.5],
			"to": [13.5, 8, 9.5],
			"faces": {
				"north": {"uv": [12, 9, 9, 10], "texture": "#1"},
				"east": {"uv": [9, 9, 11, 10], "texture": "#1"},
				"south": {"uv": [9, 9, 12, 10], "texture": "#1"},
				"west": {"uv": [9, 9, 11, 10], "texture": "#1"},
				"up": {"uv": [9, 9, 12, 10], "texture": "#1"},
				"down": {"uv": [9, 9, 12, 10], "texture": "#1"}
			}
		},
		{
			"from": [12.5, 8, 7.5],
			"to": [14.5, 9, 9.5],
			"faces": {
				"north": {"uv": [13, 8, 11, 9], "texture": "#1"},
				"east": {"uv": [13, 8, 11, 9], "texture": "#1"},
				"south": {"uv": [11, 8, 13, 9], "texture": "#1"},
				"west": {"uv": [11, 8, 12, 9], "texture": "#1"},
				"up": {"uv": [11, 8, 13, 9], "texture": "#1"},
				"down": {"uv": [13, 8, 11, 9], "texture": "#1"}
			}
		},
		{
			"from": [14.5, 9, 7.5],
			"to": [15.5, 10, 9.5],
			"faces": {
				"north": {"uv": [13, 7, 14, 8], "texture": "#1"},
				"east": {"uv": [13, 7, 14, 8], "texture": "#1"},
				"south": {"uv": [13, 7, 14, 8], "texture": "#1"},
				"west": {"uv": [13, 7, 14, 8], "texture": "#1"},
				"up": {"uv": [13, 7, 14, 8], "texture": "#1"},
				"down": {"uv": [13, 7, 14, 8], "texture": "#1"}
			}
		},
		{
			"from": [8.5, 8, 7.5],
			"to": [9.5, 9, 9.5],
			"faces": {
				"north": {"uv": [7, 8, 8, 9], "texture": "#1"},
				"east": {"uv": [7, 8, 8, 9], "texture": "#1"},
				"south": {"uv": [7, 8, 8, 9], "texture": "#1"},
				"west": {"uv": [7, 8, 8, 9], "texture": "#1"},
				"up": {"uv": [7, 8, 8, 9], "texture": "#1"},
				"down": {"uv": [7, 8, 8, 10], "texture": "#1"}
			}
		},
		{
			"from": [6.5, 11, 7.5],
			"to": [7.5, 12, 9.5],
			"faces": {
				"north": {"uv": [5, 5, 6, 6], "texture": "#1"},
				"east": {"uv": [5, 5, 6, 6], "texture": "#1"},
				"south": {"uv": [5, 5, 6, 6], "texture": "#1"},
				"west": {"uv": [5, 5, 6, 6], "texture": "#1"},
				"up": {"uv": [5, 5, 6, 7], "texture": "#1"},
				"down": {"uv": [5, 5, 6, 7], "texture": "#1"}
			}
		},
		{
			"from": [9.5, 10, 7.5],
			"to": [10.5, 11, 9.5],
			"faces": {
				"north": {"uv": [8, 6, 9, 7], "texture": "#1"},
				"east": {"uv": [8, 6, 9, 7], "texture": "#1"},
				"south": {"uv": [8, 6, 9, 7], "texture": "#1"},
				"west": {"uv": [8, 6, 9, 7], "texture": "#1"},
				"up": {"uv": [8, 6, 9, 7], "texture": "#1"},
				"down": {"uv": [8, 6, 9, 7], "texture": "#1"}
			}
		},
		{
			"from": [11.5, 11, 7.5],
			"to": [13.5, 12, 9.5],
			"faces": {
				"north": {"uv": [10, 5, 12, 6], "texture": "#1"},
				"east": {"uv": [10, 5, 12, 6], "texture": "#1"},
				"south": {"uv": [10, 5, 12, 6], "texture": "#1"},
				"west": {"uv": [10, 5, 12, 6], "texture": "#1"},
				"up": {"uv": [10, 5, 12, 6], "texture": "#1"},
				"down": {"uv": [10, 5, 12, 6], "texture": "#1"}
			}
		},
		{
			"from": [13.5, 12, 7.5],
			"to": [14.5, 14, 9.5],
			"faces": {
				"north": {"uv": [12, 3, 13, 5], "texture": "#1"},
				"east": {"uv": [12, 3, 13, 5], "texture": "#1"},
				"south": {"uv": [12, 3, 13, 5], "texture": "#1"},
				"west": {"uv": [12, 3, 13, 5], "texture": "#1"},
				"up": {"uv": [12, 3, 13, 5], "texture": "#1"},
				"down": {"uv": [12, 3, 13, 5], "texture": "#1"}
			}
		},
		{
			"from": [3.5, 11, 7.625],
			"to": [9.5, 14, 9.375],
			"faces": {
				"north": {"uv": [8, 3, 2, 6], "texture": "#1"},
				"east": {"uv": [3, 6, 4, 3], "texture": "#1"},
				"south": {"uv": [2, 3, 8, 6], "texture": "#1"},
				"west": {"uv": [3, 3, 4, 6], "texture": "#1"},
				"up": {"uv": [2, 3, 8, 3.75], "texture": "#1"},
				"down": {"uv": [8, 3, 2, 4.75], "texture": "#1"}
			}
		},
		{
			"from": [1.5, 9, 7.625],
			"to": [7.5, 11, 9.375],
			"faces": {
				"north": {"uv": [6, 6, 0, 8], "texture": "#1"},
				"east": {"uv": [4, 6, 6, 8], "texture": "#1"},
				"south": {"uv": [0, 6, 6, 8], "texture": "#1"},
				"west": {"uv": [0, 6, 1.75, 8], "texture": "#1"},
				"up": {"uv": [0, 6, 6, 6.75], "texture": "#1"},
				"down": {"uv": [0, 6, 6, 6.75], "texture": "#1"}
			}
		},
		{
			"from": [2.5, 11, 7.625],
			"to": [3.5, 12, 9.375],
			"faces": {
				"north": {"uv": [1, 5, 2, 6], "texture": "#1"},
				"east": {"uv": [1, 5, 1.15, 6], "texture": "#1"},
				"south": {"uv": [1, 5, 2, 6], "texture": "#1"},
				"west": {"uv": [1, 5, 1.15, 6], "texture": "#1"},
				"up": {"uv": [1, 5, 2, 5.58333], "texture": "#1"},
				"down": {"uv": [1, 5, 2, 5.58333], "texture": "#1"}
			}
		},
		{
			"from": [2.5, 14, 7.625],
			"to": [3.5, 15, 9.375],
			"faces": {
				"north": {"uv": [1, 2, 2, 3], "texture": "#1"},
				"east": {"uv": [2, 2, 1, 3], "texture": "#1"},
				"south": {"uv": [1, 2, 2, 3], "texture": "#1"},
				"west": {"uv": [2, 2, 1, 3], "texture": "#1"},
				"up": {"uv": [1, 3, 2, 2.75], "texture": "#1"},
				"down": {"uv": [1, 3, 2, 2.75], "texture": "#1"}
			}
		},
		{
			"from": [6.5, 14, 7.625],
			"to": [7.5, 15, 9.375],
			"faces": {
				"north": {"uv": [5, 2, 6, 3], "texture": "#1"},
				"east": {"uv": [6, 2, 5.75, 3], "texture": "#1"},
				"south": {"uv": [5, 2, 6, 3], "texture": "#1"},
				"west": {"uv": [6, 2, 5.75, 3], "texture": "#1"},
				"up": {"uv": [5, 3, 6, 2.75], "texture": "#1"},
				"down": {"uv": [5, 3, 6, 2.75], "texture": "#1"}
			}
		},
		{
			"from": [7.5, 10, 7.625],
			"to": [8.5, 11, 9.375],
			"faces": {
				"north": {"uv": [6, 6, 7, 7], "texture": "#1"},
				"east": {"uv": [6, 6, 7, 7], "texture": "#1"},
				"south": {"uv": [6, 6, 7, 7], "texture": "#1"},
				"west": {"uv": [6, 6, 7, 7], "texture": "#1"},
				"up": {"uv": [6, 6, 7, 7], "texture": "#1"},
				"down": {"uv": [6, 6, 7, 7], "texture": "#1"}
			}
		},
		{
			"from": [6.5, 8, 7.625],
			"to": [7.5, 9, 9.375],
			"faces": {
				"north": {"uv": [5, 8, 6, 9], "texture": "#1"},
				"east": {"uv": [5, 8, 6, 9], "texture": "#1"},
				"south": {"uv": [5, 8, 6, 9], "texture": "#1"},
				"west": {"uv": [5, 8, 6, 9], "texture": "#1"},
				"up": {"uv": [5, 8, 6, 9], "texture": "#1"},
				"down": {"uv": [5, 8, 6, 9], "texture": "#1"}
			}
		},
		{
			"from": [8.5, 14, 7.625],
			"to": [10.5, 15, 9.375],
			"faces": {
				"north": {"uv": [7, 2, 9, 3], "texture": "#1"},
				"east": {"uv": [9, 2, 7.75, 3], "texture": "#1"},
				"south": {"uv": [7, 2, 9, 3], "texture": "#1"},
				"west": {"uv": [9, 2, 7.75, 3], "texture": "#1"},
				"up": {"uv": [7, 3, 9, 2.75], "texture": "#1"},
				"down": {"uv": [7, 3, 9, 2.75], "texture": "#1"}
			}
		},
		{
			"from": [3.5, 4, 7.625],
			"to": [6.5, 7, 9.375],
			"faces": {
				"north": {"uv": [5, 10, 2, 13], "texture": "#1"},
				"east": {"uv": [2, 10, 5, 13], "texture": "#1"},
				"south": {"uv": [2, 10, 5, 13], "texture": "#1"},
				"west": {"uv": [3, 9, 4, 12], "texture": "#1"},
				"up": {"uv": [2, 10, 5, 13], "texture": "#1"},
				"down": {"uv": [2, 12, 5, 13], "texture": "#1"}
			}
		},
		{
			"from": [4.5, 3, 7.625],
			"to": [5.5, 4, 9.375],
			"faces": {
				"north": {"uv": [3, 13, 4, 14], "texture": "#1"},
				"east": {"uv": [3, 13, 4, 14], "texture": "#1"},
				"south": {"uv": [3, 13, 4, 14], "texture": "#1"},
				"west": {"uv": [3, 13, 4, 14], "texture": "#1"},
				"up": {"uv": [3, 13, 4, 14], "texture": "#1"},
				"down": {"uv": [3, 13, 4, 14], "texture": "#1"}
			}
		},
		{
			"from": [7.5, 5, 7.625],
			"to": [8.5, 6, 9.375],
			"faces": {
				"north": {"uv": [7, 11, 8, 12], "texture": "#1"},
				"east": {"uv": [7, 11, 8, 12], "texture": "#1"},
				"south": {"uv": [7, 11, 8, 12], "texture": "#1"},
				"west": {"uv": [7, 11, 8, 12], "texture": "#1"},
				"up": {"uv": [7, 11, 8, 12], "texture": "#1"},
				"down": {"uv": [7, 11, 8, 12], "texture": "#1"}
			}
		},
		{
			"from": [2.5, 8, 7.625],
			"to": [3.5, 9, 9.375],
			"faces": {
				"north": {"uv": [1, 8, 2, 9], "texture": "#1"},
				"east": {"uv": [1, 8, 2, 9], "texture": "#1"},
				"south": {"uv": [1, 8, 2, 9], "texture": "#1"},
				"west": {"uv": [1, 8, 2, 9], "texture": "#1"},
				"up": {"uv": [1, 8, 2, 9], "texture": "#1"},
				"down": {"uv": [1, 8, 2, 9], "texture": "#1"}
			}
		},
		{
			"from": [2.5, 6, 7.625],
			"to": [3.5, 7, 9.375],
			"faces": {
				"north": {"uv": [1, 10, 2, 11], "texture": "#1"},
				"east": {"uv": [1, 10, 2, 11], "texture": "#1"},
				"south": {"uv": [1, 10, 2, 11], "texture": "#1"},
				"west": {"uv": [1, 10, 2, 11], "texture": "#1"},
				"up": {"uv": [1, 10, 2, 11], "texture": "#1"},
				"down": {"uv": [1, 10, 2, 11], "texture": "#1"}
			}
		},
		{
			"from": [9.5, 5, 7.625],
			"to": [11.5, 7, 9.375],
			"faces": {
				"north": {"uv": [11, 11, 10, 12], "texture": "#1"},
				"east": {"uv": [10, 11, 11, 12], "texture": "#1"},
				"south": {"uv": [10, 11, 11, 12], "texture": "#1"},
				"west": {"uv": [10, 11, 11, 12], "texture": "#1"},
				"up": {"uv": [10, 11, 11, 12], "texture": "#1"},
				"down": {"uv": [10, 11, 11, 12], "texture": "#1"}
			}
		},
		{
			"from": [9.5, 8, 7.625],
			"to": [11.5, 10, 9.375],
			"faces": {
				"north": {"uv": [10, 7, 8, 9], "texture": "#1"},
				"east": {"uv": [9, 7, 10, 9], "texture": "#1"},
				"south": {"uv": [8, 7, 10, 9], "texture": "#1"},
				"west": {"uv": [8, 7, 10, 9], "texture": "#1"},
				"up": {"uv": [8, 7, 10, 9], "texture": "#1"},
				"down": {"uv": [8, 7, 10, 9], "texture": "#1"}
			}
		},
		{
			"from": [10.5, 9, 7.625],
			"to": [12.5, 11, 9.375],
			"faces": {
				"north": {"uv": [9, 6, 11, 8], "texture": "#1"},
				"east": {"uv": [9, 6, 11, 8], "texture": "#1"},
				"south": {"uv": [9, 6, 11, 8], "texture": "#1"},
				"west": {"uv": [9, 6, 11, 8], "texture": "#1"},
				"up": {"uv": [9, 6, 11, 8], "texture": "#1"},
				"down": {"uv": [9, 6, 11, 8], "texture": "#1"}
			}
		},
		{
			"from": [11.5, 13, 7.625],
			"to": [13.5, 15, 9.375],
			"faces": {
				"north": {"uv": [10, 2, 12, 4], "texture": "#1"},
				"east": {"uv": [12, 2, 10.75, 4], "texture": "#1"},
				"south": {"uv": [10, 2, 12, 4], "texture": "#1"},
				"west": {"uv": [12, 2, 10.75, 4], "texture": "#1"},
				"up": {"uv": [10, 2, 12, 2.75], "texture": "#1"},
				"down": {"uv": [10, 2, 12, 2.75], "texture": "#1"}
			}
		},
		{
			"from": [12.5, 11, 7.625],
			"to": [16.5, 13, 9.375],
			"faces": {
				"north": {"uv": [15, 4, 11, 6], "texture": "#1"},
				"east": {"uv": [14, 4, 15, 6], "texture": "#1"},
				"south": {"uv": [11, 4, 15, 6], "texture": "#1"},
				"west": {"uv": [14, 4, 15, 6], "texture": "#1"},
				"up": {"uv": [11, 4, 15, 4.75], "texture": "#1"},
				"down": {"uv": [11, 4, 15, 4.75], "texture": "#1"}
			}
		},
		{
			"from": [13.5, 7, 7.625],
			"to": [16.5, 9, 9.375],
			"faces": {
				"north": {"uv": [15, 8, 12, 10], "texture": "#1"},
				"east": {"uv": [14, 8, 15, 10], "texture": "#1"},
				"south": {"uv": [12, 8, 15, 10], "texture": "#1"},
				"west": {"uv": [12, 8, 15, 10], "texture": "#1"},
				"up": {"uv": [12, 8, 15, 10], "texture": "#1"},
				"down": {"uv": [12, 9, 15, 10], "texture": "#1"}
			}
		},
		{
			"from": [12.5, 10, 7.625],
			"to": [15.5, 11, 9.375],
			"faces": {
				"north": {"uv": [11, 6, 14, 7], "texture": "#1"},
				"east": {"uv": [13, 6, 14, 7], "texture": "#1"},
				"south": {"uv": [11, 6, 14, 7], "texture": "#1"},
				"west": {"uv": [13, 6, 14, 7], "texture": "#1"},
				"up": {"uv": [11, 6, 14, 7], "texture": "#1"},
				"down": {"uv": [11, 6, 14, 7], "texture": "#1"}
			}
		},
		{
			"from": [13.5, 9, 7.625],
			"to": [14.5, 10, 9.375],
			"faces": {
				"north": {"uv": [12, 7, 13, 8], "texture": "#1"},
				"east": {"uv": [12, 7, 13, 8], "texture": "#1"},
				"south": {"uv": [12, 7, 13, 8], "texture": "#1"},
				"west": {"uv": [12, 7, 13, 8], "texture": "#1"},
				"up": {"uv": [12, 7, 13, 8], "texture": "#1"},
				"down": {"uv": [12, 7, 13, 8], "texture": "#1"}
			}
		},
		{
			"from": [14.5, 14, 7.625],
			"to": [15.5, 15, 9.375],
			"faces": {
				"north": {"uv": [13, 2, 14, 3], "texture": "#1"},
				"east": {"uv": [13, 2, 14, 3], "texture": "#1"},
				"south": {"uv": [13, 2, 14, 3], "texture": "#1"},
				"west": {"uv": [13, 2, 14, 3], "texture": "#1"},
				"up": {"uv": [13, 2, 14, 3], "texture": "#1"},
				"down": {"uv": [13, 2, 14, 3], "texture": "#1"}
			}
		}
	],
	"display": {
		"thirdperson_righthand": {
			"translation": [0, 2.5, 0]
		},
		"thirdperson_lefthand": {
			"translation": [0, 2.5, 0]
		},
		"firstperson_righthand": {
			"translation": [0, 5.25, 0]
		},
		"gui": {
			"rotation": [35, 40, 0],
			"translation": [0, 4.75, 0],
			"scale": [1.5, 1.5, 1.5]
		},
		"fixed": {
			"rotation": [-90, 0, 0],
			"translation": [0, 0, -16],
			"scale": [2, 2, 2]
		}
	},
	"groups": [
		0,
		{
			"name": "group",
			"origin": [0, 0, 0],
			"color": 0,
			"children": [
				1,
				2,
				3,
				4,
				5,
				6,
				7,
				8,
				9,
				10,
				11,
				12,
				13,
				14,
				15,
				{
					"name": "group",
					"origin": [0, 0, 0],
					"color": 0,
					"children": [16, 17, 18, 19, 20, 21, 22, 23, 24, 25, 26, 27, 28, 29, 30, 31, 32, 33, 34, 35, 36, 37]
				}
			]
		}
	]
}