{
	"credit": "Сделано Веббером специально для MoreDeco https://modrinth.com/resourcepack/moredeco mc _Webber_3",
	"textures": {
		"2": "item/decorated_pot/tolsti/gray",
		"particle": "item/decorated_pot/tolsti/gray"
	},
	"elements": [
		{
			"from": [4, 14, 4],
			"to": [12, 16, 12],
			"faces": {
				"north": {"uv": [2, 0, 6, 1], "texture": "#2"},
				"east": {"uv": [2, 0, 6, 1], "texture": "#2"},
				"south": {"uv": [2, 0, 6, 1], "texture": "#2"},
				"west": {"uv": [2, 0, 6, 1], "texture": "#2"},
				"up": {"uv": [10, 0, 14, 4], "rotation": 270, "texture": "#2"},
				"down": {"uv": [10, 4, 14, 8], "texture": "#2"}
			}
		},
		{
			"from": [5, 16, 5],
			"to": [11, 15, 11],
			"faces": {
				"north": {"uv": [10.5, 12.5, 13.5, 13], "texture": "#2"},
				"east": {"uv": [10.5, 12.5, 13.5, 13], "texture": "#2"},
				"south": {"uv": [10.5, 12.5, 13.5, 13], "texture": "#2"},
				"west": {"uv": [10.5, 12.5, 13.5, 13], "texture": "#2"},
				"up": {"uv": [10.5, 10, 13.5, 13], "rotation": 270, "texture": "#2"},
				"down": {"uv": [10, 4, 14, 8], "texture": "#2"}
			}
		},
		{
			"from": [5, 12, 5],
			"to": [11, 14, 11],
			"faces": {
				"north": {"uv": [2.5, 1, 5.5, 2], "texture": "#2"},
				"east": {"uv": [2.5, 1, 5.5, 2], "texture": "#2"},
				"south": {"uv": [2.5, 1, 5.5, 2], "texture": "#2"},
				"west": {"uv": [2.5, 1, 5.5, 2], "texture": "#2"},
				"up": {"uv": [15, 15, 16, 16], "texture": "#2"},
				"down": {"uv": [15, 15, 16, 16], "texture": "#2"}
			}
		},
		{
			"from": [1, 0, 1],
			"to": [15, 12, 15],
			"faces": {
				"north": {"uv": [0.5, 2, 7.5, 8], "texture": "#2"},
				"east": {"uv": [0.5, 2, 7.5, 8], "texture": "#2"},
				"south": {"uv": [0.5, 2, 7.5, 8], "texture": "#2"},
				"west": {"uv": [0.5, 2, 7.5, 8], "texture": "#2"},
				"up": {"uv": [8.5, 8, 15.5, 15], "texture": "#2"},
				"down": {"uv": [0.5, 8, 7.5, 15], "texture": "#2"}
			}
		}
	],
	"display": {
		"thirdperson_righthand": {
			"translation": [-3.5, 4, 0],
			"scale": [0.5, 0.5, 0.5]
		},
		"thirdperson_lefthand": {
			"translation": [-3.5, 4, 0],
			"scale": [0.5, 0.5, 0.5]
		},
		"firstperson_righthand": {
			"translation": [-1.5, 4, 2.75],
			"scale": [0.25, 0.25, 0.25]
		},
		"firstperson_lefthand": {
			"translation": [-1.5, 4, 2.75],
			"scale": [0.25, 0.25, 0.25]
		},
		"ground": {
			"translation": [0, 2, 0],
			"scale": [0.5, 0.5, 0.5]
		},
		"gui": {
			"rotation": [25, 45, 0],
			"translation": [0, 0.75, 0],
			"scale": [0.75, 0.75, 0.75]
		},
		"head": {
			"translation": [0, 15, 0]
		},
		"fixed": {
			"rotation": [-90, 0, 0],
			"translation": [0, 0, -14],
			"scale": [2, 2, 2]
		}
	}
}