{
	"credit": "Сделано Веббером специально для MoreDeco https://modrinth.com/resourcepack/moredeco mc _Webber_3",
	"textures": {
		"2": "item/doors/cherry_door_bottom",
		"3": "item/doors/cherry_door_top"
	},
	"elements": [
		{
			"from": [13, 0, 0],
			"to": [26, 3, 16],
			"faces": {
				"north": {"uv": [0, 0, 3, 13], "rotation": 90, "texture": "#3"},
				"east": {"uv": [0, 0, 16, 3], "texture": "#3"},
				"south": {"uv": [13, 0, 16, 13], "rotation": 90, "texture": "#3"},
				"west": {"uv": [16, 13, 0, 14], "rotation": 180, "texture": "#3"},
				"up": {"uv": [0, 0, 16, 13], "rotation": 90, "texture": "#3"},
				"down": {"uv": [0, 0, 16, 13], "rotation": 90, "texture": "#3"}
			}
		},
		{
			"from": [14, 0, 7],
			"to": [12, 3, 9],
			"faces": {
				"north": {"uv": [6, 12, 7, 14], "rotation": 90, "texture": "#3"},
				"east": {"uv": [8, 13, 9, 14], "texture": "#3"},
				"south": {"uv": [9, 14, 10, 12], "rotation": 90, "texture": "#3"},
				"west": {"uv": [7, 12, 9, 11], "texture": "#3"},
				"up": {"uv": [8, 12, 9, 13], "rotation": 90, "texture": "#3"},
				"down": {"uv": [8, 13, 7, 14], "rotation": 90, "texture": "#3"}
			}
		},
		{
			"from": [19, 0, 7],
			"to": [17, 3, 9],
			"faces": {
				"north": {"uv": [6, 7, 7, 9], "rotation": 90, "texture": "#3"},
				"east": {"uv": [8, 9, 9, 10], "texture": "#3"},
				"south": {"uv": [9, 9, 10, 7], "rotation": 90, "texture": "#3"},
				"west": {"uv": [7, 7, 9, 6], "texture": "#3"},
				"up": {"uv": [8, 7, 9, 8], "rotation": 90, "texture": "#3"},
				"down": {"uv": [8, 8, 7, 9], "rotation": 90, "texture": "#3"}
			}
		},
		{
			"from": [17, 0, 5],
			"to": [14, 3, 6],
			"faces": {
				"north": {"uv": [4, 9, 5, 12], "rotation": 90, "texture": "#3"},
				"east": {"uv": [5, 12, 6, 13], "texture": "#3"},
				"south": {"uv": [6, 9, 7, 12], "rotation": 90, "texture": "#3"},
				"west": {"uv": [5, 9, 6, 8], "texture": "#3"},
				"up": {"uv": [7, 10, 8, 11], "rotation": 90, "texture": "#3"},
				"down": {"uv": [6, 10, 5, 11], "rotation": 90, "texture": "#3"}
			}
		},
		{
			"from": [16, 0, 4],
			"to": [15, 3, 7],
			"faces": {
				"north": {"uv": [3, 10, 4, 11], "rotation": 90, "texture": "#3"},
				"east": {"uv": [4, 11, 7, 12], "texture": "#3"},
				"south": {"uv": [7, 10, 8, 11], "rotation": 90, "texture": "#3"},
				"west": {"uv": [4, 10, 7, 9], "texture": "#3"},
				"up": {"uv": [7, 10, 8, 11], "rotation": 90, "texture": "#3"},
				"down": {"uv": [7, 10, 6, 11], "rotation": 90, "texture": "#3"}
			}
		},
		{
			"from": [21, 0, 4],
			"to": [20, 3, 7],
			"faces": {
				"north": {"uv": [3, 5, 4, 6], "rotation": 90, "texture": "#3"},
				"east": {"uv": [4, 6, 7, 7], "texture": "#3"},
				"south": {"uv": [7, 5, 8, 6], "rotation": 90, "texture": "#3"},
				"west": {"uv": [4, 5, 7, 4], "texture": "#3"},
				"up": {"uv": [7, 5, 8, 6], "rotation": 90, "texture": "#3"},
				"down": {"uv": [7, 5, 6, 6], "rotation": 90, "texture": "#3"}
			}
		},
		{
			"from": [22, 0, 5],
			"to": [19, 3, 6],
			"faces": {
				"north": {"uv": [4, 4, 5, 7], "rotation": 90, "texture": "#3"},
				"east": {"uv": [5, 7, 6, 8], "texture": "#3"},
				"south": {"uv": [6, 4, 7, 7], "rotation": 90, "texture": "#3"},
				"west": {"uv": [5, 4, 6, 3], "texture": "#3"},
				"up": {"uv": [7, 5, 8, 6], "rotation": 90, "texture": "#3"},
				"down": {"uv": [6, 5, 5, 6], "rotation": 90, "texture": "#3"}
			}
		},
		{
			"from": [21, 0, 9],
			"to": [20, 3, 12],
			"faces": {
				"north": {"uv": [8, 5, 9, 6], "rotation": 90, "texture": "#3"},
				"east": {"uv": [9, 6, 12, 7], "texture": "#3"},
				"south": {"uv": [12, 5, 13, 6], "rotation": 90, "texture": "#3"},
				"west": {"uv": [9, 5, 12, 4], "texture": "#3"},
				"up": {"uv": [12, 5, 13, 6], "rotation": 90, "texture": "#3"},
				"down": {"uv": [12, 5, 11, 6], "rotation": 90, "texture": "#3"}
			}
		},
		{
			"from": [22, 0, 10],
			"to": [19, 3, 11],
			"faces": {
				"north": {"uv": [9, 4, 10, 7], "rotation": 90, "texture": "#3"},
				"east": {"uv": [10, 7, 11, 8], "texture": "#3"},
				"south": {"uv": [11, 4, 12, 7], "rotation": 90, "texture": "#3"},
				"west": {"uv": [10, 4, 11, 3], "texture": "#3"},
				"up": {"uv": [12, 5, 13, 6], "rotation": 90, "texture": "#3"},
				"down": {"uv": [11, 5, 10, 6], "rotation": 90, "texture": "#3"}
			}
		},
		{
			"from": [16, 0, 9],
			"to": [15, 3, 12],
			"faces": {
				"north": {"uv": [8, 10, 9, 11], "rotation": 90, "texture": "#3"},
				"east": {"uv": [9, 11, 12, 12], "texture": "#3"},
				"south": {"uv": [12, 10, 13, 11], "rotation": 90, "texture": "#3"},
				"west": {"uv": [9, 10, 12, 9], "texture": "#3"},
				"up": {"uv": [12, 10, 13, 11], "rotation": 90, "texture": "#3"},
				"down": {"uv": [12, 10, 11, 11], "rotation": 90, "texture": "#3"}
			}
		},
		{
			"from": [17, 0, 10],
			"to": [14, 3, 11],
			"faces": {
				"north": {"uv": [9, 9, 10, 12], "rotation": 90, "texture": "#3"},
				"east": {"uv": [10, 12, 11, 13], "texture": "#3"},
				"south": {"uv": [11, 9, 12, 12], "rotation": 90, "texture": "#3"},
				"west": {"uv": [10, 9, 11, 8], "texture": "#3"},
				"up": {"uv": [12, 10, 13, 11], "rotation": 90, "texture": "#3"},
				"down": {"uv": [11, 10, 10, 11], "rotation": 90, "texture": "#3"}
			}
		},
		{
			"from": [12, 0, 0],
			"to": [13, 3, 14],
			"faces": {
				"north": {"uv": [0, 13, 3, 14], "rotation": 90, "texture": "#3"},
				"east": {"uv": [7, 7, 9, 9], "texture": "#3"},
				"south": {"uv": [13, 11, 14, 14], "texture": "#3"},
				"west": {"uv": [14, 13, 0, 14], "rotation": 180, "texture": "#3"},
				"up": {"uv": [0, 13, 14, 14], "rotation": 90, "texture": "#3"},
				"down": {"uv": [14, 13, 0, 14], "rotation": 90, "texture": "#3"}
			}
		},
		{
			"from": [10, 0, 2],
			"to": [12, 3, 7],
			"faces": {
				"north": {"uv": [2, 13, 3, 15], "rotation": 90, "texture": "#3"},
				"east": {"uv": [8, 4, 10, 5], "texture": "#3"},
				"south": {"uv": [6, 14, 7, 16], "rotation": 90, "texture": "#3"},
				"west": {"uv": [2, 16, 7, 15], "texture": "#3"},
				"up": {"uv": [2, 14, 7, 16], "rotation": 90, "texture": "#3"},
				"down": {"uv": [7, 14, 2, 16], "rotation": 90, "texture": "#3"}
			}
		},
		{
			"from": [11, 0, 4],
			"to": [10, 3, 7],
			"faces": {
				"north": {"uv": [3, 15, 4, 16], "rotation": 90, "texture": "#3"},
				"east": {"uv": [5, 15, 6, 16], "texture": "#3"},
				"south": {"uv": [6, 15, 7, 16], "rotation": 90, "texture": "#3"},
				"west": {"uv": [4, 15, 7, 14], "texture": "#3"},
				"up": {"uv": [6, 15, 7, 16], "rotation": 90, "texture": "#3"},
				"down": {"uv": [6, 15, 5, 16], "rotation": 90, "texture": "#3"}
			}
		},
		{
			"from": [12, 0, 5],
			"to": [11, 3, 6],
			"faces": {
				"north": {"uv": [4, 14, 5, 15], "rotation": 90, "texture": "#3"},
				"east": {"uv": [4, 15, 5, 16], "texture": "#3"},
				"south": {"uv": [6, 14, 7, 15], "rotation": 90, "texture": "#3"},
				"west": {"uv": [5, 14, 6, 13], "texture": "#3"},
				"up": {"uv": [7, 14, 8, 15], "rotation": 90, "texture": "#3"},
				"down": {"uv": [6, 15, 5, 16], "rotation": 90, "texture": "#3"}
			}
		},
		{
			"from": [11, 0, 10],
			"to": [12, 3, 11],
			"faces": {
				"north": {"uv": [11, 15, 10, 16], "rotation": 90, "texture": "#3"},
				"east": {"uv": [10, 4, 12, 5], "texture": "#3"},
				"south": {"uv": [11, 15, 10, 16], "rotation": 90, "texture": "#3"},
				"west": {"uv": [10, 15, 11, 16], "texture": "#3"},
				"up": {"uv": [10, 15, 11, 16], "rotation": 90, "texture": "#3"},
				"down": {"uv": [10, 15, 11, 16], "rotation": 90, "texture": "#3"}
			}
		},
		{
			"from": [6, 0, 5],
			"to": [5, 3, 6],
			"faces": {
				"north": {"uv": [4, 0, 5, 1], "rotation": 180, "texture": "#2"},
				"east": {"uv": [5, 1, 6, 2], "rotation": 90, "texture": "#2"},
				"south": {"uv": [6, 0, 7, 1], "rotation": 180, "texture": "#2"},
				"west": {"uv": [6, 0, 5, 1], "rotation": 90, "texture": "#2"},
				"up": {"uv": [5, 0, 6, 1], "rotation": 180, "texture": "#2"},
				"down": {"uv": [5, 1, 6, 0], "rotation": 180, "texture": "#2"}
			}
		},
		{
			"from": [-9, 0, 0],
			"to": [3, 3, 16],
			"faces": {
				"north": {"uv": [0, 4, 3, 16], "rotation": 90, "texture": "#2"},
				"east": {"uv": [0, 1, 16, 3], "texture": "#2"},
				"south": {"uv": [13, 4, 16, 16], "rotation": 90, "texture": "#2"},
				"west": {"uv": [0, 14, 16, 16], "rotation": 180, "texture": "#2"},
				"up": {"uv": [0, 4, 16, 16], "rotation": 90, "texture": "#2"},
				"down": {"uv": [0, 4, 16, 16], "rotation": 90, "texture": "#2"}
			}
		},
		{
			"from": [3, 0, 1],
			"to": [5, 3, 10],
			"faces": {
				"north": {"uv": [0, 2, 3, 4], "rotation": 90, "texture": "#2"},
				"east": {"uv": [10, 1, 1, 4], "texture": "#2"},
				"south": {"uv": [2, 1, 4, 4], "texture": "#2"},
				"west": {"uv": [7, 5, 9, 7], "rotation": 180, "texture": "#2"},
				"up": {"uv": [1, 2, 10, 4], "rotation": 90, "texture": "#2"},
				"down": {"uv": [10, 2, 1, 4], "rotation": 90, "texture": "#2"}
			}
		},
		{
			"from": [5, 0, 2],
			"to": [6, 3, 9],
			"faces": {
				"north": {"uv": [3, 1, 1, 2], "rotation": 90, "texture": "#2"},
				"east": {"uv": [9, 0, 2, 1], "texture": "#2"},
				"south": {"uv": [8, 0, 10, 1], "rotation": 90, "texture": "#2"},
				"west": {"uv": [9, 1, 2, 2], "rotation": 180, "texture": "#2"},
				"up": {"uv": [2, 0, 9, 1], "rotation": 90, "texture": "#2"},
				"down": {"uv": [9, 0, 2, 1], "rotation": 90, "texture": "#2"}
			}
		},
		{
			"from": [3, 0, 11],
			"to": [5, 3, 15],
			"faces": {
				"north": {"uv": [9, 2, 7, 3], "rotation": 90, "texture": "#2"},
				"east": {"uv": [15, 4, 11, 7], "texture": "#2"},
				"south": {"uv": [8, 1, 11, 2], "rotation": 90, "texture": "#2"},
				"west": {"uv": [15, 2, 11, 4], "rotation": 180, "texture": "#2"},
				"up": {"uv": [11, 2, 15, 4], "rotation": 90, "texture": "#2"},
				"down": {"uv": [15, 2, 11, 4], "rotation": 90, "texture": "#2"}
			}
		}
	],
	"display": {
		"thirdperson_righthand": {
			"rotation": [0, 0, 90],
			"translation": [-3.5, -2, 0],
			"scale": [0.25, 0.25, 0.25]
		},
		"thirdperson_lefthand": {
			"rotation": [0, 0, 90],
			"translation": [-3.5, -2, 0],
			"scale": [0.25, 0.25, 0.25]
		},
		"firstperson_righthand": {
			"rotation": [0, 45, 90],
			"translation": [2, 2.5, 0],
			"scale": [0.35, 0.35, 0.35]
		},
		"firstperson_lefthand": {
			"rotation": [0, 45, -90],
			"translation": [2.5, 2.5, -1],
			"scale": [0.35, 0.35, 0.35]
		},
		"ground": {
			"translation": [0, 2, 0],
			"scale": [0.25, 0.25, 0.25]
		},
		"gui": {
			"rotation": [9, 120, 91],
			"translation": [1, -0.75, 0],
			"scale": [0.4, 0.4, 0.4]
		},
		"head": {
			"rotation": [90, 90, 0],
			"translation": [0, -16.25, 7.25],
			"scale": [0.5, 0.5, 0.5]
		},
		"fixed": {
			"rotation": [-90, 0, 0],
			"translation": [0, 0, -16],
			"scale": [2, 2, 2]
		}
	},
	"groups": [
		{
			"name": "group",
			"origin": [0, 0, 0],
			"color": 0,
			"children": [
				0,
				{
					"name": "group",
					"origin": [0, 0, 0],
					"color": 0,
					"children": [1, 2, 3, 4, 5, 6, 7, 8, 9, 10]
				},
				11,
				12,
				13,
				14,
				15
			]
		},
		{
			"name": "group",
			"origin": [0, 0, 0],
			"color": 0,
			"children": [16, 17, 18, 19, 20]
		}
	]
}