{
	"credit": "Сделано Веббером специально для MoreDeco https://modrinth.com/resourcepack/moredeco mc _Webber_3",
	"textures": {
		"0": "item/doors/oak_door_top",
		"1": "item/doors/oak_door_bottom",
		"particle": "item/doors/oak_door_top"
	},
	"elements": [
		{
			"from": [13, 0, 0],
			"to": [26, 3, 16],
			"faces": {
				"north": {"uv": [0, 13, 3, 0], "rotation": 90, "texture": "#0"},
				"east": {"uv": [0, 0, 16, 3], "texture": "#0"},
				"south": {"uv": [16, 0, 13, 13], "rotation": 90, "texture": "#0"},
				"west": {"uv": [16, 10, 0, 13], "rotation": 180, "texture": "#0"},
				"up": {"uv": [0, 0, 16, 13], "rotation": 90, "texture": "#0"},
				"down": {"uv": [0, 0, 16, 13], "rotation": 90, "texture": "#0"}
			}
		},
		{
			"from": [15, 0, 13],
			"to": [18, 3, 9],
			"faces": {
				"north": {"uv": [13, 8, 14, 11], "rotation": 90, "texture": "#0"},
				"east": {"uv": [9, 7, 13, 8], "texture": "#0"},
				"south": {"uv": [9, 8, 8, 11], "rotation": 90, "texture": "#0"},
				"west": {"uv": [13, 12, 9, 11], "rotation": 180, "texture": "#0"},
				"up": {"uv": [9, 8, 13, 11], "rotation": 90, "texture": "#0"},
				"down": {"uv": [9, 8, 13, 11], "rotation": 90, "texture": "#0"}
			}
		},
		{
			"from": [15, 0, 7],
			"to": [18, 3, 3],
			"faces": {
				"north": {"uv": [7, 8, 8, 11], "rotation": 90, "texture": "#0"},
				"east": {"uv": [3, 7, 7, 8], "texture": "#0"},
				"south": {"uv": [3, 8, 2, 11], "rotation": 90, "texture": "#0"},
				"west": {"uv": [7, 12, 3, 11], "rotation": 180, "texture": "#0"},
				"up": {"uv": [3, 8, 7, 11], "rotation": 90, "texture": "#0"},
				"down": {"uv": [3, 8, 7, 11], "rotation": 90, "texture": "#0"}
			}
		},
		{
			"from": [20, 0, 7],
			"to": [23, 3, 3],
			"faces": {
				"north": {"uv": [7, 3, 8, 6], "rotation": 90, "texture": "#0"},
				"east": {"uv": [3, 2, 7, 3], "texture": "#0"},
				"south": {"uv": [3, 3, 2, 6], "rotation": 90, "texture": "#0"},
				"west": {"uv": [7, 7, 3, 6], "rotation": 180, "texture": "#0"},
				"up": {"uv": [3, 3, 7, 6], "rotation": 90, "texture": "#0"},
				"down": {"uv": [3, 3, 7, 6], "rotation": 90, "texture": "#0"}
			}
		},
		{
			"from": [20, 0, 13],
			"to": [23, 3, 9],
			"faces": {
				"north": {"uv": [13, 3, 14, 6], "rotation": 90, "texture": "#0"},
				"east": {"uv": [9, 2, 13, 3], "texture": "#0"},
				"south": {"uv": [9, 3, 8, 6], "rotation": 90, "texture": "#0"},
				"west": {"uv": [13, 7, 9, 6], "rotation": 180, "texture": "#0"},
				"up": {"uv": [9, 3, 13, 6], "rotation": 90, "texture": "#0"},
				"down": {"uv": [9, 3, 13, 6], "rotation": 90, "texture": "#0"}
			}
		},
		{
			"from": [12, 0, 0],
			"to": [13, 3, 14],
			"faces": {
				"north": {"uv": [0, 13, 3, 14], "rotation": 90, "texture": "#0"},
				"east": {"uv": [0, 0, 16, 3], "texture": "#0"},
				"south": {"uv": [13, 11, 14, 14], "texture": "#0"},
				"west": {"uv": [14, 11, 0, 14], "rotation": 180, "texture": "#0"},
				"up": {"uv": [0, 13, 14, 14], "rotation": 90, "texture": "#0"},
				"down": {"uv": [0, 13, 14, 14], "rotation": 90, "texture": "#0"}
			}
		},
		{
			"from": [10, 0, 2],
			"to": [12, 3, 7],
			"faces": {
				"north": {"uv": [2, 13, 5, 15], "rotation": 90, "texture": "#0"},
				"east": {"uv": [10, 4, 12, 5], "texture": "#0"},
				"south": {"uv": [6, 14, 9, 16], "rotation": 90, "texture": "#0"},
				"west": {"uv": [2, 16, 7, 13], "texture": "#0"},
				"up": {"uv": [2, 14, 7, 16], "rotation": 90, "texture": "#0"},
				"down": {"uv": [2, 14, 7, 16], "rotation": 90, "texture": "#0"}
			}
		},
		{
			"from": [11, 0, 10],
			"to": [12, 3, 11],
			"faces": {
				"north": {"uv": [11, 15, 10, 16], "rotation": 90, "texture": "#0"},
				"east": {"uv": [10, 4, 12, 5], "texture": "#0"},
				"south": {"uv": [11, 15, 10, 16], "rotation": 90, "texture": "#0"},
				"west": {"uv": [10, 15, 11, 16], "texture": "#0"},
				"up": {"uv": [10, 15, 11, 16], "rotation": 90, "texture": "#0"},
				"down": {"uv": [10, 15, 11, 16], "rotation": 90, "texture": "#0"}
			}
		},
		{
			"from": [-9, 0, 0],
			"to": [3, 3, 16],
			"faces": {
				"north": {"uv": [0, 16, 3, 4], "rotation": 90, "texture": "#1"},
				"east": {"uv": [0, 0, 16, 3], "texture": "#1"},
				"south": {"uv": [13, 4, 16, 16], "rotation": 90, "texture": "#1"},
				"west": {"uv": [16, 13, 0, 16], "rotation": 180, "texture": "#1"},
				"up": {"uv": [0, 4, 16, 16], "rotation": 90, "texture": "#1"},
				"down": {"uv": [0, 4, 16, 16], "rotation": 90, "texture": "#1"}
			}
		},
		{
			"from": [3, 0, 1],
			"to": [5, 3, 10],
			"faces": {
				"north": {"uv": [1, 2, 4, 4], "rotation": 90, "texture": "#1"},
				"east": {"uv": [10, 2, 1, 4], "texture": "#1"},
				"south": {"uv": [7, 2, 10, 4], "rotation": 90, "texture": "#1"},
				"west": {"uv": [1, 2, 10, 4], "rotation": 180, "texture": "#1"},
				"up": {"uv": [1, 2, 10, 4], "rotation": 90, "texture": "#1"},
				"down": {"uv": [1, 2, 10, 4], "rotation": 90, "texture": "#1"}
			}
		},
		{
			"from": [5, 0, 2],
			"to": [6, 3, 9],
			"faces": {
				"north": {"uv": [1, 1, 4, 2], "rotation": 90, "texture": "#1"},
				"east": {"uv": [8, 0, 1, 3], "texture": "#1"},
				"south": {"uv": [7, 1, 10, 2], "rotation": 90, "texture": "#1"},
				"west": {"uv": [2, 1, 9, 2], "rotation": 180, "texture": "#1"},
				"up": {"uv": [2, 1, 9, 2], "rotation": 90, "texture": "#1"},
				"down": {"uv": [2, 1, 9, 2], "rotation": 90, "texture": "#1"}
			}
		},
		{
			"from": [3, 0, 11],
			"to": [5, 3, 15],
			"faces": {
				"north": {"uv": [10, 1, 8, 3], "rotation": 90, "texture": "#1"},
				"east": {"uv": [15, 4, 11, 7], "texture": "#1"},
				"south": {"uv": [7, 1, 10, 3], "rotation": 90, "texture": "#1"},
				"west": {"uv": [11, 1, 15, 3], "rotation": 180, "texture": "#1"},
				"up": {"uv": [11, 1, 15, 3], "rotation": 90, "texture": "#1"},
				"down": {"uv": [11, 1, 15, 3], "rotation": 90, "texture": "#1"}
			}
		}
	],
	"display": {
		"thirdperson_righthand": {
			"rotation": [0, 0, 90],
			"translation": [-3.5, -2, 0],
			"scale": [0.25, 0.25, 0.25]
		},
		"thirdperson_lefthand": {
			"rotation": [0, 0, 90],
			"translation": [-3.5, -2, 0],
			"scale": [0.25, 0.25, 0.25]
		},
		"firstperson_righthand": {
			"rotation": [0, 45, 90],
			"translation": [2, 2.5, 0],
			"scale": [0.35, 0.35, 0.35]
		},
		"firstperson_lefthand": {
			"rotation": [0, 45, -90],
			"translation": [2.5, 2.5, -1],
			"scale": [0.35, 0.35, 0.35]
		},
		"ground": {
			"translation": [0, 2, 0],
			"scale": [0.25, 0.25, 0.25]
		},
		"gui": {
			"rotation": [9, 120, 91],
			"translation": [1, -0.75, 0],
			"scale": [0.4, 0.4, 0.4]
		},
		"head": {
			"rotation": [90, 90, 0],
			"translation": [0, -16.25, 7.25],
			"scale": [0.5, 0.5, 0.5]
		},
		"fixed": {
			"rotation": [-90, 0, 0],
			"translation": [0, 0, -16],
			"scale": [2, 2, 2]
		}
	},
	"groups": [
		{
			"name": "group",
			"origin": [0, 0, 0],
			"color": 0,
			"children": [
				0,
				{
					"name": "group",
					"origin": [0, 0, 0],
					"color": 0,
					"children": [1, 2, 3, 4]
				},
				5,
				6,
				7
			]
		},
		{
			"name": "group",
			"origin": [0, 0, 0],
			"color": 0,
			"children": [8, 9, 10, 11]
		}
	]
}