{
	"credit": "Сделано Веббером специально для MoreDeco https://modrinth.com/resourcepack/moredeco mc _Webber_3",
	"textures": {
		"0": "item/dried_kelp/popcorns",
		"particle": "item/dried_kelp/popcorns"
	},
	"elements": [
		{
			"from": [6, 8, 6],
			"to": [7, 9, 7],
			"faces": {
				"north": {"uv": [6, 2, 5, 3], "texture": "#0"},
				"east": {"uv": [5, 2, 6, 3], "rotation": 90, "texture": "#0"},
				"south": {"uv": [5, 2, 6, 3], "texture": "#0"},
				"west": {"uv": [5, 2, 6, 3], "rotation": 270, "texture": "#0"},
				"up": {"uv": [5, 2, 6, 3], "texture": "#0"},
				"down": {"uv": [8, 8, 16, 16], "texture": "#0"}
			}
		},
		{
			"from": [10, 8, 5],
			"to": [11, 9, 6],
			"faces": {
				"north": {"uv": [1, 0, 0, 1], "texture": "#0"},
				"east": {"uv": [0, 0, 1, 1], "rotation": 90, "texture": "#0"},
				"south": {"uv": [0, 0, 1, 1], "texture": "#0"},
				"west": {"uv": [0, 0, 1, 1], "rotation": 270, "texture": "#0"},
				"up": {"uv": [0, 0, 1, 1], "texture": "#0"},
				"down": {"uv": [8, 8, 16, 16], "texture": "#0"}
			}
		},
		{
			"from": [9, 8, 10],
			"to": [10, 9, 11],
			"faces": {
				"north": {"uv": [7, 7, 8, 8], "texture": "#0"},
				"east": {"uv": [8, 7, 7, 8], "rotation": 90, "texture": "#0"},
				"south": {"uv": [8, 7, 7, 8], "texture": "#0"},
				"west": {"uv": [8, 7, 7, 8], "rotation": 270, "texture": "#0"},
				"up": {"uv": [8, 7, 7, 8], "texture": "#0"},
				"down": {"uv": [8, 8, 16, 16], "texture": "#0"}
			}
		},
		{
			"from": [5, 7, 11],
			"to": [6, 8, 12],
			"faces": {
				"north": {"uv": [1, 7, 2, 8], "texture": "#0"},
				"east": {"uv": [2, 7, 1, 8], "rotation": 90, "texture": "#0"},
				"south": {"uv": [16, 7, 15, 8], "texture": "#0"},
				"west": {"uv": [2, 7, 1, 8], "rotation": 270, "texture": "#0"},
				"up": {"uv": [2, 7, 1, 8], "texture": "#0"},
				"down": {"uv": [8, 8, 16, 16], "texture": "#0"}
			}
		},
		{
			"from": [4, 7, 7],
			"to": [5, 8, 8],
			"faces": {
				"north": {"uv": [1, 5, 2, 6], "texture": "#0"},
				"east": {"uv": [2, 5, 1, 6], "rotation": 90, "texture": "#0"},
				"south": {"uv": [2, 5, 1, 6], "texture": "#0"},
				"west": {"uv": [16, 5, 15, 6], "rotation": 270, "texture": "#0"},
				"up": {"uv": [2, 5, 1, 6], "texture": "#0"},
				"down": {"uv": [8, 8, 16, 16], "texture": "#0"}
			}
		},
		{
			"from": [7, 9, 8],
			"to": [8, 10, 9],
			"faces": {
				"north": {"uv": [5, 4, 4, 5], "texture": "#0"},
				"east": {"uv": [4, 4, 5, 5], "rotation": 90, "texture": "#0"},
				"south": {"uv": [4, 4, 5, 5], "texture": "#0"},
				"west": {"uv": [4, 4, 5, 5], "rotation": 270, "texture": "#0"},
				"up": {"uv": [4, 4, 5, 5], "texture": "#0"},
				"down": {"uv": [8, 8, 16, 16], "texture": "#0"}
			}
		},
		{
			"from": [7, 8, 7],
			"to": [9, 9, 9],
			"faces": {
				"north": {"uv": [5, 3, 3, 4], "texture": "#0"},
				"east": {"uv": [4, 3, 5, 5], "rotation": 90, "texture": "#0"},
				"south": {"uv": [3, 4, 5, 5], "texture": "#0"},
				"west": {"uv": [3, 3, 4, 5], "rotation": 270, "texture": "#0"},
				"up": {"uv": [3, 3, 5, 5], "texture": "#0"},
				"down": {"uv": [8, 8, 16, 16], "texture": "#0"}
			}
		},
		{
			"from": [5, 7, 5],
			"to": [11, 8, 11],
			"faces": {
				"north": {"uv": [7, 1, 1, 2], "texture": "#0"},
				"east": {"uv": [6, 1, 7, 7], "rotation": 90, "texture": "#0"},
				"south": {"uv": [1, 6, 7, 7], "texture": "#0"},
				"west": {"uv": [1, 1, 2, 7], "rotation": 270, "texture": "#0"},
				"up": {"uv": [1, 1, 7, 7], "texture": "#0"},
				"down": {"uv": [8, 8, 16, 16], "texture": "#0"}
			}
		},
		{
			"from": [4, 8, 4],
			"to": [12, 7, 12],
			"faces": {
				"north": {"uv": [8, 8, 0, 9], "texture": "#0"},
				"east": {"uv": [0, 8, 8, 9], "texture": "#0"},
				"south": {"uv": [8, 8, 0, 9], "texture": "#0"},
				"west": {"uv": [0, 8, 8, 9], "texture": "#0"},
				"up": {"uv": [0, 0, 8, 8], "texture": "#0"},
				"down": {"uv": [8, 0, 16, 8], "texture": "#0"}
			}
		},
		{
			"from": [4, 3, 4],
			"to": [12, 8, 12],
			"faces": {
				"north": {"uv": [8, 8, 0, 13], "texture": "#0"},
				"east": {"uv": [0, 8, 8, 13], "texture": "#0"},
				"south": {"uv": [8, 8, 0, 13], "texture": "#0"},
				"west": {"uv": [0, 8, 8, 13], "texture": "#0"},
				"up": {"uv": [8, 0, 16, 8], "texture": "#0"},
				"down": {"uv": [8, 8, 16, 16], "texture": "#0"}
			}
		},
		{
			"from": [5, 0, 5],
			"to": [11, 3, 11],
			"faces": {
				"north": {"uv": [1, 13, 7, 16], "texture": "#0"},
				"east": {"uv": [7, 13, 1, 16], "texture": "#0"},
				"south": {"uv": [1, 13, 7, 16], "texture": "#0"},
				"west": {"uv": [7, 13, 1, 16], "texture": "#0"},
				"up": {"uv": [9, 9, 15, 15], "texture": "#0"},
				"down": {"uv": [9, 9, 15, 15], "texture": "#0"}
			}
		}
	],
	"display": {
		"thirdperson_righthand": {
			"translation": [-3, 6, 0]
		},
		"thirdperson_lefthand": {
			"translation": [-3, 6, 0]
		},
		"firstperson_righthand": {
			"translation": [0, 1, 0]
		},
		"firstperson_lefthand": {
			"translation": [0, 1, 0]
		},
		"ground": {
			"translation": [0, 4, 0],
			"scale": [0.75, 0.75, 0.75]
		},
		"gui": {
			"rotation": [15, 45, 0],
			"translation": [0, 4, 0],
			"scale": [1.25, 1.25, 1.25]
		},
		"head": {
			"translation": [0, 19, 0],
			"scale": [1.5, 1.5, 1.5]
		},
		"fixed": {
			"rotation": [-90, 0, 0],
			"translation": [0, 0, -16],
			"scale": [2, 2, 2]
		}
	}
}