{
	"credit": "Сделано Веббером специально для MoreDeco https://modrinth.com/resourcepack/moredeco mc _Webber_3",
	"textures": {
		"1": "item/carved_pumpkin/pitomec/turtle",
		"particle": "item/carved_pumpkin/pitomec/turtle"
	},
	"elements": [
		{
			"from": [5.5, 0, -1],
			"to": [10.5, 3, 3],
			"rotation": {"angle": -22.5, "axis": "x", "origin": [8, 2.5, 3]},
			"faces": {
				"north": {"uv": [2, 1, 3.25, 1.75], "texture": "#1"},
				"east": {"uv": [1, 1, 2, 1.75], "texture": "#1"},
				"south": {"uv": [4.25, 1, 5.25, 1.75], "texture": "#1"},
				"west": {"uv": [3.25, 1, 4.25, 1.75], "texture": "#1"},
				"up": {"uv": [3.25, 0, 2, 1], "rotation": 180, "texture": "#1"},
				"down": {"uv": [4.5, 0, 3.25, 1], "rotation": 180, "texture": "#1"}
			}
		},
		{
			"from": [4, 0, 3],
			"to": [12, 3, 12],
			"rotation": {"angle": 0, "axis": "y", "origin": [4, 2.5, 8.5]},
			"faces": {
				"north": {"uv": [4.5, 9.25, 6.5, 10], "texture": "#1"},
				"east": {"uv": [1.75, 10, 2.5, 12.25], "rotation": 90, "texture": "#1"},
				"south": {"uv": [2.5, 9.25, 4.5, 10], "texture": "#1"},
				"west": {"uv": [5.25, 12.25, 4.5, 10], "rotation": 90, "texture": "#1"},
				"up": {"uv": [7.25, 10, 5.25, 12.25], "rotation": 180, "texture": "#1"},
				"down": {"uv": [4.5, 10, 2.5, 12.25], "rotation": 180, "texture": "#1"}
			}
		},
		{
			"from": [5, -0.95, 4],
			"to": [11, 0, 11],
			"rotation": {"angle": 0, "axis": "y", "origin": [4, 2.5, 8.5]},
			"faces": {
				"north": {"uv": [9.75, 0.5, 11.5, 0.75], "texture": "#1"},
				"east": {"uv": [9.75, 0.75, 10, 2.5], "rotation": 90, "texture": "#1"},
				"south": {"uv": [8, 0.5, 9.75, 0.75], "texture": "#1"},
				"west": {"uv": [10, 2.5, 9.75, 0.75], "rotation": 90, "texture": "#1"},
				"up": {"uv": [16, 13.75, 14, 16], "rotation": 180, "texture": "#1"},
				"down": {"uv": [9.75, 0.75, 8, 2.5], "rotation": 180, "texture": "#1"}
			}
		},
		{
			"from": [-1, -1, 3],
			"to": [5, 0, 6],
			"rotation": {"angle": 22.5, "axis": "y", "origin": [5, -0.5, 4.5]},
			"faces": {
				"north": {"uv": [2.25, 5.25, 3.75, 5], "texture": "#1"},
				"east": {"uv": [3, 5, 2.25, 5.25], "texture": "#1"},
				"south": {"uv": [2.5, 5, 2.75, 3.5], "rotation": 90, "texture": "#1"},
				"west": {"uv": [3.75, 5, 4.5, 5.25], "texture": "#1"},
				"up": {"uv": [2.5, 3.5, 1.75, 5], "rotation": 270, "texture": "#1"},
				"down": {"uv": [2.5, 7.25, 1.75, 5.75], "rotation": 90, "texture": "#1"}
			}
		},
		{
			"from": [4.05, -5, 11],
			"to": [7, 1, 12],
			"rotation": {"angle": -45, "axis": "x", "origin": [5.5, -0.5, 11]},
			"faces": {
				"north": {"uv": [2.5, 7.25, 1.75, 5.75], "texture": "#1"},
				"east": {"uv": [2.5, 5, 2.75, 3.5], "texture": "#1"},
				"south": {"uv": [2.5, 3.5, 1.75, 5], "rotation": 180, "texture": "#1"},
				"west": {"uv": [2.25, 5.25, 3.75, 5], "rotation": 90, "texture": "#1"},
				"up": {"uv": [3, 5, 2.25, 5.25], "rotation": 180, "texture": "#1"},
				"down": {"uv": [3.75, 5, 4.5, 5.25], "texture": "#1"}
			}
		},
		{
			"from": [11, -1, 3],
			"to": [17, 0, 6],
			"rotation": {"angle": -22.5, "axis": "y", "origin": [11, -0.5, 4.5]},
			"faces": {
				"north": {"uv": [2.25, 5.25, 3.75, 5], "rotation": 180, "texture": "#1"},
				"east": {"uv": [3.75, 5, 4.5, 5.25], "rotation": 180, "texture": "#1"},
				"south": {"uv": [2.5, 5, 2.75, 3.5], "rotation": 270, "texture": "#1"},
				"west": {"uv": [3, 5, 2.25, 5.25], "rotation": 180, "texture": "#1"},
				"up": {"uv": [2.5, 5, 1.75, 3.5], "rotation": 270, "texture": "#1"},
				"down": {"uv": [2.5, 5.75, 1.75, 7.25], "rotation": 90, "texture": "#1"}
			}
		},
		{
			"from": [9, -5, 11],
			"to": [11.95, 1, 12],
			"rotation": {"angle": -45, "axis": "x", "origin": [10.5, -0.5, 11]},
			"faces": {
				"north": {"uv": [2.5, 5.75, 1.75, 7.25], "rotation": 180, "texture": "#1"},
				"east": {"uv": [2.25, 5.25, 3.75, 5], "rotation": 90, "texture": "#1"},
				"south": {"uv": [2.5, 5, 1.75, 3.5], "texture": "#1"},
				"west": {"uv": [2.5, 5, 2.75, 3.5], "texture": "#1"},
				"up": {"uv": [3, 5, 2.25, 5.25], "texture": "#1"},
				"down": {"uv": [3.75, 5, 4.5, 5.25], "rotation": 180, "texture": "#1"}
			}
		}
	],
	"display": {
		"thirdperson_righthand": {
			"translation": [-1, 4.5, 2],
			"scale": [0.5, 0.5, 0.5]
		},
		"thirdperson_lefthand": {
			"translation": [-1, 4.5, 2],
			"scale": [0.5, 0.5, 0.5]
		},
		"firstperson_righthand": {
			"translation": [-1, 4.5, 2],
			"scale": [0.5, 0.5, 0.5]
		},
		"firstperson_lefthand": {
			"rotation": [-20, 90, 0],
			"translation": [-1, 6.75, 0.75],
			"scale": [0.5, 0.5, 0.5]
		},
		"ground": {
			"translation": [0, 4, 0],
			"scale": [0.5, 0.5, 0.5]
		},
		"gui": {
			"rotation": [45, -140, 0],
			"translation": [-0.5, 5.5, 0]
		},
		"head": {
			"translation": [0, 21.25, 0.5],
			"scale": [1.65, 1.65, 1.65]
		},
		"fixed": {
			"rotation": [-90, 0, 0],
			"translation": [0, 0, -18],
			"scale": [2, 2, 2]
		}
	}
}