{
	"credit": "Сделано Веббером специально для MoreDeco https://modrinth.com/resourcepack/moredeco mc _Webber_3",
	"texture_size": [32, 32],
	"textures": {
		"0": "item/carved_pumpkin/pitomec/vote_crab",
		"particle": "item/carved_pumpkin/pitomec/vote_crab"
	},
	"elements": [
		{
			"from": [4, 0, 12],
			"to": [12, 3, 13],
			"rotation": {"angle": 0, "axis": "y", "origin": [4, 2.5, 8.5]},
			"faces": {
				"north": {"uv": [5.5, 2.5, 9.5, 4], "texture": "#0"},
				"east": {"uv": [9, 2.5, 9.5, 4], "texture": "#0"},
				"south": {"uv": [5.5, 2.5, 9.5, 4], "texture": "#0"},
				"west": {"uv": [5.5, 2.5, 6, 4], "texture": "#0"},
				"up": {"uv": [9.5, 3, 5.5, 2.5], "texture": "#0"},
				"down": {"uv": [4, 3.5, 1, 4], "texture": "#0"}
			}
		},
		{
			"from": [5, 4, 4],
			"to": [6, 6, 5],
			"rotation": {"angle": 0, "axis": "y", "origin": [4, 2.5, 8.5]},
			"faces": {
				"north": {"uv": [15.5, 0, 16, 1], "texture": "#0"},
				"east": {"uv": [15.5, 0, 16, 1], "texture": "#0"},
				"south": {"uv": [15.5, 0, 16, 1], "texture": "#0"},
				"west": {"uv": [15.5, 0, 16, 1], "texture": "#0"},
				"up": {"uv": [16, 1.5, 15.5, 1], "texture": "#0"},
				"down": {"uv": [0.5, 15.5, 0, 16], "texture": "#0"}
			}
		},
		{
			"from": [10, 4, 4],
			"to": [11, 6, 5],
			"rotation": {"angle": 0, "axis": "y", "origin": [4, 2.5, 8.5]},
			"faces": {
				"north": {"uv": [15.5, 0, 16, 1], "texture": "#0"},
				"east": {"uv": [15.5, 0, 16, 1], "texture": "#0"},
				"south": {"uv": [15.5, 0, 16, 1], "texture": "#0"},
				"west": {"uv": [15.5, 0, 16, 1], "texture": "#0"},
				"up": {"uv": [16, 1.5, 15.5, 1], "texture": "#0"},
				"down": {"uv": [0.5, 15.5, 0, 16], "texture": "#0"}
			}
		},
		{
			"from": [6, 2, 3],
			"to": [7, 4, 4],
			"rotation": {"angle": 0, "axis": "y", "origin": [4, 2.5, 8.5]},
			"faces": {
				"north": {"uv": [15, 0, 15.5, 1], "texture": "#0"},
				"east": {"uv": [15, 0, 15.5, 1], "texture": "#0"},
				"south": {"uv": [15, 0, 15.5, 1], "texture": "#0"},
				"west": {"uv": [15, 0, 15.5, 1], "texture": "#0"},
				"up": {"uv": [15.5, 0.5, 15, 0], "texture": "#0"},
				"down": {"uv": [15.5, 1, 15, 1.5], "texture": "#0"}
			}
		},
		{
			"from": [9, 2, 3],
			"to": [10, 4, 4],
			"rotation": {"angle": 0, "axis": "y", "origin": [4, 2.5, 8.5]},
			"faces": {
				"north": {"uv": [15, 0, 15.5, 1], "texture": "#0"},
				"east": {"uv": [15, 0, 15.5, 1], "texture": "#0"},
				"south": {"uv": [15, 0, 15.5, 1], "texture": "#0"},
				"west": {"uv": [15, 0, 15.5, 1], "texture": "#0"},
				"up": {"uv": [15.5, 0.5, 15, 0], "texture": "#0"},
				"down": {"uv": [15.5, 1, 15, 1.5], "texture": "#0"}
			}
		},
		{
			"from": [3, 0, 4],
			"to": [13, 4, 12],
			"rotation": {"angle": 0, "axis": "y", "origin": [8, 2, 8]},
			"faces": {
				"north": {"uv": [5, 0, 10, 2], "texture": "#0"},
				"east": {"uv": [5, 7.5, 9, 9.5], "texture": "#0"},
				"south": {"uv": [5, 2, 10, 4], "texture": "#0"},
				"west": {"uv": [5, 7.5, 9, 9.5], "texture": "#0"},
				"up": {"uv": [5, 4, 0, 0], "texture": "#0"},
				"down": {"uv": [5, 4, 0, 8], "texture": "#0"}
			}
		},
		{
			"from": [3, 4, 4],
			"to": [13, 0, 12],
			"rotation": {"angle": 0, "axis": "z", "origin": [8, 2, 8]},
			"faces": {
				"north": {"uv": [5, 0, 10, 2], "rotation": 180, "texture": "#0"},
				"east": {"uv": [5, 7.5, 9, 9.5], "rotation": 180, "texture": "#0"},
				"south": {"uv": [5, 2, 10, 4], "rotation": 180, "texture": "#0"},
				"west": {"uv": [5, 7.5, 9, 9.5], "rotation": 180, "texture": "#0"},
				"up": {"uv": [5, 4, 0, 8], "rotation": 180, "texture": "#0"},
				"down": {"uv": [5, 4, 0, 0], "rotation": 180, "texture": "#0"}
			}
		},
		{
			"from": [3.25, 0.25, 4.25],
			"to": [12.75, 3.75, 11.75],
			"rotation": {"angle": 0, "axis": "y", "origin": [8, 2, 8]},
			"faces": {
				"north": {"uv": [10.5, 14, 15.5, 16], "texture": "#0"},
				"east": {"uv": [9, 14, 5, 16], "texture": "#0"},
				"south": {"uv": [10.5, 12, 15.5, 14], "texture": "#0"},
				"west": {"uv": [5, 14, 9, 16], "texture": "#0"},
				"up": {"uv": [1, 16, 0, 15], "texture": "#0"},
				"down": {"uv": [9.5, 10, 4.5, 14], "texture": "#0"}
			}
		},
		{
			"from": [11, 0, 2],
			"to": [15, 3, 4],
			"rotation": {"angle": -22.5, "axis": "z", "origin": [12.5, 1.5, 3]},
			"faces": {
				"north": {"uv": [0, 10, 2, 11.5], "texture": "#0"},
				"east": {"uv": [2, 10, 3, 11.5], "texture": "#0"},
				"south": {"uv": [2, 10, 0, 11.5], "texture": "#0"},
				"west": {"uv": [3, 10, 4, 11.5], "texture": "#0"},
				"up": {"uv": [4, 12.5, 2, 11.5], "texture": "#0"},
				"down": {"uv": [2, 11.5, 0, 12.5], "texture": "#0"}
			}
		},
		{
			"from": [11, 2, 2],
			"to": [13, 1, 4],
			"rotation": {"angle": -22.5, "axis": "z", "origin": [12.5, 1.5, 3]},
			"faces": {
				"north": {"uv": [1, 15.5, 0, 16], "texture": "#0"},
				"east": {"uv": [0.5, 10.5, 1, 11], "texture": "#0"},
				"south": {"uv": [0.5, 15.5, 1, 16], "texture": "#0"},
				"west": {"uv": [0.5, 15.5, 1, 16], "texture": "#0"},
				"up": {"uv": [0.5, 11, 1.5, 11.5], "texture": "#0"},
				"down": {"uv": [0.5, 10, 1.5, 10.5], "texture": "#0"}
			}
		},
		{
			"from": [11.25, 1, 2.125],
			"to": [13, 2, 3.875],
			"rotation": {"angle": -22.5, "axis": "z", "origin": [12.5, 1.5, 3]},
			"faces": {
				"north": {"uv": [14.5, 9.5, 13.5, 10], "texture": "#0"},
				"east": {"uv": [13.5, 9.5, 14.5, 10], "texture": "#0"},
				"south": {"uv": [13.5, 9.5, 14.5, 10], "texture": "#0"},
				"west": {"uv": [13.5, 9.5, 14, 10], "texture": "#0"},
				"up": {"uv": [0, 15, 1, 16], "texture": "#0"},
				"down": {"uv": [0, 15, 1, 16], "texture": "#0"}
			}
		},
		{
			"from": [-1, -3, 1],
			"to": [4, 5, 4],
			"rotation": {"angle": -22.5, "axis": "z", "origin": [3, 0, 2.5]},
			"faces": {
				"north": {"uv": [10, 0, 14, 2.5], "rotation": 90, "texture": "#0"},
				"east": {"uv": [15.5, 5, 11.5, 6.5], "rotation": 270, "texture": "#0"},
				"south": {"uv": [14, 2.5, 10, 5], "rotation": 270, "texture": "#0"},
				"west": {"uv": [14, 9, 10, 7.5], "rotation": 270, "texture": "#0"},
				"up": {"uv": [8.5, 5, 10, 7.5], "rotation": 270, "texture": "#0"},
				"down": {"uv": [10, 5, 11.5, 7.5], "rotation": 270, "texture": "#0"}
			}
		},
		{
			"from": [1, 1, 1.125],
			"to": [2, 4.75, 3.875],
			"rotation": {"angle": -22.5, "axis": "z", "origin": [3, 0, 2.5]},
			"faces": {
				"north": {"uv": [13.5, 9.5, 15.5, 10], "rotation": 90, "texture": "#0"},
				"east": {"uv": [1, 15, 0, 16], "rotation": 270, "texture": "#0"},
				"south": {"uv": [13.5, 9.5, 15.5, 10], "rotation": 270, "texture": "#0"},
				"west": {"uv": [1, 15, 0, 16], "rotation": 270, "texture": "#0"},
				"up": {"uv": [14, 10, 13.5, 9.5], "rotation": 270, "texture": "#0"},
				"down": {"uv": [1, 16, 0, 15], "rotation": 90, "texture": "#0"}
			}
		},
		{
			"from": [2, 1, 1],
			"to": [1, 5, 4],
			"rotation": {"angle": -22.5, "axis": "z", "origin": [3, 0, 2.5]},
			"faces": {
				"north": {"uv": [0, 15.5, 0.5, 16], "rotation": 180, "texture": "#0"},
				"east": {"uv": [12, 3, 10, 3.5], "rotation": 270, "texture": "#0"},
				"south": {"uv": [0, 15.5, 0.5, 16], "texture": "#0"},
				"west": {"uv": [12, 4, 10, 4.5], "rotation": 270, "texture": "#0"},
				"up": {"uv": [0.5, 16, 0, 15.5], "texture": "#0"},
				"down": {"uv": [12.5, 4, 12, 3.5], "rotation": 90, "texture": "#0"}
			}
		},
		{
			"from": [2, -1, 4.95],
			"to": [3, 3, 5.95],
			"rotation": {"angle": -22.5, "axis": "z", "origin": [2.5, 1, 8.5]},
			"faces": {
				"north": {"uv": [15.5, 2, 16, 4], "texture": "#0"},
				"east": {"uv": [15.5, 2, 16, 4], "texture": "#0"},
				"south": {"uv": [15.5, 2, 16, 4], "texture": "#0"},
				"west": {"uv": [15.5, 2, 16, 4], "texture": "#0"},
				"up": {"uv": [16, 2, 15.5, 1.5], "texture": "#0"},
				"down": {"uv": [16, 4, 15.5, 4.5], "texture": "#0"}
			}
		},
		{
			"from": [2, -1, 6.95],
			"to": [3, 3, 7.95],
			"rotation": {"angle": -22.5, "axis": "z", "origin": [2.5, 1, 8.5]},
			"faces": {
				"north": {"uv": [15.5, 2, 16, 4], "texture": "#0"},
				"east": {"uv": [15.5, 2, 16, 4], "texture": "#0"},
				"south": {"uv": [15.5, 2, 16, 4], "texture": "#0"},
				"west": {"uv": [15.5, 2, 16, 4], "texture": "#0"},
				"up": {"uv": [16, 2, 15.5, 1.5], "texture": "#0"},
				"down": {"uv": [16, 4, 15.5, 4.5], "texture": "#0"}
			}
		},
		{
			"from": [2, -1, 8.95],
			"to": [3, 3, 9.95],
			"rotation": {"angle": -22.5, "axis": "z", "origin": [2.5, 1, 8.5]},
			"faces": {
				"north": {"uv": [15.5, 2, 16, 4], "texture": "#0"},
				"east": {"uv": [15.5, 2, 16, 4], "texture": "#0"},
				"south": {"uv": [15.5, 2, 16, 4], "texture": "#0"},
				"west": {"uv": [15.5, 2, 16, 4], "texture": "#0"},
				"up": {"uv": [16, 2, 15.5, 1.5], "texture": "#0"},
				"down": {"uv": [16, 4, 15.5, 4.5], "texture": "#0"}
			}
		},
		{
			"from": [2, -1, 10.95],
			"to": [3, 3, 11.95],
			"rotation": {"angle": -22.5, "axis": "z", "origin": [2.5, 1, 8.5]},
			"faces": {
				"north": {"uv": [15.5, 2, 16, 4], "texture": "#0"},
				"east": {"uv": [15.5, 2, 16, 4], "texture": "#0"},
				"south": {"uv": [15.5, 2, 16, 4], "texture": "#0"},
				"west": {"uv": [15.5, 2, 16, 4], "texture": "#0"},
				"up": {"uv": [16, 2, 15.5, 1.5], "texture": "#0"},
				"down": {"uv": [16, 4, 15.5, 4.5], "texture": "#0"}
			}
		},
		{
			"from": [13, -1, 8.95],
			"to": [14, 3, 9.95],
			"rotation": {"angle": 22.5, "axis": "z", "origin": [13.5, 1, 8.5]},
			"faces": {
				"north": {"uv": [15.5, 2, 16, 4], "texture": "#0"},
				"east": {"uv": [15.5, 2, 16, 4], "texture": "#0"},
				"south": {"uv": [15.5, 2, 16, 4], "texture": "#0"},
				"west": {"uv": [15.5, 2, 16, 4], "texture": "#0"},
				"up": {"uv": [16, 2, 15.5, 1.5], "texture": "#0"},
				"down": {"uv": [16, 4, 15.5, 4.5], "texture": "#0"}
			}
		},
		{
			"from": [13, -1, 10.95],
			"to": [14, 3, 11.95],
			"rotation": {"angle": 22.5, "axis": "z", "origin": [13.5, 1, 8.5]},
			"faces": {
				"north": {"uv": [15.5, 2, 16, 4], "texture": "#0"},
				"east": {"uv": [15.5, 2, 16, 4], "texture": "#0"},
				"south": {"uv": [15.5, 2, 16, 4], "texture": "#0"},
				"west": {"uv": [15.5, 2, 16, 4], "texture": "#0"},
				"up": {"uv": [16, 2, 15.5, 1.5], "texture": "#0"},
				"down": {"uv": [16, 4, 15.5, 4.5], "texture": "#0"}
			}
		},
		{
			"from": [13, -1, 6.95],
			"to": [14, 3, 7.95],
			"rotation": {"angle": 22.5, "axis": "z", "origin": [13.5, 1, 8.5]},
			"faces": {
				"north": {"uv": [15.5, 2, 16, 4], "texture": "#0"},
				"east": {"uv": [15.5, 2, 16, 4], "texture": "#0"},
				"south": {"uv": [15.5, 2, 16, 4], "texture": "#0"},
				"west": {"uv": [15.5, 2, 16, 4], "texture": "#0"},
				"up": {"uv": [16, 2, 15.5, 1.5], "texture": "#0"},
				"down": {"uv": [16, 4, 15.5, 4.5], "texture": "#0"}
			}
		},
		{
			"from": [13, -1, 4.95],
			"to": [14, 3, 5.95],
			"rotation": {"angle": 22.5, "axis": "z", "origin": [13.5, 1, 8.5]},
			"faces": {
				"north": {"uv": [15.5, 2, 16, 4], "texture": "#0"},
				"east": {"uv": [15.5, 2, 16, 4], "texture": "#0"},
				"south": {"uv": [15.5, 2, 16, 4], "texture": "#0"},
				"west": {"uv": [15.5, 2, 16, 4], "texture": "#0"},
				"up": {"uv": [16, 2, 15.5, 1.5], "texture": "#0"},
				"down": {"uv": [16, 4, 15.5, 4.5], "texture": "#0"}
			}
		}
	],
	"display": {
		"thirdperson_righthand": {
			"translation": [0, 4.25, 1.5],
			"scale": [0.5, 0.5, 0.5]
		},
		"thirdperson_lefthand": {
			"rotation": [90, 0, 0],
			"translation": [0, -2, 16],
			"scale": [0.5, 0.5, 0.5]
		},
		"firstperson_righthand": {
			"rotation": [18, 0, 0],
			"translation": [-0.5, 5.75, 5.25],
			"scale": [0.5, 0.5, 0.5]
		},
		"firstperson_lefthand": {
			"rotation": [107, 66, -129],
			"translation": [0.5, 5.5, 2],
			"scale": [0.5, 0.5, 0.5]
		},
		"ground": {
			"translation": [0, 5, 0],
			"scale": [0.75, 0.75, 0.75]
		},
		"gui": {
			"rotation": [50, -145, 0],
			"translation": [-1.5, 3.5, 0],
			"scale": [0.8, 0.8, 0.8]
		},
		"head": {
			"translation": [0, 20.25, 0],
			"scale": [1.75, 1.75, 1.75]
		},
		"fixed": {
			"rotation": [-90, 0, 0],
			"translation": [0, 2, -18],
			"scale": [2, 2, 2]
		}
	},
	"groups": [
		{
			"name": "group",
			"origin": [8, 2, 8],
			"color": 0,
			"children": [0, 1, 2, 3, 4, 5, 6, 7]
		},
		{
			"name": "group",
			"origin": [4, 2.5, 8.5],
			"color": 0,
			"children": [8, 9, 10, 11, 12, 13]
		},
		{
			"name": "group",
			"origin": [13.5, 1, 8.5],
			"color": 0,
			"children": [14, 15, 16, 17, 18, 19, 20, 21]
		}
	]
}