{
	"credit": "Сделано Веббером специально для MoreDeco https://modrinth.com/resourcepack/moredeco mc _Webber_3",
	"textures": {
		"0": "item/book/book",
		"particle": "item/book/book"
	},
	"elements": [
		{
			"from": [3, 0, 7.5],
			"to": [13, 0.5, 9],
			"faces": {
				"north": {"uv": [3, 0, 3.25, 2.5], "rotation": 90, "texture": "#0"},
				"east": {"uv": [2, 6.5, 2.5, 6.75], "texture": "#0"},
				"south": {"uv": [8.5, 0, 8.75, 2.5], "rotation": 90, "texture": "#0"},
				"west": {"uv": [0, 6.5, 2, 6.75], "texture": "#0"},
				"up": {"uv": [2.5, 4, 3, 6.5], "rotation": 90, "texture": "#0"},
				"down": {"uv": [3, 4, 3.5, 6.5], "rotation": 90, "texture": "#0"}
			}
		},
		{
			"from": [3, 0, 7],
			"to": [13, 6, 7.5],
			"faces": {
				"north": {"uv": [0, 2.5, 2.5, 4], "texture": "#0"},
				"east": {"uv": [5.25, 2.5, 5.5, 4], "texture": "#0"},
				"south": {"uv": [2.75, 4, 5.25, 2.5], "rotation": 180, "texture": "#0"},
				"west": {"uv": [2.75, 4, 2.5, 2.5], "texture": "#0"},
				"up": {"uv": [2.5, 2.5, 2.75, 0], "rotation": 90, "texture": "#0"},
				"down": {"uv": [3, 4, 3.5, 6.5], "rotation": 90, "texture": "#0"}
			}
		},
		{
			"from": [3, 0, 9],
			"to": [13, 6, 9.5],
			"faces": {
				"north": {"uv": [5.5, 2.5, 8, 4], "texture": "#0"},
				"east": {"uv": [10.75, 2.5, 11, 4], "texture": "#0"},
				"south": {"uv": [8.25, 4, 10.75, 2.5], "rotation": 180, "texture": "#0"},
				"west": {"uv": [8.25, 4, 8, 2.5], "texture": "#0"},
				"up": {"uv": [2.5, 2.5, 2.75, 0], "rotation": 90, "texture": "#0"},
				"down": {"uv": [3, 4, 3.5, 6.5], "rotation": 90, "texture": "#0"}
			}
		},
		{
			"from": [4, 0.5, 8.5],
			"to": [12, 5.5, 9],
			"faces": {
				"north": {"uv": [6, 6, 8, 7.25], "texture": "#0"},
				"east": {"uv": [8, 7.25, 8.25, 6], "texture": "#0"},
				"south": {"uv": [9, 9.5, 11.25, 8.25], "rotation": 180, "texture": "#0"},
				"west": {"uv": [8.25, 7.25, 8.5, 6], "texture": "#0"},
				"up": {"uv": [8.25, 6, 8.5, 7.25], "rotation": 90, "texture": "#0"},
				"down": {"uv": [15.5, 13.5, 16, 16], "rotation": 90, "texture": "#0"}
			}
		},
		{
			"from": [4, 0.5, 7.5],
			"to": [12, 5.5, 8],
			"rotation": {"angle": 0, "axis": "y", "origin": [8, 2.5, 7.25]},
			"faces": {
				"north": {"uv": [9, 9.5, 11.25, 8.25], "rotation": 180, "texture": "#0"},
				"east": {"uv": [8, 7.25, 8.25, 6], "texture": "#0"},
				"south": {"uv": [8.5, 6, 10.5, 7.25], "texture": "#0"},
				"west": {"uv": [8.25, 7.25, 8.5, 6], "texture": "#0"},
				"up": {"uv": [8.5, 6, 8.25, 7.25], "rotation": 270, "texture": "#0"},
				"down": {"uv": [15.5, 13.5, 16, 16], "rotation": 270, "texture": "#0"}
			}
		}
	],
	"display": {
		"thirdperson_righthand": {
			"rotation": [0, -90, 0],
			"translation": [-2, 6, 0],
			"scale": [0.75, 0.75, 0.75]
		},
		"thirdperson_lefthand": {
			"rotation": [0, -90, 0],
			"translation": [-2, 6, 0],
			"scale": [0.75, 0.75, 0.75]
		},
		"firstperson_righthand": {
			"rotation": [75, -90, 0],
			"translation": [-2, 5.75, 6],
			"scale": [0.75, 0.75, 0.75]
		},
		"firstperson_lefthand": {
			"rotation": [75, -90, 0],
			"translation": [-2, 5.75, 6],
			"scale": [0.75, 0.75, 0.75]
		},
		"ground": {
			"rotation": [90, 0, 0],
			"translation": [0, 0, 5]
		},
		"gui": {
			"rotation": [-26, -30, -90],
			"translation": [5, 1.25, 0],
			"scale": [1.25, 1.25, 1.25]
		},
		"head": {
			"rotation": [0, 0, 90],
			"translation": [-5, -14.25, 4.75],
			"scale": [1.25, 1.25, 1.25]
		},
		"fixed": {
			"translation": [0, 10, -3],
			"scale": [2, 2, 2]
		}
	}
}