{
	"credit": "Сделано Веббером специально для MoreDeco https://modrinth.com/resourcepack/moredeco mc _Webber_3",
	"texture_size": [32, 32],
	"textures": {
		"2": "item/carved_pumpkin/emotes/blevotnya",
		"particle": "item/carved_pumpkin/emotes/blevotnya"
	},
	"elements": [
		{
			"from": [0, 0, 8],
			"to": [16, 16, 8],
			"faces": {
				"north": {"uv": [0, 0, 16, 16], "texture": "#2"},
				"east": {"uv": [0, 0, 16, 16], "texture": "#2"},
				"south": {"uv": [16, 0, 0, 16], "texture": "#2"},
				"west": {"uv": [0, 0, 16, 16], "texture": "#2"},
				"up": {"uv": [16, 0, 0, 16], "texture": "#2"},
				"down": {"uv": [16, 0, 0, 16], "texture": "#2"}
			}
		}
	],
	"display": {
		"thirdperson_righthand": {
			"rotation": [0, 90, 0]
		},
		"thirdperson_lefthand": {
			"rotation": [0, 90, 0]
		},
		"ground": {
			"rotation": [90, 0, 0]
		},
		"gui": {
			"scale": [1.5, 1.5, 1.5]
		},
		"head": {
			"translation": [0, -9.75, -6.5],
			"scale": [1.65, 1.65, 1.65]
		},
		"fixed": {
			"rotation": [-90, 0, 0],
			"translation": [0, 0, -8],
			"scale": [2, 2, 2]
		}
	}
}