{
	"credit": "Сделано Веббером специально для MoreDeco https://modrinth.com/resourcepack/moredeco mc _Webber_3",
	"textures": {
		"0": "item/cake/cake_piece",
		"1": "item/cake/wedding_human_mini",
		"particle": "item/cake/cake_piece"
	},
	"elements": [
		{
			"from": [5, 13.05, 5],
			"to": [11, 13.05, 11],
			"faces": {
				"north": {"uv": [8.5, 9.5, 12.5, 13.5], "texture": "#0"},
				"east": {"uv": [12.5, 9.5, 8.5, 13.5], "texture": "#0"},
				"south": {"uv": [8.5, 9.5, 12.5, 13.5], "texture": "#0"},
				"west": {"uv": [12.5, 9.5, 8.5, 13.5], "texture": "#0"},
				"up": {"uv": [8.5, 9.5, 7.5, 8.5], "texture": "#0"},
				"down": {"uv": [3, 12, 7, 16], "rotation": 180, "texture": "#0"}
			}
		},
		{
			"from": [4, 6, 4],
			"to": [12, 13, 12],
			"faces": {
				"north": {"uv": [8.5, 9.5, 12.5, 13.5], "texture": "#0"},
				"east": {"uv": [12.5, 9.5, 8.5, 13.5], "texture": "#0"},
				"south": {"uv": [8.5, 9.5, 12.5, 13.5], "texture": "#0"},
				"west": {"uv": [12.5, 9.5, 8.5, 13.5], "texture": "#0"},
				"up": {"uv": [12.5, 13.5, 8.5, 9.5], "texture": "#0"},
				"down": {"uv": [3, 12, 7, 16], "rotation": 180, "texture": "#0"}
			}
		},
		{
			"from": [1, 0, 1],
			"to": [15, 8, 15],
			"faces": {
				"north": {"uv": [0, 8, 7, 12], "texture": "#0"},
				"east": {"uv": [7, 8, 0, 12], "texture": "#0"},
				"south": {"uv": [0, 8, 7, 12], "texture": "#0"},
				"west": {"uv": [7, 8, 0, 12], "texture": "#0"},
				"up": {"uv": [14, 15, 7, 8], "texture": "#0"},
				"down": {"uv": [3, 12, 7, 16], "rotation": 180, "texture": "#0"}
			}
		},
		{
			"from": [7, 16, 9.5],
			"to": [9, 18, 11.5],
			"rotation": {"angle": 0, "axis": "y", "origin": [7.25, 15.75, 9.75]},
			"faces": {
				"north": {"uv": [2, 10, 4, 12], "texture": "#1"},
				"east": {"uv": [0, 10, 2, 12], "texture": "#1"},
				"south": {"uv": [6, 10, 8, 12], "texture": "#1"},
				"west": {"uv": [4, 10, 6, 12], "texture": "#1"},
				"up": {"uv": [2, 8, 4, 10], "rotation": 180, "texture": "#1"},
				"down": {"uv": [4, 8, 6, 10], "texture": "#1"}
			}
		},
		{
			"from": [7, 13, 10],
			"to": [9, 16, 11],
			"rotation": {"angle": 0, "axis": "y", "origin": [12.5, 20, 14]},
			"faces": {
				"north": {"uv": [5, 13, 7, 16], "texture": "#1"},
				"east": {"uv": [4, 13, 5, 16], "texture": "#1"},
				"south": {"uv": [8, 13, 10, 16], "texture": "#1"},
				"west": {"uv": [7, 13, 8, 16], "texture": "#1"},
				"up": {"uv": [5, 12, 7, 13], "rotation": 180, "texture": "#1"},
				"down": {"uv": [7, 12, 9, 13], "texture": "#1"}
			}
		},
		{
			"from": [6, 15, 8],
			"to": [7, 16, 11],
			"rotation": {"angle": -22.5, "axis": "x", "origin": [7, 15.5, 10]},
			"faces": {
				"north": {"uv": [12, 12, 13, 13], "rotation": 180, "texture": "#1"},
				"east": {"uv": [13, 13, 12, 16], "rotation": 270, "texture": "#1"},
				"south": {"uv": [11, 12, 12, 13], "rotation": 180, "texture": "#1"},
				"west": {"uv": [11, 13, 10, 16], "rotation": 90, "texture": "#1"},
				"up": {"uv": [12, 13, 11, 16], "rotation": 180, "texture": "#1"},
				"down": {"uv": [14, 13, 13, 16], "texture": "#1"}
			}
		},
		{
			"from": [9, 14.80866, 8.03806],
			"to": [10, 15.80866, 11.03806],
			"rotation": {"angle": -22.5, "axis": "x", "origin": [9.5, 15.30866, 9.53806]},
			"faces": {
				"north": {"uv": [12, 12, 13, 13], "rotation": 180, "texture": "#1"},
				"east": {"uv": [11, 13, 10, 16], "rotation": 270, "texture": "#1"},
				"south": {"uv": [11, 12, 12, 13], "rotation": 180, "texture": "#1"},
				"west": {"uv": [13, 13, 12, 16], "rotation": 90, "texture": "#1"},
				"up": {"uv": [12, 13, 11, 16], "rotation": 180, "texture": "#1"},
				"down": {"uv": [14, 13, 13, 16], "texture": "#1"}
			}
		},
		{
			"from": [7, 16, 4.5],
			"to": [9, 18, 6.5],
			"rotation": {"angle": 0, "axis": "y", "origin": [8, 17, 5.5]},
			"faces": {
				"north": {"uv": [6, 2, 8, 4], "texture": "#1"},
				"east": {"uv": [4, 2, 6, 4], "texture": "#1"},
				"south": {"uv": [2, 2, 4, 4], "texture": "#1"},
				"west": {"uv": [0, 2, 2, 4], "texture": "#1"},
				"up": {"uv": [2, 0, 4, 2], "texture": "#1"},
				"down": {"uv": [4, 0, 6, 2], "rotation": 180, "texture": "#1"}
			}
		},
		{
			"from": [7, 13, 5],
			"to": [9, 16, 6],
			"rotation": {"angle": 0, "axis": "y", "origin": [8, 14.5, 5.5]},
			"faces": {
				"north": {"uv": [5, 5, 7, 8], "texture": "#1"},
				"east": {"uv": [4, 5, 5, 8], "texture": "#1"},
				"south": {"uv": [8, 5, 10, 8], "texture": "#1"},
				"west": {"uv": [7, 5, 8, 8], "texture": "#1"},
				"up": {"uv": [5, 4, 7, 5], "rotation": 180, "texture": "#1"},
				"down": {"uv": [7, 4, 9, 5], "texture": "#1"}
			}
		},
		{
			"from": [9, 15, 5],
			"to": [10, 16, 8],
			"rotation": {"angle": 0, "axis": "y", "origin": [8, 15.75, 5.5]},
			"faces": {
				"north": {"uv": [12, 4, 13, 5], "rotation": 180, "texture": "#1"},
				"east": {"uv": [13, 5, 12, 8], "rotation": 270, "texture": "#1"},
				"south": {"uv": [11, 4, 12, 5], "rotation": 180, "texture": "#1"},
				"west": {"uv": [11, 5, 10, 8], "rotation": 90, "texture": "#1"},
				"up": {"uv": [12, 5, 11, 8], "rotation": 180, "texture": "#1"},
				"down": {"uv": [14, 5, 13, 8], "texture": "#1"}
			}
		},
		{
			"from": [6, 15, 5],
			"to": [7, 16, 8],
			"rotation": {"angle": 0, "axis": "y", "origin": [8, 15.75, 5.5]},
			"faces": {
				"north": {"uv": [12, 4, 13, 5], "rotation": 180, "texture": "#1"},
				"east": {"uv": [11, 5, 10, 8], "rotation": 270, "texture": "#1"},
				"south": {"uv": [11, 4, 12, 5], "rotation": 180, "texture": "#1"},
				"west": {"uv": [13, 5, 12, 8], "rotation": 90, "texture": "#1"},
				"up": {"uv": [12, 5, 11, 8], "rotation": 180, "texture": "#1"},
				"down": {"uv": [14, 5, 13, 8], "texture": "#1"}
			}
		}
	],
	"display": {
		"thirdperson_righthand": {
			"translation": [-6, 8, 1]
		},
		"thirdperson_lefthand": {
			"translation": [-6, 8, 1]
		},
		"firstperson_righthand": {
			"rotation": [0, -180, 0]
		},
		"ground": {
			"translation": [0, 5, 0]
		},
		"gui": {
			"rotation": [35, 35, 0],
			"translation": [0, 0.75, 0],
			"scale": [0.7, 0.7, 0.7]
		},
		"head": {
			"translation": [0, 14.25, 0]
		},
		"fixed": {
			"rotation": [-90, 0, 0],
			"translation": [0, 0, -16],
			"scale": [2, 2, 2]
		}
	},
	"groups": [
		0,
		1,
		2,
		{
			"name": "group",
			"origin": [7.25, 10, 8.75],
			"color": 0,
			"children": [3, 4, 5, 6]
		},
		{
			"name": "group",
			"origin": [7.25, 10, 8.75],
			"color": 0,
			"children": [7, 8, 9, 10]
		}
	]
}