{
	"credit": "Сделано Веббером специально для MoreDeco https://modrinth.com/resourcepack/moredeco mc _Webber_3",
	"texture_size": [64, 64],
	"textures": {
		"0": "item/lectern/stone_lectern",
		"particle": "item/lectern/stone_lectern"
	},
	"elements": [
		{
			"from": [0, 11, 2.5],
			"to": [16, 16.01, 16.5],
			"rotation": {"angle": -22.5, "axis": "x", "origin": [8, 8, 8]},
			"faces": {
				"north": {"uv": [5.33333, 3.33333, 10.66667, 5], "texture": "#0"},
				"east": {"uv": [5.66667, 1.66667, 10.33333, 3.33333], "texture": "#0"},
				"south": {"uv": [5.33333, 0, 10.66667, 1.66667], "texture": "#0"},
				"west": {"uv": [10.33333, 1.66667, 5.66667, 3.33333], "texture": "#0"},
				"up": {"uv": [10.66667, 10.33333, 5.33333, 5.66667], "texture": "#0"},
				"down": {"uv": [10.66667, 5.66667, 5.33333, 10.33333], "texture": "#0"}
			}
		},
		{
			"from": [3, 2, 3],
			"to": [13, 14, 13],
			"faces": {
				"north": {"uv": [1, 0.33333, 4.33333, 4.33333], "texture": "#0"},
				"east": {"uv": [1, 0.33333, 4.33333, 4.33333], "texture": "#0"},
				"south": {"uv": [1, 0.33333, 4.33333, 4.33333], "texture": "#0"},
				"west": {"uv": [4.33333, 0.33333, 1, 4.33333], "texture": "#0"}
			}
		},
		{
			"from": [-0.125, 0, -0.125],
			"to": [16.125, 3, 16.125],
			"faces": {
				"north": {"uv": [0, 4.33333, 5.33333, 5.33333], "texture": "#0", "cullface": "east"},
				"east": {"uv": [5.33333, 4.33333, 0, 5.33333], "texture": "#0", "cullface": "east"},
				"south": {"uv": [0, 4.33333, 5.33333, 5.33333], "texture": "#0", "cullface": "east"},
				"west": {"uv": [0, 4.33333, 5.33333, 5.33333], "texture": "#0", "cullface": "east"},
				"up": {"uv": [10.66667, 5.33333, 16, 10.66667], "texture": "#0"},
				"down": {"uv": [0, 5.33333, 5.33333, 10.66667], "texture": "#0", "cullface": "down"}
			}
		}
	],
	"display": {
		"thirdperson_righthand": {
			"translation": [-2.5, 1, 0],
			"scale": [0.5, 0.5, 0.5]
		},
		"thirdperson_lefthand": {
			"translation": [-2.5, 1, 0],
			"scale": [0.5, 0.5, 0.5]
		},
		"firstperson_righthand": {
			"translation": [0.25, 1, 0],
			"scale": [0.35, 0.35, 0.35]
		},
		"firstperson_lefthand": {
			"translation": [0.25, 1, 0],
			"scale": [0.35, 0.35, 0.35]
		},
		"ground": {
			"translation": [0, 2, 0],
			"scale": [0.5, 0.5, 0.5]
		},
		"gui": {
			"rotation": [25, -135, 0],
			"scale": [0.55, 0.55, 0.55]
		},
		"head": {
			"translation": [0, 15, 0]
		},
		"fixed": {
			"translation": [0, 0, 16],
			"scale": [2.01, 2.01, 2.01]
		}
	}
}