{
	"credit": "Сделано Веббером специально для MoreDeco https://modrinth.com/resourcepack/moredeco mc _Webber_3",
	"texture_size": [32, 32],
	"textures": {
		"2": "item/wooden_axe/gitar_rudi",
		"particle": "item/wooden_axe/gitar_rudi"
	},
	"elements": [
		{
			"from": [7.125, 21.7, 6.85],
			"to": [8.875, 24.45, 6.85],
			"rotation": {"angle": 22.5, "axis": "x", "origin": [8, 22, 7.5]},
			"faces": {
				"north": {"uv": [10.5, 0, 16, 1.5], "texture": "#2"},
				"east": {"uv": [16, 15, 15, 16], "texture": "#2"},
				"south": {"uv": [10.5, 0, 16, 1.5], "texture": "#2"},
				"west": {"uv": [15, 15, 16, 16], "texture": "#2"},
				"up": {"uv": [16, 16, 15, 15], "texture": "#2"},
				"down": {"uv": [16, 15, 15, 16], "texture": "#2"}
			}
		},
		{
			"from": [7.125, 5, 6.8],
			"to": [8.875, 22, 6.8],
			"faces": {
				"north": {"uv": [8, 13, 13.5, 16], "texture": "#2"},
				"east": {"uv": [16, 15, 15, 16], "texture": "#2"},
				"south": {"uv": [8, 13, 13.5, 16], "texture": "#2"},
				"west": {"uv": [15, 15, 16, 16], "texture": "#2"},
				"up": {"uv": [16, 16, 15, 15], "texture": "#2"},
				"down": {"uv": [16, 15, 15, 16], "texture": "#2"}
			}
		},
		{
			"from": [7, 24, 6.9],
			"to": [7.5, 24.5, 7.05],
			"rotation": {"angle": 22.5, "axis": "x", "origin": [8, 22, 7.5]},
			"faces": {
				"north": {"uv": [7, 0.5, 7.5, 1], "texture": "#2"},
				"east": {"uv": [7, 0.5, 7.5, 1], "texture": "#2"},
				"south": {"uv": [7, 0.5, 7.5, 1], "texture": "#2"},
				"west": {"uv": [7, 0.5, 7.5, 1], "texture": "#2"},
				"up": {"uv": [7.5, 1, 7, 0.5], "texture": "#2"},
				"down": {"uv": [7.5, 0.5, 7, 1], "texture": "#2"}
			}
		},
		{
			"from": [8.5, 24, 6.9],
			"to": [9, 24.5, 7.05],
			"rotation": {"angle": 22.5, "axis": "x", "origin": [8, 22, 7.5]},
			"faces": {
				"north": {"uv": [7, 0.5, 7.5, 1], "texture": "#2"},
				"east": {"uv": [7, 0.5, 7.5, 1], "texture": "#2"},
				"south": {"uv": [7, 0.5, 7.5, 1], "texture": "#2"},
				"west": {"uv": [7, 0.5, 7.5, 1], "texture": "#2"},
				"up": {"uv": [7.5, 1, 7, 0.5], "texture": "#2"},
				"down": {"uv": [7.5, 0.5, 7, 1], "texture": "#2"}
			}
		},
		{
			"from": [7.25, 23.1, 6.9],
			"to": [7.75, 23.6, 7.05],
			"rotation": {"angle": 22.5, "axis": "x", "origin": [8, 22, 7.5]},
			"faces": {
				"north": {"uv": [7, 0.5, 7.5, 1], "texture": "#2"},
				"east": {"uv": [7, 0.5, 7.5, 1], "texture": "#2"},
				"south": {"uv": [7, 0.5, 7.5, 1], "texture": "#2"},
				"west": {"uv": [7, 0.5, 7.5, 1], "texture": "#2"},
				"up": {"uv": [7.5, 1, 7, 0.5], "texture": "#2"},
				"down": {"uv": [7.5, 0.5, 7, 1], "texture": "#2"}
			}
		},
		{
			"from": [8.25, 23.1, 6.9],
			"to": [8.75, 23.6, 7.05],
			"rotation": {"angle": 22.5, "axis": "x", "origin": [8, 22, 7.5]},
			"faces": {
				"north": {"uv": [7, 0.5, 7.5, 1], "texture": "#2"},
				"east": {"uv": [7, 0.5, 7.5, 1], "texture": "#2"},
				"south": {"uv": [7, 0.5, 7.5, 1], "texture": "#2"},
				"west": {"uv": [7, 0.5, 7.5, 1], "texture": "#2"},
				"up": {"uv": [7.5, 1, 7, 0.5], "texture": "#2"},
				"down": {"uv": [7.5, 0.5, 7, 1], "texture": "#2"}
			}
		},
		{
			"from": [7.45, 22.2, 6.9],
			"to": [7.95, 22.7, 7.05],
			"rotation": {"angle": 22.5, "axis": "x", "origin": [8, 22, 7.5]},
			"faces": {
				"north": {"uv": [7, 0.5, 7.5, 1], "texture": "#2"},
				"east": {"uv": [7, 0.5, 7.5, 1], "texture": "#2"},
				"south": {"uv": [7, 0.5, 7.5, 1], "texture": "#2"},
				"west": {"uv": [7, 0.5, 7.5, 1], "texture": "#2"},
				"up": {"uv": [7.5, 1, 7, 0.5], "texture": "#2"},
				"down": {"uv": [7.5, 0.5, 7, 1], "texture": "#2"}
			}
		},
		{
			"from": [8.05, 22.2, 6.9],
			"to": [8.55, 22.7, 7.05],
			"rotation": {"angle": 22.5, "axis": "x", "origin": [8, 22, 7.5]},
			"faces": {
				"north": {"uv": [7, 0.5, 7.5, 1], "texture": "#2"},
				"east": {"uv": [7, 0.5, 7.5, 1], "texture": "#2"},
				"south": {"uv": [7, 0.5, 7.5, 1], "texture": "#2"},
				"west": {"uv": [7, 0.5, 7.5, 1], "texture": "#2"},
				"up": {"uv": [7.5, 1, 7, 0.5], "texture": "#2"},
				"down": {"uv": [7.5, 0.5, 7, 1], "texture": "#2"}
			}
		},
		{
			"from": [6.825, 21.8, 7.05],
			"to": [9.175, 25, 8.15],
			"rotation": {"angle": 22.5, "axis": "x", "origin": [8, 22, 7.5]},
			"faces": {
				"north": {"uv": [2, 0, 3, 1.5], "texture": "#2"},
				"east": {"uv": [5.5, 0, 6, 1.5], "texture": "#2"},
				"south": {"uv": [9, 0, 10, 1.5], "texture": "#2"},
				"west": {"uv": [5.5, 0, 6, 1.5], "texture": "#2"},
				"up": {"uv": [10, 0.5, 9, 0], "texture": "#2"},
				"down": {"uv": [10, 0, 9, 0.5], "texture": "#2"}
			}
		},
		{
			"from": [6.15, 22, 7.55],
			"to": [6.85, 22.7, 7.55],
			"rotation": {"angle": 22.5, "axis": "x", "origin": [8, 22, 7.5]},
			"faces": {
				"north": {"uv": [7, 0.5, 7.5, 1], "texture": "#2"},
				"east": {"uv": [15.5, 15, 16, 16], "texture": "#2"},
				"south": {"uv": [7, 0.5, 7.5, 1], "texture": "#2"},
				"west": {"uv": [15.5, 15, 16, 16], "texture": "#2"},
				"up": {"uv": [16, 15.5, 15, 15], "texture": "#2"},
				"down": {"uv": [16, 15, 15, 15.5], "texture": "#2"}
			}
		},
		{
			"from": [6.15, 24, 7.55],
			"to": [6.85, 24.7, 7.55],
			"rotation": {"angle": 22.5, "axis": "x", "origin": [8, 22, 7.5]},
			"faces": {
				"north": {"uv": [7, 0.5, 7.5, 1], "texture": "#2"},
				"east": {"uv": [15.5, 15, 16, 16], "texture": "#2"},
				"south": {"uv": [7, 0.5, 7.5, 1], "texture": "#2"},
				"west": {"uv": [15.5, 15, 16, 16], "texture": "#2"},
				"up": {"uv": [16, 15.5, 15, 15], "texture": "#2"},
				"down": {"uv": [16, 15, 15, 15.5], "texture": "#2"}
			}
		},
		{
			"from": [6.15, 23, 7.55],
			"to": [6.85, 23.7, 7.55],
			"rotation": {"angle": 22.5, "axis": "x", "origin": [8, 22, 7.5]},
			"faces": {
				"north": {"uv": [7, 0.5, 7.5, 1], "texture": "#2"},
				"east": {"uv": [15.5, 15, 16, 16], "texture": "#2"},
				"south": {"uv": [7, 0.5, 7.5, 1], "texture": "#2"},
				"west": {"uv": [15.5, 15, 16, 16], "texture": "#2"},
				"up": {"uv": [16, 15.5, 15, 15], "texture": "#2"},
				"down": {"uv": [16, 15, 15, 15.5], "texture": "#2"}
			}
		},
		{
			"from": [9.15, 22, 7.55],
			"to": [9.85, 22.7, 7.55],
			"rotation": {"angle": 22.5, "axis": "x", "origin": [8, 22, 7.5]},
			"faces": {
				"north": {"uv": [7, 0.5, 7.5, 1], "texture": "#2"},
				"east": {"uv": [15.5, 15, 16, 16], "texture": "#2"},
				"south": {"uv": [7, 0.5, 7.5, 1], "texture": "#2"},
				"west": {"uv": [15.5, 15, 16, 16], "texture": "#2"},
				"up": {"uv": [16, 15.5, 15, 15], "texture": "#2"},
				"down": {"uv": [16, 15, 15, 15.5], "texture": "#2"}
			}
		},
		{
			"from": [9.15, 24, 7.55],
			"to": [9.85, 24.7, 7.55],
			"rotation": {"angle": 22.5, "axis": "x", "origin": [8, 22, 7.5]},
			"faces": {
				"north": {"uv": [7, 0.5, 7.5, 1], "texture": "#2"},
				"east": {"uv": [15.5, 15, 16, 16], "texture": "#2"},
				"south": {"uv": [7, 0.5, 7.5, 1], "texture": "#2"},
				"west": {"uv": [15.5, 15, 16, 16], "texture": "#2"},
				"up": {"uv": [16, 15.5, 15, 15], "texture": "#2"},
				"down": {"uv": [16, 15, 15, 15.5], "texture": "#2"}
			}
		},
		{
			"from": [9.15, 23, 7.55],
			"to": [9.85, 23.7, 7.55],
			"rotation": {"angle": 22.5, "axis": "x", "origin": [8, 22, 7.5]},
			"faces": {
				"north": {"uv": [7, 0.5, 7.5, 1], "texture": "#2"},
				"east": {"uv": [15.5, 15, 16, 16], "texture": "#2"},
				"south": {"uv": [7, 0.5, 7.5, 1], "texture": "#2"},
				"west": {"uv": [15.5, 15, 16, 16], "texture": "#2"},
				"up": {"uv": [16, 15.5, 15, 15], "texture": "#2"},
				"down": {"uv": [16, 15, 15, 15.5], "texture": "#2"}
			}
		},
		{
			"from": [7, 4, 6.5],
			"to": [9, 5, 7],
			"faces": {
				"north": {"uv": [2, 10, 3, 10.5], "texture": "#2"},
				"east": {"uv": [3, 10, 2.5, 10.5], "texture": "#2"},
				"south": {"uv": [2, 10, 3, 10.5], "texture": "#2"},
				"west": {"uv": [2, 10, 2.5, 10.5], "texture": "#2"},
				"up": {"uv": [3, 10, 2, 10.5], "texture": "#2"},
				"down": {"uv": [3, 10.5, 2, 10], "texture": "#2"}
			}
		},
		{
			"from": [7, 14, 7],
			"to": [9, 22, 8],
			"faces": {
				"north": {"uv": [2, 1.5, 3, 5.5], "texture": "#2"},
				"east": {"uv": [5.5, 1.5, 6, 5.5], "texture": "#2"},
				"south": {"uv": [9, 1.5, 10, 5.5], "texture": "#2"},
				"west": {"uv": [5.5, 1.5, 6, 5.5], "texture": "#2"},
				"up": {"uv": [3, 2, 2, 1.5], "texture": "#2"},
				"down": {"uv": [16, 15.5, 15, 16], "texture": "#2"}
			}
		},
		{
			"from": [5, 8, 7],
			"to": [11, 14, 9],
			"faces": {
				"north": {"uv": [1, 5.5, 4, 8.5], "texture": "#2"},
				"east": {"uv": [6.5, 6, 5.5, 9], "texture": "#2"},
				"south": {"uv": [8, 5.5, 11, 8.5], "texture": "#2"},
				"west": {"uv": [5.5, 6, 6.5, 9], "texture": "#2"},
				"up": {"uv": [4, 14, 1, 13], "texture": "#2"},
				"down": {"uv": [4, 14.5, 1, 15.5], "texture": "#2"}
			}
		},
		{
			"from": [7, 8, 8],
			"to": [9, 10, 7],
			"faces": {
				"north": {"uv": [6, 13.5, 7, 14.5], "texture": "#2"},
				"east": {"uv": [6, 13.5, 5.5, 14.5], "texture": "#2"},
				"south": {"uv": [15, 15, 16, 16], "texture": "#2"},
				"west": {"uv": [7.5, 13.5, 7, 14.5], "texture": "#2"},
				"up": {"uv": [7, 13, 6, 13.5], "texture": "#2"},
				"down": {"uv": [7, 15, 6, 14.5], "texture": "#2"}
			}
		},
		{
			"from": [4, 9, 7],
			"to": [12, 13, 9],
			"faces": {
				"north": {"uv": [0.5, 6, 4.5, 8], "texture": "#2"},
				"east": {"uv": [6.5, 6, 5.5, 8], "texture": "#2"},
				"south": {"uv": [7.5, 6, 11.5, 8], "texture": "#2"},
				"west": {"uv": [5.5, 6, 6.5, 8], "texture": "#2"},
				"up": {"uv": [4.5, 14, 0.5, 13], "texture": "#2"},
				"down": {"uv": [4.5, 13, 0.5, 14], "texture": "#2"}
			}
		},
		{
			"from": [4, 0, 7],
			"to": [12, 8, 9],
			"faces": {
				"north": {"uv": [0.5, 8.5, 4.5, 12.5], "texture": "#2"},
				"east": {"uv": [6.5, 8.5, 5.5, 12.5], "texture": "#2"},
				"south": {"uv": [7.5, 8.5, 11.5, 12.5], "texture": "#2"},
				"west": {"uv": [5.5, 8.5, 6.5, 12.5], "texture": "#2"},
				"up": {"uv": [4.5, 14, 0.5, 13], "texture": "#2"},
				"down": {"uv": [4.5, 14.5, 0.5, 15.5], "texture": "#2"}
			}
		},
		{
			"from": [3, 1, 7],
			"to": [13, 7, 9],
			"faces": {
				"north": {"uv": [0, 9, 5, 12], "texture": "#2"},
				"east": {"uv": [6.5, 9, 5.5, 12], "texture": "#2"},
				"south": {"uv": [7, 9, 12, 12], "texture": "#2"},
				"west": {"uv": [5.5, 9, 6.5, 12], "texture": "#2"},
				"up": {"uv": [5, 14, 0, 13], "texture": "#2"},
				"down": {"uv": [5, 14.5, 0, 15.5], "texture": "#2"}
			}
		}
	],
	"display": {
		"thirdperson_righthand": {
			"rotation": [180, 90, 0],
			"translation": [0, 7, 0.5]
		},
		"thirdperson_lefthand": {
			"rotation": [90, 5, -80],
			"translation": [-9.5, -1.25, 0]
		},
		"firstperson_righthand": {
			"rotation": [180, 90, -10],
			"translation": [0, 7, 0.5],
			"scale": [0.75, 0.75, 0.75]
		},
		"firstperson_lefthand": {
			"rotation": [25, 5, -80],
			"translation": [-11, -1.25, 1.5]
		},
		"ground": {
			"rotation": [90, 0, 0],
			"translation": [0, 0, -3]
		},
		"gui": {
			"rotation": [-35, 180, 35],
			"translation": [-1, -1.5, 0],
			"scale": [0.8, 0.8, 0.8]
		},
		"head": {
			"rotation": [5, 180, -15],
			"translation": [0, -16, 6.5],
			"scale": [1.5, 1.5, 1.5]
		},
		"fixed": {
			"translation": [0, 0, -2],
			"scale": [2.01, 2.01, 2.01]
		}
	},
	"groups": [
		0,
		1,
		{
			"name": "group",
			"origin": [8, 22, 7.5],
			"color": 0,
			"children": [2, 3, 4, 5, 6, 7]
		},
		8,
		{
			"name": "group",
			"origin": [8, 22, 7.5],
			"color": 0,
			"children": [9, 10, 11, 12, 13, 14]
		},
		15,
		16,
		17,
		18,
		19,
		20,
		21
	]
}