{
	"credit": "Сделано Веббером специально для MoreDeco https://modrinth.com/resourcepack/moredeco mc _Webber_3",
	"textures": {
		"2": "item/lantern/nastol_lamp",
		"particle": "item/lantern/nastol_lamp"
	},
	"elements": [
		{
			"from": [4, 0, 4],
			"to": [12, 2, 12],
			"faces": {
				"north": {"uv": [0, 4, 4, 5], "texture": "#2"},
				"east": {"uv": [0, 4, 4, 5], "texture": "#2"},
				"south": {"uv": [0, 4, 4, 5], "texture": "#2"},
				"west": {"uv": [0, 4, 4, 5], "texture": "#2"},
				"up": {"uv": [0, 9, 4, 5], "texture": "#2"},
				"down": {"uv": [0, 0, 4, 4], "texture": "#2"}
			}
		},
		{
			"from": [8, 3.5, 8.1],
			"to": [8, 11.5, 10.1],
			"rotation": {"angle": 22.5, "axis": "x", "origin": [8, 4, 9]},
			"faces": {
				"north": {"uv": [4, 0, 5, 4], "texture": "#2"},
				"east": {"uv": [5, 0, 4, 4], "texture": "#2"},
				"south": {"uv": [4, 0, 5, 4], "texture": "#2"},
				"west": {"uv": [4, 0, 5, 4], "texture": "#2"},
				"up": {"uv": [4, 0, 5, 0], "texture": "#2"},
				"down": {"uv": [4, 0, 5, 0], "texture": "#2"}
			}
		},
		{
			"from": [8, 2, 8],
			"to": [8, 4, 10],
			"rotation": {"angle": 0, "axis": "x", "origin": [8, 4, 9]},
			"faces": {
				"north": {"uv": [4, 4, 5, 5], "texture": "#2"},
				"east": {"uv": [5, 4, 4, 5], "texture": "#2"},
				"south": {"uv": [4, 4, 5, 5], "texture": "#2"},
				"west": {"uv": [4, 4, 5, 5], "texture": "#2"},
				"up": {"uv": [4, 4.5, 5, 4], "texture": "#2"},
				"down": {"uv": [4, 4.5, 5, 4], "texture": "#2"}
			}
		},
		{
			"from": [8, 9, 10],
			"to": [8, 19, 12],
			"rotation": {"angle": -22.5, "axis": "x", "origin": [8, 12, 9]},
			"faces": {
				"north": {"uv": [5, 0, 6, 5], "texture": "#2"},
				"east": {"uv": [6, 0, 5, 5], "texture": "#2"},
				"south": {"uv": [5, 0, 6, 5], "texture": "#2"},
				"west": {"uv": [5, 0, 6, 5], "texture": "#2"},
				"up": {"uv": [5, 0, 6, 0], "texture": "#2"},
				"down": {"uv": [5, 0, 6, 0], "texture": "#2"}
			}
		},
		{
			"from": [8, 17, 4.05],
			"to": [8, 19, 8.05],
			"rotation": {"angle": 22.5, "axis": "x", "origin": [8, 18, 9]},
			"faces": {
				"north": {"uv": [6, 4, 8, 5], "texture": "#2"},
				"east": {"uv": [8, 4, 6, 5], "texture": "#2"},
				"south": {"uv": [6, 4, 8, 5], "texture": "#2"},
				"west": {"uv": [6, 4, 8, 5], "texture": "#2"},
				"up": {"uv": [6, 4, 8, 4], "texture": "#2"},
				"down": {"uv": [6, 4, 8, 4], "texture": "#2"}
			}
		},
		{
			"from": [5, 14, 1],
			"to": [11, 18, 7],
			"rotation": {"angle": 22.5, "axis": "x", "origin": [8, 19.5, 4]},
			"faces": {
				"north": {"uv": [11.5, 0.5, 8.5, 2.5], "texture": "#2"},
				"east": {"uv": [8.5, 0.5, 11.5, 2.5], "texture": "#2"},
				"south": {"uv": [11.5, 0.5, 8.5, 2.5], "texture": "#2"},
				"west": {"uv": [8.5, 0.5, 11.5, 2.5], "texture": "#2"},
				"up": {"uv": [11.5, 5, 14.5, 2], "texture": "#2"},
				"down": {"uv": [9, 3, 11, 5], "texture": "#2"}
			}
		},
		{
			"from": [5, 18, 1],
			"to": [11, 14, 7],
			"rotation": {"angle": 22.5, "axis": "x", "origin": [8, 19.5, 4]},
			"faces": {
				"north": {"uv": [11.5, 2.5, 8.5, 0.5], "texture": "#2"},
				"east": {"uv": [8.5, 2.5, 11.5, 0.5], "texture": "#2"},
				"south": {"uv": [11.5, 2.5, 8.5, 0.5], "texture": "#2"},
				"west": {"uv": [8.5, 2.5, 11.5, 0.5], "texture": "#2"},
				"up": {"uv": [9, 5, 11, 3], "texture": "#2"},
				"down": {"uv": [8.5, 2.5, 11.5, 5.5], "texture": "#2"}
			}
		},
		{
			"from": [6, 18, 2],
			"to": [10, 19, 6],
			"rotation": {"angle": 22.5, "axis": "x", "origin": [8, 19.5, 4]},
			"faces": {
				"north": {"uv": [11, 0, 9, 0.5], "texture": "#2"},
				"east": {"uv": [9, 0, 11, 0.5], "texture": "#2"},
				"south": {"uv": [11, 0, 9, 0.5], "texture": "#2"},
				"west": {"uv": [9, 0, 11, 0.5], "texture": "#2"},
				"up": {"uv": [12, 4.5, 14, 2.5], "texture": "#2"},
				"down": {"uv": [9, 3, 11, 5], "texture": "#2"}
			}
		},
		{
			"from": [6, 19, 2],
			"to": [10, 18, 6],
			"rotation": {"angle": 22.5, "axis": "x", "origin": [8, 19.5, 4]},
			"faces": {
				"north": {"uv": [11, 0, 9, 0.5], "texture": "#2"},
				"east": {"uv": [9, 0, 11, 0.5], "texture": "#2"},
				"south": {"uv": [11, 0, 9, 0.5], "texture": "#2"},
				"west": {"uv": [9, 0, 11, 0.5], "texture": "#2"},
				"up": {"uv": [9.5, 4.5, 10.5, 3.5], "texture": "#2"},
				"down": {"uv": [9, 2.5, 9.5, 3], "texture": "#2"}
			}
		},
		{
			"from": [7, 16, 3],
			"to": [9, 22, 5],
			"rotation": {"angle": 22.5, "axis": "x", "origin": [8, 19.5, 4]},
			"faces": {
				"north": {"uv": [8, 0, 7, 3], "texture": "#2"},
				"east": {"uv": [7, 0, 8, 3], "texture": "#2"},
				"south": {"uv": [8, 0, 7, 3], "texture": "#2"},
				"west": {"uv": [7, 0, 8, 3], "texture": "#2"},
				"up": {"uv": [7, 0.5, 8, 0], "texture": "#2"},
				"down": {"uv": [7, 3, 8, 4], "texture": "#2"}
			}
		}
	],
	"display": {
		"thirdperson_righthand": {
			"rotation": [45, 0, 0],
			"translation": [-0.75, 0.75, -2.25],
			"scale": [0.75, 0.75, 0.75]
		},
		"thirdperson_lefthand": {
			"rotation": [45, 0, 0],
			"translation": [-0.75, 0.75, -2.25],
			"scale": [0.75, 0.75, 0.75]
		},
		"firstperson_righthand": {
			"rotation": [45, 0, 0],
			"translation": [-0.75, 0.75, -2.25],
			"scale": [0.75, 0.75, 0.75]
		},
		"firstperson_lefthand": {
			"rotation": [45, 0, 0],
			"translation": [-0.75, 0.75, -2.25],
			"scale": [0.75, 0.75, 0.75]
		},
		"ground": {
			"translation": [0, 5, 0],
			"scale": [0.75, 0.75, 0.75]
		},
		"gui": {
			"rotation": [25, 135, 0],
			"translation": [0, -1, 0],
			"scale": [0.7, 0.7, 0.7]
		},
		"head": {
			"translation": [0, 16.5, 0],
			"scale": [1.65, 1.65, 1.65]
		},
		"fixed": {
			"rotation": [-90, 0, 0],
			"translation": [0, 0, -16],
			"scale": [2.01, 2.01, 2.01]
		}
	},
	"groups": [
		0,
		1,
		2,
		3,
		4,
		{
			"name": "group",
			"origin": [8, 19.5, 4],
			"color": 0,
			"children": [5, 6, 7, 8, 9]
		}
	]
}