{
	"credit": "Сделано Веббером специально для MoreDeco https://modrinth.com/resourcepack/moredeco mc _Webber_3",
	"texture_size": [64, 64],
	"textures": {
		"1": "item/lantern/svetilnik_japan"
	},
	"elements": [
		{
			"from": [6.75, 11.5, 6.75],
			"to": [9.25, 16, 9.25],
			"rotation": {"angle": 0, "axis": "y", "origin": [0, 2, 0]},
			"faces": {
				"north": {"uv": [6.5, 0, 7.5, 1.5], "texture": "#1"},
				"east": {"uv": [7.5, 0, 6.5, 1.5], "texture": "#1"},
				"south": {"uv": [6.5, 0, 7.5, 1.5], "texture": "#1"},
				"west": {"uv": [7.5, 0, 6.5, 1.5], "texture": "#1"},
				"up": {"uv": [7.5, 0, 6.5, 1], "texture": "#1"},
				"down": {"uv": [7.5, 0, 7, 0.5], "texture": "#1"}
			}
		},
		{
			"from": [5.5, 13, 5],
			"to": [10.5, 15, 11],
			"rotation": {"angle": 0, "axis": "y", "origin": [0, 2, 0]},
			"faces": {
				"north": {"uv": [4, 0, 6.5, 1], "texture": "#1"},
				"east": {"uv": [0, 14.5, 1.5, 16], "texture": "#1"},
				"south": {"uv": [4, 0, 6.5, 1], "texture": "#1"},
				"west": {"uv": [0, 14.5, 1.5, 16], "texture": "#1"},
				"up": {"uv": [6.5, 4.5, 4, 1.5], "texture": "#1"},
				"down": {"uv": [1.5, 14.5, 0, 16], "texture": "#1"}
			}
		},
		{
			"from": [10.5, 15, 11],
			"to": [5.5, 13, 5],
			"rotation": {"angle": 0, "axis": "x", "origin": [8.1, 14.5, 2]},
			"faces": {
				"north": {"uv": [4, 1.5, 6.5, 0], "texture": "#1"},
				"east": {"uv": [0, 14.5, 1.5, 16], "texture": "#1"},
				"south": {"uv": [4, 1.5, 6.5, 0], "texture": "#1"},
				"west": {"uv": [0, 14.5, 1.5, 16], "texture": "#1"},
				"up": {"uv": [1.5, 16, 0, 14.5], "texture": "#1"},
				"down": {"uv": [6.5, 1.5, 4, 4.5], "texture": "#1"}
			}
		},
		{
			"from": [5.5, 16, 8],
			"to": [10.5, 22, 8],
			"rotation": {"angle": 0, "axis": "y", "origin": [0, 2, 0]},
			"faces": {
				"north": {"uv": [4, 0, 6.5, 1.5], "texture": "#1"},
				"east": {"uv": [0, 14.5, 2.5, 16], "texture": "#1"},
				"south": {"uv": [4, 0, 6.5, 1.5], "texture": "#1"},
				"west": {"uv": [0, 14.5, 2.5, 16], "texture": "#1"},
				"up": {"uv": [6.5, 4.5, 4, 1.5], "texture": "#1"},
				"down": {"uv": [6.5, 1.5, 4, 4.5], "texture": "#1"}
			}
		},
		{
			"from": [4, 2, 4],
			"to": [12, 13, 12],
			"rotation": {"angle": 0, "axis": "y", "origin": [0, 2, 0]},
			"faces": {
				"north": {"uv": [0, 0, 4, 5.5], "texture": "#1"},
				"east": {"uv": [0, 0, 4, 5.5], "texture": "#1"},
				"south": {"uv": [0, 0, 4, 5.5], "texture": "#1"},
				"west": {"uv": [0, 0, 4, 5.5], "texture": "#1"},
				"up": {"uv": [4, 9.5, 0, 5.5], "texture": "#1"},
				"down": {"uv": [4, 5.5, 0, 9.5], "texture": "#1"}
			}
		},
		{
			"from": [12, 13, 12],
			"to": [4, 2, 4],
			"rotation": {"angle": 0, "axis": "y", "origin": [-8, 6.5, -8]},
			"faces": {
				"north": {"uv": [0, 5.5, 4, 0], "texture": "#1"},
				"east": {"uv": [0, 5.5, 4, 0], "texture": "#1"},
				"south": {"uv": [0, 5.5, 4, 0], "texture": "#1"},
				"west": {"uv": [0, 5.5, 4, 0], "texture": "#1"},
				"up": {"uv": [1.5, 16, 0, 14.5], "rotation": 180, "texture": "#1"},
				"down": {"uv": [1.5, 14.5, 0, 16], "rotation": 180, "texture": "#1"}
			}
		},
		{
			"from": [5, 2.9, 5],
			"to": [11, 12.1, 11],
			"rotation": {"angle": 0, "axis": "y", "origin": [0, 2, 0]},
			"faces": {
				"north": {"uv": [5.5, 10.5, 8.5, 13.5], "texture": "#1"},
				"east": {"uv": [5.5, 10.5, 8.5, 13.5], "texture": "#1"},
				"south": {"uv": [5.5, 10.5, 8.5, 13.5], "texture": "#1"},
				"west": {"uv": [5.5, 10.5, 8.5, 13.5], "texture": "#1"},
				"up": {"uv": [8.5, 13.5, 5.5, 10.5], "texture": "#1"},
				"down": {"uv": [8.5, 10.5, 5.5, 13.5], "texture": "#1"}
			}
		},
		{
			"from": [5.5, 0, 5],
			"to": [10.5, 2, 11],
			"rotation": {"angle": 0, "axis": "y", "origin": [0, 2, 0]},
			"faces": {
				"north": {"uv": [4, 0, 6.5, 1.5], "texture": "#1"},
				"east": {"uv": [0, 14.5, 1.5, 16], "texture": "#1"},
				"south": {"uv": [4, 0, 6.5, 1.5], "texture": "#1"},
				"west": {"uv": [0, 14.5, 1.5, 16], "texture": "#1"},
				"up": {"uv": [1.5, 16, 0, 14.5], "texture": "#1"},
				"down": {"uv": [6.5, 1.5, 4, 4.5], "texture": "#1"}
			}
		},
		{
			"from": [5.5, -2, 8],
			"to": [10.5, 3, 8],
			"rotation": {"angle": 0, "axis": "y", "origin": [0, 2, 0]},
			"faces": {
				"north": {"uv": [4, 0, 6.5, 1.5], "texture": "#1"},
				"east": {"uv": [0, 14.5, 2.5, 16], "texture": "#1"},
				"south": {"uv": [4, 0, 6.5, 1.5], "texture": "#1"},
				"west": {"uv": [0, 14.5, 2.5, 16], "texture": "#1"},
				"up": {"uv": [6.5, 4.5, 4, 1.5], "texture": "#1"},
				"down": {"uv": [6.5, 1.5, 4, 4.5], "texture": "#1"}
			}
		},
		{
			"from": [10.6, 2, 11],
			"to": [5.6, 0, 5],
			"rotation": {"angle": 0, "axis": "x", "origin": [8.1, 14.5, 2]},
			"faces": {
				"north": {"uv": [4, 0, 6.5, 1.5], "texture": "#1"},
				"east": {"uv": [0, 14.5, 1.5, 16], "texture": "#1"},
				"south": {"uv": [4, 0, 6.5, 1.5], "texture": "#1"},
				"west": {"uv": [0, 14.5, 1.5, 16], "texture": "#1"},
				"up": {"uv": [6.5, 4.5, 4, 1.5], "texture": "#1"},
				"down": {"uv": [1.5, 14.5, 0, 16], "texture": "#1"}
			}
		},
		{
			"from": [7, -4, 7],
			"to": [9, -2, 9],
			"rotation": {"angle": 0, "axis": "y", "origin": [0, 2, 0]},
			"faces": {
				"north": {"uv": [8, 0, 8.5, 1], "texture": "#1"},
				"east": {"uv": [7.5, 0, 8.5, 1], "texture": "#1"},
				"south": {"uv": [7.5, 0.5, 8, 1], "texture": "#1"},
				"west": {"uv": [8.5, 0, 7.5, 1], "texture": "#1"},
				"up": {"uv": [8.5, 0, 8, 1], "texture": "#1"},
				"down": {"uv": [8, 0.5, 7.5, 1], "texture": "#1"}
			}
		},
		{
			"from": [8, -4.5, 6.5],
			"to": [8, -1.5, 9.5],
			"rotation": {"angle": 45, "axis": "x", "origin": [8, -3, 8]},
			"faces": {
				"north": {"uv": [9, 0, 9.5, 1], "texture": "#1"},
				"east": {"uv": [8.5, 0, 9.5, 1], "texture": "#1"},
				"south": {"uv": [8.5, 0.5, 9, 1], "texture": "#1"},
				"west": {"uv": [9.5, 0, 8.5, 1], "texture": "#1"},
				"up": {"uv": [9.5, 0, 9, 1], "texture": "#1"},
				"down": {"uv": [9, 0.5, 8.5, 1], "texture": "#1"}
			}
		}
	],
	"display": {
		"thirdperson_righthand": {
			"translation": [0, -8.75, 1],
			"scale": [0.5, 0.5, 0.5]
		},
		"thirdperson_lefthand": {
			"translation": [0, -8.75, 1],
			"scale": [0.5, 0.5, 0.5]
		},
		"firstperson_righthand": {
			"translation": [0.75, 2, 0],
			"scale": [0.5, 0.5, 0.5]
		},
		"firstperson_lefthand": {
			"translation": [0.75, 2, 0],
			"scale": [0.5, 0.5, 0.5]
		},
		"ground": {
			"translation": [0, 1, 0],
			"scale": [0.5, 0.5, 0.5]
		},
		"gui": {
			"rotation": [35, 45, 0],
			"translation": [0, 0.25, 0],
			"scale": [0.75, 0.75, 0.75]
		},
		"head": {
			"rotation": [-45, 90, 0],
			"translation": [0, -12.75, 12.75]
		},
		"fixed": {
			"rotation": [-90, 0, 180],
			"translation": [0, 0, -20],
			"scale": [2.5, 2.5, 2.5]
		}
	}
}