{
	"credit": "Сделано Веббером специально для MoreDeco https://modrinth.com/resourcepack/moredeco mc _Webber_3",
	"textures": {
		"1": "item/carved_pumpkin/obodki/obodki"
	},
	"elements": [
		{
			"from": [4, 2, 7],
			"to": [6, 8, 8],
			"rotation": {"angle": 0, "axis": "x", "origin": [4, 3.5, 8.5]},
			"faces": {
				"north": {"uv": [0, 8, 2, 14], "texture": "#1"},
				"east": {"uv": [0, 14, 1, 8], "texture": "#1"},
				"south": {"uv": [2, 8, 4, 14], "texture": "#1"},
				"west": {"uv": [2, 8, 3, 14], "texture": "#1"},
				"up": {"uv": [2, 8, 0, 7], "texture": "#1"},
				"down": {"uv": [5, 5, 4, 6], "texture": "#1"}
			}
		},
		{
			"from": [4, 8, 6],
			"to": [6, 9, 7],
			"rotation": {"angle": 0, "axis": "x", "origin": [4, 3.5, 8.5]},
			"faces": {
				"north": {"uv": [0, 7, 2, 8], "texture": "#1"},
				"east": {"uv": [0, 7, 1, 8], "texture": "#1"},
				"south": {"uv": [2, 7, 0, 8], "texture": "#1"},
				"west": {"uv": [3, 7, 4, 8], "texture": "#1"},
				"up": {"uv": [2, 8, 0, 7], "texture": "#1"},
				"down": {"uv": [2, 13, 0, 14], "texture": "#1"}
			}
		},
		{
			"from": [10, 2, 7],
			"to": [12, 8, 8],
			"rotation": {"angle": 0, "axis": "x", "origin": [4, 3.5, 8.5]},
			"faces": {
				"north": {"uv": [2, 8, 0, 14], "texture": "#1"},
				"east": {"uv": [3, 8, 2, 14], "texture": "#1"},
				"south": {"uv": [4, 8, 2, 14], "texture": "#1"},
				"west": {"uv": [1, 14, 0, 8], "texture": "#1"},
				"up": {"uv": [0, 8, 2, 7], "texture": "#1"},
				"down": {"uv": [4, 5, 5, 6], "texture": "#1"}
			}
		},
		{
			"from": [10, 8, 6],
			"to": [12, 9, 7],
			"rotation": {"angle": 0, "axis": "x", "origin": [4, 3.5, 8.5]},
			"faces": {
				"north": {"uv": [2, 7, 0, 8], "texture": "#1"},
				"east": {"uv": [2, 7, 1, 8], "texture": "#1"},
				"south": {"uv": [0, 7, 2, 8], "texture": "#1"},
				"west": {"uv": [1, 7, 0, 8], "texture": "#1"},
				"up": {"uv": [0, 8, 2, 7], "texture": "#1"},
				"down": {"uv": [0, 13, 2, 14], "texture": "#1"}
			}
		},
		{
			"from": [4, -6, 7],
			"to": [12, 2, 8],
			"rotation": {"angle": 0, "axis": "y", "origin": [4, 2.5, 8.5]},
			"faces": {
				"north": {"uv": [6, 1, 12, 8], "texture": "#1"},
				"east": {"uv": [5, 0, 6, 8], "texture": "#1"},
				"south": {"uv": [6, 1, 12, 8], "texture": "#1"},
				"west": {"uv": [12, 0, 13, 8], "texture": "#1"},
				"up": {"uv": [13, 1, 5, 0], "rotation": 180, "texture": "#1"},
				"down": {"uv": [12, 7, 6, 8], "rotation": 180, "texture": "#1"}
			}
		},
		{
			"from": [12, 2, 8],
			"to": [4, -6, 7],
			"rotation": {"angle": 0, "axis": "x", "origin": [8, -2, 8.5]},
			"faces": {
				"north": {"uv": [6, 1, 12, 8], "rotation": 180, "texture": "#1"},
				"east": {"uv": [5, 0, 6, 8], "rotation": 180, "texture": "#1"},
				"south": {"uv": [6, 1, 12, 8], "rotation": 180, "texture": "#1"},
				"west": {"uv": [12, 0, 13, 8], "rotation": 180, "texture": "#1"},
				"up": {"uv": [12, 7, 6, 8], "rotation": 180, "texture": "#1"},
				"down": {"uv": [13, 1, 5, 0], "rotation": 180, "texture": "#1"}
			}
		}
	],
	"display": {
		"thirdperson_righthand": {
			"translation": [-4, 6, 1.75],
			"scale": [0.75, 0.75, 0.75]
		},
		"thirdperson_lefthand": {
			"translation": [-4, 6, 1.75],
			"scale": [0.75, 0.75, 0.75]
		},
		"firstperson_righthand": {
			"translation": [0.25, 7.5, 1.75],
			"scale": [0.75, 0.75, 0.75]
		},
		"firstperson_lefthand": {
			"translation": [0.25, 7.5, 1.75],
			"scale": [0.75, 0.75, 0.75]
		},
		"ground": {
			"rotation": [90, 0, 0],
			"translation": [0, -1, 9]
		},
		"gui": {
			"rotation": [35, -145, 0],
			"translation": [0, 6, 0],
			"scale": [1.1, 1.1, 1.1]
		},
		"head": {
			"translation": [0, 16.5, 0.25],
			"scale": [1.65, 1.65, 1.65]
		},
		"fixed": {
			"rotation": [-90, 0, 0],
			"translation": [0, 0, -26],
			"scale": [2, 2, 2]
		}
	}
}