{
	"credit": "Сделано Веббером специально для тестировщика MoreDeco berigan_cord",
	"texture_size": [32, 32],
	"textures": {
		"0": "item/stick/dickaya_ambrlla",
		"particle": "item/stick/dickaya_ambrlla"
	},
	"elements": [
		{
			"from": [7.5, 0, 7.5],
			"to": [8.5, 14, 8.5],
			"rotation": {"angle": 0, "axis": "y", "origin": [15, 8, 17]},
			"faces": {
				"north": {"uv": [15, 1, 15.5, 8], "texture": "#0"},
				"east": {"uv": [15, 1, 15.5, 8], "texture": "#0"},
				"south": {"uv": [15, 1, 15.5, 8], "texture": "#0"},
				"west": {"uv": [15, 1, 15.5, 8], "texture": "#0"},
				"up": {"uv": [15, 1, 15.5, 1.5], "texture": "#0"},
				"down": {"uv": [15, 7.5, 15.5, 8], "texture": "#0"}
			}
		},
		{
			"from": [7, 1, 7],
			"to": [9, 11, 9],
			"rotation": {"angle": 0, "axis": "y", "origin": [15, 8, 17]},
			"faces": {
				"north": {"uv": [14, 1, 15, 6], "texture": "#0"},
				"east": {"uv": [15, 1, 14, 6], "texture": "#0"},
				"south": {"uv": [14, 1, 15, 6], "texture": "#0"},
				"west": {"uv": [15, 1, 14, 6], "texture": "#0"},
				"up": {"uv": [14, 6, 15, 7], "rotation": 90, "texture": "#0"},
				"down": {"uv": [14, 6, 15, 7], "texture": "#0"}
			}
		},
		{
			"from": [6.5, 5, 6.5],
			"to": [9.5, 12, 9.5],
			"rotation": {"angle": 0, "axis": "y", "origin": [15, 8, 17]},
			"faces": {
				"north": {"uv": [12.5, 1, 14, 4.5], "texture": "#0"},
				"east": {"uv": [14, 1, 12.5, 4.5], "texture": "#0"},
				"south": {"uv": [12.5, 1, 14, 4.5], "texture": "#0"},
				"west": {"uv": [14, 1, 12.5, 4.5], "texture": "#0"},
				"down": {"uv": [12.5, 4.5, 14, 6], "texture": "#0"}
			}
		},
		{
			"from": [9.5, 5, 6.5],
			"to": [6.5, 12, 9.5],
			"rotation": {"angle": 0, "axis": "y", "origin": [15, 8, 17]},
			"faces": {
				"north": {"uv": [14, 1, 12.5, 4.5], "texture": "#0"},
				"east": {"uv": [12.5, 1, 14, 4.5], "texture": "#0"},
				"south": {"uv": [14, 1, 12.5, 4.5], "texture": "#0"},
				"west": {"uv": [12.5, 1, 14, 4.5], "texture": "#0"},
				"down": {"uv": [14, 4.5, 12.5, 6], "texture": "#0"}
			}
		},
		{
			"from": [7.5, 14, 7.5],
			"to": [8.5, 15, 10.5],
			"rotation": {"angle": 0, "axis": "y", "origin": [8, 14.5, 8]},
			"faces": {
				"north": {"uv": [15, 0, 15.5, 0.5], "texture": "#0"},
				"east": {"uv": [14, 0, 15.5, 0.5], "texture": "#0"},
				"south": {"uv": [14, 0, 14.5, 0.5], "texture": "#0"},
				"west": {"uv": [15.5, 0, 14, 0.5], "texture": "#0"},
				"up": {"uv": [15.5, 0.5, 14, 1], "rotation": 90, "texture": "#0"},
				"down": {"uv": [15.5, 0.5, 14, 1], "rotation": 270, "texture": "#0"}
			}
		},
		{
			"from": [7.5, 13, 9.5],
			"to": [8.5, 14, 10.5],
			"rotation": {"angle": 0, "axis": "y", "origin": [17, 20, 17]},
			"faces": {
				"north": {"uv": [13.5, 0.5, 14, 1], "texture": "#0"},
				"east": {"uv": [13.5, 0, 14, 0.5], "texture": "#0"},
				"south": {"uv": [13.5, 0.5, 14, 1], "texture": "#0"},
				"west": {"uv": [13.5, 0, 14, 0.5], "texture": "#0"},
				"up": {"uv": [13.5, 0.5, 14, 1], "texture": "#0"},
				"down": {"uv": [13.5, 0.5, 14, 1], "texture": "#0"}
			}
		}
	],
	"display": {
		"thirdperson_righthand": {
			"rotation": [70, 0, 0],
			"translation": [0, -2, -5.25]
		},
		"thirdperson_lefthand": {
			"rotation": [0, 60, 0],
			"translation": [0, 0, -0.5]
		},
		"firstperson_righthand": {
			"rotation": [-15, 0, 0],
			"translation": [0.5, -3, 0]
		},
		"firstperson_lefthand": {
			"rotation": [-15, 50, 0],
			"translation": [1, 1.5, 0]
		},
		"ground": {
			"rotation": [0, 0, -90]
		},
		"gui": {
			"rotation": [70, -25, 50],
			"translation": [0, 0.5, 0],
			"scale": [1.1, 1.1, 1.1]
		},
		"head": {
			"translation": [0, 19.2, 0],
			"scale": [1.6, 1.6, 1.6]
		},
		"fixed": {
			"rotation": [0, 90, 0],
			"translation": [-1, 2, -1.01],
			"scale": [2, 2, 2]
		}
	},
	"credits": "diamondworld.pro | vk.com/NyashMyash99 & vk.com/Foghost"
}