{
	"credit": "Сделано Веббером специально для MoreDeco https://modrinth.com/resourcepack/moredeco mc _Webber_3",
	"texture_size": [32, 32],
	"textures": {
		"2": "item/wooden_axe/gitar_letov",
		"particle": "item/wooden_axe/gitar_letov"
	},
	"elements": [
		{
			"from": [7.125, 6, 6.8],
			"to": [8.875, 24, 6.8],
			"faces": {
				"north": {"uv": [9, 12.5, 14.5, 16], "texture": "#2"},
				"east": {"uv": [16, 15, 15, 16], "texture": "#2"},
				"south": {"uv": [9, 12.5, 14.5, 16], "texture": "#2"},
				"west": {"uv": [15, 15, 16, 16], "texture": "#2"},
				"up": {"uv": [16, 16, 15, 15], "texture": "#2"},
				"down": {"uv": [16, 15, 15, 16], "texture": "#2"}
			}
		},
		{
			"from": [8.075, 23.7, 6.45],
			"to": [8.875, 26.45, 6.45],
			"rotation": {"angle": 22.5, "axis": "x", "origin": [8, 23, 7.25]},
			"faces": {
				"north": {"uv": [12, 0, 14.5, 1.5], "texture": "#2"},
				"east": {"uv": [16, 15, 15, 16], "texture": "#2"},
				"south": {"uv": [12, 0, 14.5, 1.5], "texture": "#2"},
				"west": {"uv": [15, 15, 16, 16], "texture": "#2"},
				"up": {"uv": [16, 16, 15, 15], "texture": "#2"},
				"down": {"uv": [16, 15, 15, 16], "texture": "#2"}
			}
		},
		{
			"from": [7.125, 23.7, 6.45],
			"to": [7.925, 26.45, 6.45],
			"rotation": {"angle": 22.5, "axis": "x", "origin": [8, 23, 7.25]},
			"faces": {
				"north": {"uv": [14.5, 0, 12, 1.5], "texture": "#2"},
				"east": {"uv": [16, 15, 15, 16], "texture": "#2"},
				"south": {"uv": [12, 0, 14.5, 1.5], "texture": "#2"},
				"west": {"uv": [15, 15, 16, 16], "texture": "#2"},
				"up": {"uv": [16, 16, 15, 15], "texture": "#2"},
				"down": {"uv": [16, 15, 15, 16], "texture": "#2"}
			}
		},
		{
			"from": [6.825, 23.77729, 6.6],
			"to": [9.175, 26.97729, 7.7],
			"rotation": {"angle": 22.5, "axis": "x", "origin": [8, 23, 7.25]},
			"faces": {
				"north": {"uv": [2.5, 0, 3.5, 1.5], "texture": "#2"},
				"east": {"uv": [7.5, 0, 8, 1.5], "texture": "#2"},
				"south": {"uv": [10.5, 0, 11.5, 1.5], "texture": "#2"},
				"west": {"uv": [6.5, 0, 7, 1.5], "texture": "#2"},
				"up": {"uv": [10.5, 0.5, 11.5, 0], "texture": "#2"},
				"down": {"uv": [10.5, 1, 11.5, 1.5], "texture": "#2"}
			}
		},
		{
			"from": [8.05, 24.17729, 6.46],
			"to": [8.55, 24.67729, 6.61],
			"rotation": {"angle": 22.5, "axis": "x", "origin": [8, 23, 7.25]},
			"faces": {
				"north": {"uv": [8.5, 0.5, 9, 1], "texture": "#2"},
				"east": {"uv": [8.5, 0.5, 9, 1], "texture": "#2"},
				"south": {"uv": [8.5, 0.5, 9, 1], "texture": "#2"},
				"west": {"uv": [8.5, 0.5, 9, 1], "texture": "#2"},
				"up": {"uv": [9, 1, 8.5, 0.5], "texture": "#2"},
				"down": {"uv": [9, 0.5, 8.5, 1], "texture": "#2"}
			}
		},
		{
			"from": [8.25, 25.07729, 6.46],
			"to": [8.75, 25.57729, 6.61],
			"rotation": {"angle": 22.5, "axis": "x", "origin": [8, 23, 7.25]},
			"faces": {
				"north": {"uv": [8.5, 0.5, 9, 1], "texture": "#2"},
				"east": {"uv": [8.5, 0.5, 9, 1], "texture": "#2"},
				"south": {"uv": [8.5, 0.5, 9, 1], "texture": "#2"},
				"west": {"uv": [8.5, 0.5, 9, 1], "texture": "#2"},
				"up": {"uv": [9, 1, 8.5, 0.5], "texture": "#2"},
				"down": {"uv": [9, 0.5, 8.5, 1], "texture": "#2"}
			}
		},
		{
			"from": [7.45, 24.17729, 6.46],
			"to": [7.95, 24.67729, 6.61],
			"rotation": {"angle": 22.5, "axis": "x", "origin": [8, 23, 7.25]},
			"faces": {
				"north": {"uv": [8.5, 0.5, 9, 1], "texture": "#2"},
				"east": {"uv": [8.5, 0.5, 9, 1], "texture": "#2"},
				"south": {"uv": [8.5, 0.5, 9, 1], "texture": "#2"},
				"west": {"uv": [8.5, 0.5, 9, 1], "texture": "#2"},
				"up": {"uv": [9, 1, 8.5, 0.5], "texture": "#2"},
				"down": {"uv": [9, 0.5, 8.5, 1], "texture": "#2"}
			}
		},
		{
			"from": [8.5, 25.97729, 6.46],
			"to": [9, 26.47729, 6.61],
			"rotation": {"angle": 22.5, "axis": "x", "origin": [8, 23, 7.25]},
			"faces": {
				"north": {"uv": [8.5, 0.5, 9, 1], "texture": "#2"},
				"east": {"uv": [8.5, 0.5, 9, 1], "texture": "#2"},
				"south": {"uv": [8.5, 0.5, 9, 1], "texture": "#2"},
				"west": {"uv": [8.5, 0.5, 9, 1], "texture": "#2"},
				"up": {"uv": [9, 1, 8.5, 0.5], "texture": "#2"},
				"down": {"uv": [9, 0.5, 8.5, 1], "texture": "#2"}
			}
		},
		{
			"from": [7.25, 25.07729, 6.46],
			"to": [7.75, 25.57729, 6.61],
			"rotation": {"angle": 22.5, "axis": "x", "origin": [8, 23, 7.25]},
			"faces": {
				"north": {"uv": [8.5, 0.5, 9, 1], "texture": "#2"},
				"east": {"uv": [8.5, 0.5, 9, 1], "texture": "#2"},
				"south": {"uv": [8.5, 0.5, 9, 1], "texture": "#2"},
				"west": {"uv": [8.5, 0.5, 9, 1], "texture": "#2"},
				"up": {"uv": [9, 1, 8.5, 0.5], "texture": "#2"},
				"down": {"uv": [9, 0.5, 8.5, 1], "texture": "#2"}
			}
		},
		{
			"from": [7, 25.97729, 6.46],
			"to": [7.5, 26.47729, 6.61],
			"rotation": {"angle": 22.5, "axis": "x", "origin": [8, 23, 7.25]},
			"faces": {
				"north": {"uv": [8.5, 0.5, 9, 1], "texture": "#2"},
				"east": {"uv": [8.5, 0.5, 9, 1], "texture": "#2"},
				"south": {"uv": [8.5, 0.5, 9, 1], "texture": "#2"},
				"west": {"uv": [8.5, 0.5, 9, 1], "texture": "#2"},
				"up": {"uv": [9, 1, 8.5, 0.5], "texture": "#2"},
				"down": {"uv": [9, 0.5, 8.5, 1], "texture": "#2"}
			}
		},
		{
			"from": [6.15, 23.97729, 7.06848],
			"to": [6.85, 24.67729, 7.06848],
			"rotation": {"angle": 22.5, "axis": "x", "origin": [8, 23, 7.25]},
			"faces": {
				"north": {"uv": [8.5, 0.5, 9, 1], "texture": "#2"},
				"east": {"uv": [15.5, 15, 16, 16], "texture": "#2"},
				"south": {"uv": [8.5, 0.5, 9, 1], "texture": "#2"},
				"west": {"uv": [15.5, 15, 16, 16], "texture": "#2"},
				"up": {"uv": [16, 15.5, 15, 15], "texture": "#2"},
				"down": {"uv": [16, 15, 15, 15.5], "texture": "#2"}
			}
		},
		{
			"from": [6.15, 25.97729, 7.06848],
			"to": [6.85, 26.67729, 7.06848],
			"rotation": {"angle": 22.5, "axis": "x", "origin": [8, 23, 7.25]},
			"faces": {
				"north": {"uv": [8.5, 0.5, 9, 1], "texture": "#2"},
				"east": {"uv": [15.5, 15, 16, 16], "texture": "#2"},
				"south": {"uv": [8.5, 0.5, 9, 1], "texture": "#2"},
				"west": {"uv": [15.5, 15, 16, 16], "texture": "#2"},
				"up": {"uv": [16, 15.5, 15, 15], "texture": "#2"},
				"down": {"uv": [16, 15, 15, 15.5], "texture": "#2"}
			}
		},
		{
			"from": [6.15, 24.97729, 7.06848],
			"to": [6.85, 25.67729, 7.06848],
			"rotation": {"angle": 22.5, "axis": "x", "origin": [8, 23, 7.25]},
			"faces": {
				"north": {"uv": [8.5, 0.5, 9, 1], "texture": "#2"},
				"east": {"uv": [15.5, 15, 16, 16], "texture": "#2"},
				"south": {"uv": [8.5, 0.5, 9, 1], "texture": "#2"},
				"west": {"uv": [15.5, 15, 16, 16], "texture": "#2"},
				"up": {"uv": [16, 15.5, 15, 15], "texture": "#2"},
				"down": {"uv": [16, 15, 15, 15.5], "texture": "#2"}
			}
		},
		{
			"from": [9.15, 23.97729, 7.06848],
			"to": [9.85, 24.67729, 7.06848],
			"rotation": {"angle": 22.5, "axis": "x", "origin": [8, 23, 7.25]},
			"faces": {
				"north": {"uv": [8.5, 0.5, 9, 1], "texture": "#2"},
				"east": {"uv": [15.5, 15, 16, 16], "texture": "#2"},
				"south": {"uv": [8.5, 0.5, 9, 1], "texture": "#2"},
				"west": {"uv": [15.5, 15, 16, 16], "texture": "#2"},
				"up": {"uv": [16, 15.5, 15, 15], "texture": "#2"},
				"down": {"uv": [16, 15, 15, 15.5], "texture": "#2"}
			}
		},
		{
			"from": [9.15, 25.97729, 7.06848],
			"to": [9.85, 26.67729, 7.06848],
			"rotation": {"angle": 22.5, "axis": "x", "origin": [8, 23, 7.25]},
			"faces": {
				"north": {"uv": [8.5, 0.5, 9, 1], "texture": "#2"},
				"east": {"uv": [15.5, 15, 16, 16], "texture": "#2"},
				"south": {"uv": [8.5, 0.5, 9, 1], "texture": "#2"},
				"west": {"uv": [15.5, 15, 16, 16], "texture": "#2"},
				"up": {"uv": [16, 15.5, 15, 15], "texture": "#2"},
				"down": {"uv": [16, 15, 15, 15.5], "texture": "#2"}
			}
		},
		{
			"from": [9.15, 24.97729, 7.06848],
			"to": [9.85, 25.67729, 7.06848],
			"rotation": {"angle": 22.5, "axis": "x", "origin": [8, 23, 7.25]},
			"faces": {
				"north": {"uv": [8.5, 0.5, 9, 1], "texture": "#2"},
				"east": {"uv": [15.5, 15, 16, 16], "texture": "#2"},
				"south": {"uv": [8.5, 0.5, 9, 1], "texture": "#2"},
				"west": {"uv": [15.5, 15, 16, 16], "texture": "#2"},
				"up": {"uv": [16, 15.5, 15, 15], "texture": "#2"},
				"down": {"uv": [16, 15, 15, 15.5], "texture": "#2"}
			}
		},
		{
			"from": [6, 5, 6.5],
			"to": [10, 6, 7],
			"faces": {
				"north": {"uv": [2, 10.5, 4, 11], "texture": "#2"},
				"east": {"uv": [2.5, 10.5, 2, 11], "texture": "#2"},
				"south": {"uv": [2, 10.5, 4, 11], "texture": "#2"},
				"west": {"uv": [3.5, 10.5, 4, 11], "texture": "#2"},
				"up": {"uv": [4, 10.5, 2, 11], "texture": "#2"},
				"down": {"uv": [4, 11, 2, 10.5], "texture": "#2"}
			}
		},
		{
			"from": [7, 14, 7],
			"to": [9, 24, 8],
			"faces": {
				"north": {"uv": [2.5, 1.5, 3.5, 6.5], "texture": "#2"},
				"east": {"uv": [6.5, 1.5, 7, 6.5], "texture": "#2"},
				"south": {"uv": [10.5, 1.5, 11.5, 6.5], "texture": "#2"},
				"west": {"uv": [7.5, 1.5, 8, 6.5], "texture": "#2"},
				"up": {"uv": [3.5, 2, 2.5, 1.5], "texture": "#2"},
				"down": {"uv": [16, 15.5, 15, 16], "texture": "#2"}
			}
		},
		{
			"from": [4, 9, 7],
			"to": [12, 14, 9],
			"faces": {
				"north": {"uv": [1, 6.5, 5, 9], "texture": "#2"},
				"east": {"uv": [7.5, 6.5, 6.5, 9], "texture": "#2"},
				"south": {"uv": [9, 6.5, 13, 9], "texture": "#2"},
				"west": {"uv": [6.5, 6.5, 7.5, 9], "texture": "#2"},
				"up": {"uv": [5, 14, 1, 13], "texture": "#2"},
				"down": {"uv": [5, 14.5, 1, 15.5], "texture": "#2"}
			}
		},
		{
			"from": [12, 11, 7],
			"to": [13, 15, 9],
			"faces": {
				"north": {"uv": [0.5, 6, 1, 8], "texture": "#2"},
				"east": {"uv": [1, 13, 0.5, 14], "rotation": 270, "texture": "#2"},
				"south": {"uv": [8.5, 6, 9, 8], "texture": "#2"},
				"west": {"uv": [0.5, 13, 1, 14], "rotation": 90, "texture": "#2"},
				"up": {"uv": [1, 14, 0.5, 13], "texture": "#2"},
				"down": {"uv": [1, 13, 0.5, 14], "texture": "#2"}
			}
		},
		{
			"from": [3, 11, 7],
			"to": [4, 15, 9],
			"faces": {
				"north": {"uv": [5, 6, 5.5, 8], "texture": "#2"},
				"east": {"uv": [5.5, 13, 5, 14], "rotation": 270, "texture": "#2"},
				"south": {"uv": [13, 6, 13.5, 8], "texture": "#2"},
				"west": {"uv": [5, 13, 5.5, 14], "rotation": 90, "texture": "#2"},
				"up": {"uv": [5.5, 14, 5, 13], "texture": "#2"},
				"down": {"uv": [5.5, 13, 5, 14], "texture": "#2"}
			}
		},
		{
			"from": [3, 3, 7],
			"to": [13, 9, 9],
			"faces": {
				"north": {"uv": [0.5, 9, 5.5, 12], "texture": "#2"},
				"east": {"uv": [7.5, 9, 6.5, 12], "texture": "#2"},
				"south": {"uv": [8.5, 9, 13.5, 12], "texture": "#2"},
				"west": {"uv": [6.5, 9, 7.5, 12], "texture": "#2"},
				"up": {"uv": [5.5, 14, 0.5, 13], "texture": "#2"},
				"down": {"uv": [5.5, 14.5, 0.5, 15.5], "texture": "#2"}
			}
		},
		{
			"from": [2, 4, 7],
			"to": [14, 6, 9],
			"faces": {
				"north": {"uv": [0, 10.5, 6, 11.5], "texture": "#2"},
				"east": {"uv": [7.5, 10.5, 6.5, 11.5], "texture": "#2"},
				"south": {"uv": [8, 10.5, 14, 11.5], "texture": "#2"},
				"west": {"uv": [6.5, 10.5, 7.5, 11.5], "texture": "#2"},
				"up": {"uv": [6, 14, 0, 13], "texture": "#2"},
				"down": {"uv": [6, 14.5, 0, 15.5], "texture": "#2"}
			}
		},
		{
			"from": [5, 2, 7],
			"to": [11, 3, 9],
			"faces": {
				"north": {"uv": [1.5, 12, 4.5, 12.5], "texture": "#2"},
				"east": {"uv": [7.5, 12, 6.5, 12.5], "texture": "#2"},
				"south": {"uv": [9.5, 12, 12.5, 12.5], "texture": "#2"},
				"west": {"uv": [6.5, 12, 7.5, 12.5], "texture": "#2"},
				"up": {"uv": [4.5, 14, 1.5, 13], "texture": "#2"},
				"down": {"uv": [4.5, 14.5, 1.5, 15.5], "texture": "#2"}
			}
		}
	],
	"display": {
		"thirdperson_righthand": {
			"rotation": [180, 90, 0],
			"translation": [0, 10, 0.5]
		},
		"thirdperson_lefthand": {
			"rotation": [90, 5, -80],
			"translation": [-12, -1.5, 0]
		},
		"firstperson_righthand": {
			"rotation": [180, 90, -10],
			"translation": [0, 7, 0.5],
			"scale": [0.75, 0.75, 0.75]
		},
		"firstperson_lefthand": {
			"rotation": [25, 5, -80],
			"translation": [-11, -1.25, 1.5]
		},
		"ground": {
			"rotation": [90, 0, 0],
			"translation": [0, 0, -5]
		},
		"gui": {
			"rotation": [-35, 180, 35],
			"translation": [-1.75, -2.75, 0],
			"scale": [0.8, 0.8, 0.8]
		},
		"head": {
			"rotation": [5, 180, -15],
			"translation": [0, -16, 6.5],
			"scale": [1.5, 1.5, 1.5]
		},
		"fixed": {
			"translation": [0, -4, -2],
			"scale": [2.01, 2.01, 2.01]
		}
	},
	"groups": [
		0,
		{
			"name": "group",
			"origin": [8, 22, 7.5],
			"color": 0,
			"children": [
				1,
				2,
				3,
				{
					"name": "group",
					"origin": [8, 23, 7.25],
					"color": 0,
					"children": [4, 5, 6, 7, 8, 9]
				},
				{
					"name": "group",
					"origin": [8, 22, 7.5],
					"color": 0,
					"children": [10, 11, 12, 13, 14, 15]
				}
			]
		},
		16,
		17,
		18,
		19,
		20,
		21,
		22,
		23
	]
}