{
	"credit": "Сделано Веббером специально для MoreDeco https://modrinth.com/resourcepack/moredeco mc _Webber_3",
	"texture_size": [32, 32],
	"textures": {
		"1": "item/wooden_axe/lutnia"
	},
	"elements": [
		{
			"from": [7.125, 21.3, 6.8],
			"to": [8.875, 21.3, 10.8],
			"rotation": {"angle": 0, "axis": "x", "origin": [8, 22, 7.5]},
			"faces": {
				"north": {"uv": [1, 0, 0, 1], "rotation": 180, "texture": "#1"},
				"east": {"uv": [1, 0, 0, 1], "rotation": 270, "texture": "#1"},
				"south": {"uv": [1, 1, 0, 0], "texture": "#1"},
				"west": {"uv": [0, 0, 1, 1], "rotation": 90, "texture": "#1"},
				"up": {"uv": [15.5, 14, 12, 16], "rotation": 180, "texture": "#1"},
				"down": {"uv": [12, 14, 15.5, 16], "texture": "#1"}
			}
		},
		{
			"from": [7.125, 3, 6.8],
			"to": [8.875, 21.3, 6.8],
			"faces": {
				"north": {"uv": [8, 12.5, 11.5, 16], "texture": "#1"},
				"east": {"uv": [1, 0, 0, 1], "texture": "#1"},
				"south": {"uv": [8, 12.5, 11.5, 16], "texture": "#1"},
				"west": {"uv": [0, 0, 1, 1], "texture": "#1"},
				"up": {"uv": [1, 1, 0, 0], "texture": "#1"},
				"down": {"uv": [1, 0, 0, 1], "texture": "#1"}
			}
		},
		{
			"from": [7, 21.1, 10.5],
			"to": [7.5, 21.25, 11],
			"rotation": {"angle": 0, "axis": "x", "origin": [8, 21, 7]},
			"faces": {
				"north": {"uv": [9, 0.5, 8.5, 1], "rotation": 180, "texture": "#1"},
				"east": {"uv": [8.5, 0.5, 9, 1], "rotation": 270, "texture": "#1"},
				"south": {"uv": [9, 1, 8.5, 0.5], "texture": "#1"},
				"west": {"uv": [8.5, 0.5, 9, 1], "rotation": 90, "texture": "#1"},
				"up": {"uv": [8.5, 0.5, 9, 1], "rotation": 180, "texture": "#1"},
				"down": {"uv": [8.5, 0.5, 9, 1], "texture": "#1"}
			}
		},
		{
			"from": [7.5, 21.1, 9.5],
			"to": [8, 21.25, 10],
			"rotation": {"angle": 0, "axis": "x", "origin": [8, 21, 7]},
			"faces": {
				"north": {"uv": [9, 0.5, 8.5, 1], "rotation": 180, "texture": "#1"},
				"east": {"uv": [8.5, 0.5, 9, 1], "rotation": 270, "texture": "#1"},
				"south": {"uv": [9, 1, 8.5, 0.5], "texture": "#1"},
				"west": {"uv": [8.5, 0.5, 9, 1], "rotation": 90, "texture": "#1"},
				"up": {"uv": [8.5, 0.5, 9, 1], "rotation": 180, "texture": "#1"},
				"down": {"uv": [8.5, 0.5, 9, 1], "texture": "#1"}
			}
		},
		{
			"from": [8, 21.1, 8.5],
			"to": [8.5, 21.25, 9],
			"rotation": {"angle": 0, "axis": "x", "origin": [8, 21, 7]},
			"faces": {
				"north": {"uv": [9, 0.5, 8.5, 1], "rotation": 180, "texture": "#1"},
				"east": {"uv": [8.5, 0.5, 9, 1], "rotation": 270, "texture": "#1"},
				"south": {"uv": [9, 1, 8.5, 0.5], "texture": "#1"},
				"west": {"uv": [8.5, 0.5, 9, 1], "rotation": 90, "texture": "#1"},
				"up": {"uv": [8.5, 0.5, 9, 1], "rotation": 180, "texture": "#1"},
				"down": {"uv": [8.5, 0.5, 9, 1], "texture": "#1"}
			}
		},
		{
			"from": [8.5, 21.1, 7.5],
			"to": [9, 21.25, 8],
			"rotation": {"angle": 0, "axis": "x", "origin": [8, 21, 7]},
			"faces": {
				"north": {"uv": [9, 0.5, 8.5, 1], "rotation": 180, "texture": "#1"},
				"east": {"uv": [8.5, 0.5, 9, 1], "rotation": 270, "texture": "#1"},
				"south": {"uv": [9, 1, 8.5, 0.5], "texture": "#1"},
				"west": {"uv": [8.5, 0.5, 9, 1], "rotation": 90, "texture": "#1"},
				"up": {"uv": [8.5, 0.5, 9, 1], "rotation": 180, "texture": "#1"},
				"down": {"uv": [8.5, 0.5, 9, 1], "texture": "#1"}
			}
		},
		{
			"from": [7, 20, 7],
			"to": [9, 21.1, 12],
			"rotation": {"angle": 0, "axis": "x", "origin": [8, 22, 7.5]},
			"faces": {
				"north": {"uv": [3, 2, 2, 2.5], "rotation": 180, "texture": "#1"},
				"east": {"uv": [5.5, 0, 6, 2.5], "rotation": 270, "texture": "#1"},
				"south": {"uv": [11.5, 0.5, 10.5, 0], "texture": "#1"},
				"west": {"uv": [5.5, 0, 6, 2.5], "rotation": 90, "texture": "#1"},
				"up": {"uv": [2, 0, 3, 2.5], "rotation": 180, "texture": "#1"},
				"down": {"uv": [10.5, 0, 11.5, 2.5], "texture": "#1"}
			}
		},
		{
			"from": [6.3, 20.5, 7.5],
			"to": [7, 20.5, 8.2],
			"rotation": {"angle": 0, "axis": "x", "origin": [8, 22, 7.5]},
			"faces": {
				"north": {"uv": [1, 0, 0, 0.5], "rotation": 180, "texture": "#1"},
				"east": {"uv": [0.5, 0, 1, 1], "rotation": 270, "texture": "#1"},
				"south": {"uv": [1, 0.5, 0, 0], "texture": "#1"},
				"west": {"uv": [0.5, 0, 1, 1], "rotation": 90, "texture": "#1"},
				"up": {"uv": [8.5, 0.5, 9, 1], "rotation": 180, "texture": "#1"},
				"down": {"uv": [8.5, 0.5, 9, 1], "texture": "#1"}
			}
		},
		{
			"from": [6.3, 20.5, 9.5],
			"to": [7, 20.5, 10.2],
			"rotation": {"angle": 0, "axis": "x", "origin": [8, 22, 7.5]},
			"faces": {
				"north": {"uv": [1, 0, 0, 0.5], "rotation": 180, "texture": "#1"},
				"east": {"uv": [0.5, 0, 1, 1], "rotation": 270, "texture": "#1"},
				"south": {"uv": [1, 0.5, 0, 0], "texture": "#1"},
				"west": {"uv": [0.5, 0, 1, 1], "rotation": 90, "texture": "#1"},
				"up": {"uv": [8.5, 0.5, 9, 1], "rotation": 180, "texture": "#1"},
				"down": {"uv": [8.5, 0.5, 9, 1], "texture": "#1"}
			}
		},
		{
			"from": [6.3, 20.5, 8.5],
			"to": [7, 20.5, 9.2],
			"rotation": {"angle": 0, "axis": "x", "origin": [8, 22, 7.5]},
			"faces": {
				"north": {"uv": [1, 0, 0, 0.5], "rotation": 180, "texture": "#1"},
				"east": {"uv": [0.5, 0, 1, 1], "rotation": 270, "texture": "#1"},
				"south": {"uv": [1, 0.5, 0, 0], "texture": "#1"},
				"west": {"uv": [0.5, 0, 1, 1], "rotation": 90, "texture": "#1"},
				"up": {"uv": [8.5, 0.5, 9, 1], "rotation": 180, "texture": "#1"},
				"down": {"uv": [8.5, 0.5, 9, 1], "texture": "#1"}
			}
		},
		{
			"from": [6.3, 20.5, 10.5],
			"to": [7, 20.5, 11.2],
			"rotation": {"angle": 0, "axis": "x", "origin": [8, 22, 7.5]},
			"faces": {
				"north": {"uv": [1, 0, 0, 0.5], "rotation": 180, "texture": "#1"},
				"east": {"uv": [0.5, 0, 1, 1], "rotation": 270, "texture": "#1"},
				"south": {"uv": [1, 0.5, 0, 0], "texture": "#1"},
				"west": {"uv": [0.5, 0, 1, 1], "rotation": 90, "texture": "#1"},
				"up": {"uv": [8.5, 0.5, 9, 1], "rotation": 180, "texture": "#1"},
				"down": {"uv": [8.5, 0.5, 9, 1], "texture": "#1"}
			}
		},
		{
			"from": [9, 20.5, 7.5],
			"to": [9.7, 20.5, 8.2],
			"rotation": {"angle": 0, "axis": "x", "origin": [8, 22, 7.5]},
			"faces": {
				"north": {"uv": [1, 0, 0, 0.5], "rotation": 180, "texture": "#1"},
				"east": {"uv": [0.5, 0, 1, 1], "rotation": 270, "texture": "#1"},
				"south": {"uv": [1, 0.5, 0, 0], "texture": "#1"},
				"west": {"uv": [0.5, 0, 1, 1], "rotation": 90, "texture": "#1"},
				"up": {"uv": [8.5, 0.5, 9, 1], "rotation": 180, "texture": "#1"},
				"down": {"uv": [8.5, 0.5, 9, 1], "texture": "#1"}
			}
		},
		{
			"from": [9, 20.5, 9.5],
			"to": [9.7, 20.5, 10.2],
			"rotation": {"angle": 0, "axis": "x", "origin": [8, 22, 7.5]},
			"faces": {
				"north": {"uv": [1, 0, 0, 0.5], "rotation": 180, "texture": "#1"},
				"east": {"uv": [0.5, 0, 1, 1], "rotation": 270, "texture": "#1"},
				"south": {"uv": [1, 0.5, 0, 0], "texture": "#1"},
				"west": {"uv": [0.5, 0, 1, 1], "rotation": 90, "texture": "#1"},
				"up": {"uv": [8.5, 0.5, 9, 1], "rotation": 180, "texture": "#1"},
				"down": {"uv": [8.5, 0.5, 9, 1], "texture": "#1"}
			}
		},
		{
			"from": [9, 20.5, 10.5],
			"to": [9.7, 20.5, 11.2],
			"rotation": {"angle": 0, "axis": "x", "origin": [8, 22, 7.5]},
			"faces": {
				"north": {"uv": [1, 0, 0, 0.5], "rotation": 180, "texture": "#1"},
				"east": {"uv": [0.5, 0, 1, 1], "rotation": 270, "texture": "#1"},
				"south": {"uv": [1, 0.5, 0, 0], "texture": "#1"},
				"west": {"uv": [0.5, 0, 1, 1], "rotation": 90, "texture": "#1"},
				"up": {"uv": [8.5, 0.5, 9, 1], "rotation": 180, "texture": "#1"},
				"down": {"uv": [8.5, 0.5, 9, 1], "texture": "#1"}
			}
		},
		{
			"from": [9, 20.5, 8.5],
			"to": [9.7, 20.5, 9.2],
			"rotation": {"angle": 0, "axis": "x", "origin": [8, 22, 7.5]},
			"faces": {
				"north": {"uv": [1, 0, 0, 0.5], "rotation": 180, "texture": "#1"},
				"east": {"uv": [0.5, 0, 1, 1], "rotation": 270, "texture": "#1"},
				"south": {"uv": [1, 0.5, 0, 0], "texture": "#1"},
				"west": {"uv": [0.5, 0, 1, 1], "rotation": 90, "texture": "#1"},
				"up": {"uv": [8.5, 0.5, 9, 1], "rotation": 180, "texture": "#1"},
				"down": {"uv": [8.5, 0.5, 9, 1], "texture": "#1"}
			}
		},
		{
			"from": [7, 2, 6.5],
			"to": [9, 3, 7],
			"faces": {
				"north": {"uv": [2, 11, 3, 11.5], "texture": "#1"},
				"east": {"uv": [3, 11, 2.5, 11.5], "texture": "#1"},
				"south": {"uv": [2, 11, 3, 11.5], "texture": "#1"},
				"west": {"uv": [2, 11, 2.5, 11.5], "texture": "#1"},
				"up": {"uv": [3, 11, 2, 11.5], "texture": "#1"},
				"down": {"uv": [3, 11.5, 2, 11], "texture": "#1"}
			}
		},
		{
			"from": [7, 13, 7],
			"to": [9, 20, 8],
			"faces": {
				"north": {"uv": [2, 2.5, 3, 6], "texture": "#1"},
				"east": {"uv": [7, 2.5, 7.5, 6], "texture": "#1"},
				"south": {"uv": [10.5, 2.5, 11.5, 6], "texture": "#1"},
				"west": {"uv": [5.5, 2.5, 6, 6], "texture": "#1"},
				"up": {"uv": [3, 3, 2, 2.5], "texture": "#1"},
				"down": {"uv": [1, 0, 0, 0.5], "texture": "#1"}
			}
		},
		{
			"from": [5, 8, 7],
			"to": [11, 13, 9],
			"faces": {
				"north": {"uv": [1, 6, 4, 8.5], "texture": "#1"},
				"east": {"uv": [6.5, 6, 5.5, 8.5], "texture": "#1"},
				"south": {"uv": [9.5, 6, 12.5, 8.5], "texture": "#1"},
				"west": {"uv": [5.5, 6, 6.5, 8.5], "texture": "#1"},
				"up": {"uv": [4, 14, 1, 13], "texture": "#1"},
				"down": {"uv": [4, 14.5, 1, 15.5], "texture": "#1"}
			}
		},
		{
			"from": [7, 6, 8],
			"to": [9, 8, 7],
			"faces": {
				"north": {"uv": [6, 13.5, 7, 14.5], "texture": "#1"},
				"east": {"uv": [6, 13.5, 5.5, 14.5], "texture": "#1"},
				"south": {"uv": [0, 0, 1, 1], "texture": "#1"},
				"west": {"uv": [7.5, 13.5, 7, 14.5], "texture": "#1"},
				"up": {"uv": [7, 13, 6, 13.5], "texture": "#1"},
				"down": {"uv": [7, 15, 6, 14.5], "texture": "#1"}
			}
		},
		{
			"from": [4, 0, 7],
			"to": [12, 12, 9],
			"faces": {
				"north": {"uv": [0.5, 6.5, 4.5, 12.5], "texture": "#1"},
				"east": {"uv": [6.5, 6.5, 5.5, 12.5], "texture": "#1"},
				"south": {"uv": [9, 6.5, 13, 12.5], "texture": "#1"},
				"west": {"uv": [5.5, 6.5, 6.5, 12.5], "texture": "#1"},
				"up": {"uv": [4.5, 14, 0.5, 13], "texture": "#1"},
				"down": {"uv": [4.5, 14.5, 0.5, 15.5], "texture": "#1"}
			}
		},
		{
			"from": [5, 1, 9],
			"to": [11, 11, 10],
			"faces": {
				"north": {"uv": [0, 0, 0.5, 0.5], "texture": "#1"},
				"east": {"uv": [6.5, 6.5, 6, 12], "texture": "#1"},
				"south": {"uv": [9.5, 6.5, 12.5, 12], "texture": "#1"},
				"west": {"uv": [6, 6.5, 6.5, 12], "texture": "#1"},
				"up": {"uv": [4.5, 13.5, 0.5, 13], "texture": "#1"},
				"down": {"uv": [4.5, 14.5, 0.5, 15], "texture": "#1"}
			}
		},
		{
			"from": [4, 2, 9],
			"to": [12, 8, 10],
			"faces": {
				"north": {"uv": [0, 0, 0.5, 0.5], "texture": "#1"},
				"east": {"uv": [6.5, 8, 6, 11.5], "texture": "#1"},
				"south": {"uv": [9, 8, 13, 11.5], "texture": "#1"},
				"west": {"uv": [6, 8, 6.5, 11.5], "texture": "#1"},
				"up": {"uv": [4.5, 13.5, 0.5, 13], "texture": "#1"},
				"down": {"uv": [4.5, 14.5, 0.5, 15], "texture": "#1"}
			}
		},
		{
			"from": [6, 11, 9],
			"to": [10, 12, 10],
			"faces": {
				"north": {"uv": [0, 0, 0.5, 0.5], "texture": "#1"},
				"east": {"uv": [6.5, 6, 6, 6.5], "texture": "#1"},
				"south": {"uv": [10, 6, 12, 6.5], "texture": "#1"},
				"west": {"uv": [6, 6, 6.5, 6.5], "texture": "#1"},
				"up": {"uv": [4.5, 13.5, 0.5, 13], "texture": "#1"},
				"down": {"uv": [4.5, 14.5, 0.5, 15], "texture": "#1"}
			}
		},
		{
			"from": [3, 1, 7],
			"to": [13, 8, 9],
			"faces": {
				"north": {"uv": [0, 8.5, 5, 12], "texture": "#1"},
				"east": {"uv": [6.5, 8.5, 5.5, 12], "texture": "#1"},
				"south": {"uv": [8.5, 8.5, 13.5, 12], "texture": "#1"},
				"west": {"uv": [5.5, 8.5, 6.5, 12], "texture": "#1"},
				"up": {"uv": [5, 14, 0, 13], "texture": "#1"},
				"down": {"uv": [5, 14.5, 0, 15.5], "texture": "#1"}
			}
		}
	],
	"display": {
		"thirdperson_righthand": {
			"rotation": [180, 90, 0],
			"translation": [0, 7, 0.5]
		},
		"thirdperson_lefthand": {
			"rotation": [90, 5, -80],
			"translation": [-9.5, -1.25, 0]
		},
		"firstperson_righthand": {
			"rotation": [180, 90, -10],
			"translation": [0, 7, 0.5],
			"scale": [0.75, 0.75, 0.75]
		},
		"firstperson_lefthand": {
			"rotation": [25, 5, -80],
			"translation": [-11, -1.25, 1.5]
		},
		"ground": {
			"rotation": [90, 0, 0],
			"translation": [0, 0, -3]
		},
		"gui": {
			"rotation": [-35, 180, 35],
			"translation": [-0.25, -1, 0],
			"scale": [0.8, 0.8, 0.8]
		},
		"head": {
			"rotation": [5, 180, -25],
			"translation": [0, -16, 6.5],
			"scale": [1.5, 1.5, 1.5]
		},
		"fixed": {
			"translation": [0, 0, -4],
			"scale": [2.01, 2.01, 2.01]
		}
	},
	"groups": [
		0,
		1,
		{
			"name": "group",
			"origin": [8, 22, 7.5],
			"color": 0,
			"children": [2, 3, 4, 5]
		},
		6,
		{
			"name": "group",
			"origin": [8, 22, 7.5],
			"color": 0,
			"children": [7, 8, 9, 10, 11, 12, 13, 14]
		},
		15,
		16,
		17,
		18,
		19,
		20,
		21,
		22,
		23
	]
}