{
	"credit": "Сделано Веббером специально для MoreDeco https://modrinth.com/resourcepack/moredeco mc _Webber_3",
	"texture_size": [64, 64],
	"textures": {
		"0": "item/carved_pumpkin/hair/afro",
		"particle": "item/carved_pumpkin/hair/afro"
	},
	"elements": [
		{
			"from": [2, 0, 2],
			"to": [14, 11, 13],
			"faces": {
				"north": {"uv": [0, 0, 3, 2.75], "texture": "#0"},
				"east": {"uv": [0, 2.75, 2.75, 5.5], "texture": "#0"},
				"south": {"uv": [3, 0, 6, 2.75], "texture": "#0"},
				"west": {"uv": [2.75, 2.75, 5.5, 5.5], "texture": "#0"},
				"up": {"uv": [3, 8.25, 0, 5.5], "texture": "#0"},
				"down": {"uv": [9, 0, 6, 2.75], "texture": "#0"}
			}
		},
		{
			"from": [4, 0, 9],
			"to": [12, 7, 2],
			"rotation": {"angle": 0, "axis": "y", "origin": [8, 3.5, -2]},
			"faces": {
				"north": {"uv": [3.5, 1, 5.5, 2.75], "texture": "#0"},
				"east": {"uv": [0.5, 3.75, 2.25, 5.5], "texture": "#0"},
				"south": {"uv": [0.5, 1, 2.5, 2.75], "texture": "#0"},
				"west": {"uv": [3.25, 3.75, 5, 5.5], "texture": "#0"},
				"up": {"uv": [2.5, 8, 0.5, 6.25], "rotation": 180, "texture": "#0"},
				"down": {"uv": [8.5, 1, 6.5, 2.75], "rotation": 180, "texture": "#0"}
			}
		}
	],
	"display": {
		"thirdperson_righthand": {
			"rotation": [0, 180, 0],
			"translation": [-2, 4, 0],
			"scale": [0.5, 0.5, 0.5]
		},
		"thirdperson_lefthand": {
			"rotation": [0, 180, 0],
			"translation": [-2, 4, 0],
			"scale": [0.5, 0.5, 0.5]
		},
		"firstperson_righthand": {
			"translation": [0, 4.5, 1.75],
			"scale": [0.5, 0.5, 0.5]
		},
		"firstperson_lefthand": {
			"rotation": [-25, 180, 0],
			"translation": [0, 5, 0],
			"scale": [0.5, 0.5, 0.5]
		},
		"ground": {
			"translation": [0, 4, 0],
			"scale": [0.75, 0.75, 0.75]
		},
		"gui": {
			"rotation": [25, -140, 0],
			"translation": [-0.25, 1.75, 0],
			"scale": [0.75, 0.75, 0.75]
		},
		"head": {
			"translation": [0, 7.25, 2.75],
			"scale": [1.6, 1.6, 1.6]
		},
		"fixed": {
			"rotation": [0, 180, 0],
			"translation": [0, 5.25, -12.5],
			"scale": [2.05, 2.05, 2.05]
		}
	}
}