{
	"credit": "Сделано Веббером специально для MoreDeco https://modrinth.com/resourcepack/moredeco mc _Webber_3",
	"texture_size": [32, 32],
	"textures": {
		"0": "item/iron_ingot/labs/probirks",
		"particle": "item/iron_ingot/labs/probirks"
	},
	"elements": [
		{
			"from": [1.5, 5, 6],
			"to": [14.5, 5, 10],
			"faces": {
				"north": {"uv": [0, 14, 2.5, 14.5], "rotation": 180, "texture": "#0"},
				"east": {"uv": [2.25, 8, 2.5, 13], "rotation": 90, "texture": "#0"},
				"south": {"uv": [0, 12.5, 2.5, 13], "texture": "#0"},
				"west": {"uv": [0, 8, 2.5, 8.5], "texture": "#0"},
				"up": {"uv": [0, 0, 6.5, 2], "texture": "#0"},
				"down": {"uv": [6.5, 0, 0, 2], "texture": "#0"}
			}
		},
		{
			"from": [1.5, 1, 6],
			"to": [14.5, 2, 10],
			"faces": {
				"north": {"uv": [0, 2, 6.5, 2.5], "rotation": 180, "texture": "#0"},
				"south": {"uv": [0, 2, 6.5, 2.5], "texture": "#0"},
				"up": {"uv": [0, 2.5, 6.5, 4.5], "texture": "#0"},
				"down": {"uv": [0, 2.5, 6.5, 4.5], "texture": "#0"}
			}
		},
		{
			"from": [5.5, 2, 7],
			"to": [7.5, 7, 9],
			"faces": {
				"north": {"uv": [10.5, 0, 11.5, 2.5], "texture": "#0"},
				"east": {"uv": [9.5, 0, 10.5, 2.5], "texture": "#0"},
				"south": {"uv": [8.5, 0, 9.5, 2.5], "texture": "#0"},
				"west": {"uv": [12.5, 0, 11.5, 2.5], "texture": "#0"},
				"up": {"uv": [12.5, 0, 13.5, 1], "texture": "#0"}
			}
		},
		{
			"from": [7.5, 2, 7],
			"to": [5.5, 7, 9],
			"faces": {
				"north": {"uv": [10.5, 0, 11.5, 2.5], "texture": "#0"},
				"east": {"uv": [9.5, 0, 10.5, 2.5], "texture": "#0"},
				"south": {"uv": [9.5, 0, 8.5, 2.5], "texture": "#0"},
				"west": {"uv": [12.5, 0, 11.5, 2.5], "texture": "#0"},
				"up": {"uv": [12.5, 0, 13.5, 1], "texture": "#0"}
			}
		},
		{
			"from": [10.5, 4, 7],
			"to": [8.5, 7, 9],
			"rotation": {"angle": 0, "axis": "y", "origin": [9.5, 4.75, 8]},
			"faces": {
				"north": {"uv": [9.5, 2.5, 8.5, 4], "texture": "#0"},
				"east": {"uv": [10.5, 2.5, 9.5, 4], "texture": "#0"},
				"south": {"uv": [10.5, 2.5, 11.5, 4], "texture": "#0"},
				"west": {"uv": [11.5, 2.5, 12.5, 4], "texture": "#0"},
				"up": {"uv": [12.5, 2.5, 13.5, 3.5], "rotation": 180, "texture": "#0"},
				"down": {"uv": [12.5, 4, 13.5, 5], "rotation": 90, "texture": "#0"}
			}
		},
		{
			"from": [8.5, 2, 7],
			"to": [10.5, 7, 9],
			"rotation": {"angle": 0, "axis": "y", "origin": [9.5, 4.75, 8]},
			"faces": {
				"north": {"uv": [8.5, 2.5, 9.5, 5], "texture": "#0"},
				"east": {"uv": [10.5, 2.5, 9.5, 5], "texture": "#0"},
				"south": {"uv": [10.5, 2.5, 11.5, 5], "texture": "#0"},
				"west": {"uv": [11.5, 2.5, 12.5, 5], "texture": "#0"},
				"up": {"uv": [12.5, 2.5, 13.5, 3.5], "rotation": 180, "texture": "#0"}
			}
		},
		{
			"from": [13.5, 4, 7],
			"to": [11.5, 7, 9],
			"faces": {
				"north": {"uv": [10.5, 7.5, 11.5, 9], "texture": "#0"},
				"east": {"uv": [9.5, 7.5, 10.5, 9], "texture": "#0"},
				"south": {"uv": [9.5, 7.5, 8.5, 9], "texture": "#0"},
				"west": {"uv": [12.5, 7.5, 11.5, 9], "texture": "#0"},
				"up": {"uv": [12.5, 7.5, 13.5, 8.5], "texture": "#0"},
				"down": {"uv": [12.5, 9, 13.5, 10], "rotation": 270, "texture": "#0"}
			}
		},
		{
			"from": [11.5, 2, 7],
			"to": [13.5, 7, 9],
			"rotation": {"angle": 0, "axis": "y", "origin": [12.5, 4.5, 8]},
			"faces": {
				"north": {"uv": [10.5, 7.5, 9.5, 10], "texture": "#0"},
				"east": {"uv": [10.5, 7.5, 11.5, 10], "texture": "#0"},
				"south": {"uv": [11.5, 7.5, 12.5, 10], "texture": "#0"},
				"west": {"uv": [8.5, 7.5, 9.5, 10], "texture": "#0"},
				"up": {"uv": [12.5, 7.5, 13.5, 8.5], "rotation": 90, "texture": "#0"}
			}
		},
		{
			"from": [4.5, 5, 7],
			"to": [2.5, 7, 9],
			"faces": {
				"north": {"uv": [10.5, 5, 11.5, 6], "texture": "#0"},
				"east": {"uv": [9.5, 5, 10.5, 6], "texture": "#0"},
				"south": {"uv": [9.5, 5, 8.5, 6], "texture": "#0"},
				"west": {"uv": [12.5, 5, 11.5, 6], "texture": "#0"},
				"up": {"uv": [12.5, 5, 13.5, 6], "texture": "#0"},
				"down": {"uv": [12.5, 6.5, 13.5, 7.5], "rotation": 270, "texture": "#0"}
			}
		},
		{
			"from": [2.5, 2, 7],
			"to": [4.5, 7, 9],
			"faces": {
				"north": {"uv": [10.5, 5, 11.5, 7.5], "texture": "#0"},
				"east": {"uv": [9.5, 5, 10.5, 7.5], "texture": "#0"},
				"south": {"uv": [8.5, 5, 9.5, 7.5], "texture": "#0"},
				"west": {"uv": [12.5, 5, 11.5, 7.5], "texture": "#0"},
				"up": {"uv": [12.5, 5, 13.5, 6], "texture": "#0"}
			}
		},
		{
			"from": [1.5, 0, 6],
			"to": [1.5, 6, 10],
			"faces": {
				"north": {"uv": [0, 14, 2.5, 14.5], "rotation": 180, "texture": "#0"},
				"east": {"uv": [8.5, 0, 6.5, 3], "texture": "#0"},
				"south": {"uv": [0, 12.5, 2.5, 13], "texture": "#0"},
				"west": {"uv": [6.5, 0, 8.5, 3], "texture": "#0"},
				"up": {"uv": [0, 8, 2.5, 13], "texture": "#0"},
				"down": {"uv": [0, 8, 2.5, 13], "rotation": 270, "texture": "#0"}
			}
		},
		{
			"from": [14.5, 0, 6],
			"to": [14.5, 6, 10],
			"faces": {
				"north": {"uv": [0, 14, 2.5, 14.5], "rotation": 180, "texture": "#0"},
				"east": {"uv": [8.5, 0, 6.5, 3], "texture": "#0"},
				"south": {"uv": [0, 12.5, 2.5, 13], "texture": "#0"},
				"west": {"uv": [6.5, 0, 8.5, 3], "texture": "#0"},
				"up": {"uv": [0, 8, 2.5, 13], "texture": "#0"},
				"down": {"uv": [0, 8, 2.5, 13], "rotation": 270, "texture": "#0"}
			}
		}
	],
	"gui_light": "front",
	"display": {
		"thirdperson_righthand": {
			"translation": [-6, 5.75, -1.5]
		},
		"thirdperson_lefthand": {
			"translation": [-6, 5.75, -1.5]
		},
		"firstperson_righthand": {
			"rotation": [0, 15, 0],
			"translation": [3, 3.5, -4]
		},
		"firstperson_lefthand": {
			"rotation": [0, 15, 0],
			"translation": [3, 3.5, -4]
		},
		"ground": {
			"translation": [0, 5.5, -0.5]
		},
		"gui": {
			"rotation": [35, -45, 0],
			"translation": [0, 5.25, 0],
			"scale": [1.25, 1.25, 1.25]
		},
		"head": {
			"translation": [0, 18, -1],
			"scale": [1.6, 1.6, 1.6]
		},
		"fixed": {
			"rotation": [0, 90, -90],
			"translation": [0, 0, -14],
			"scale": [2, 2, 2]
		}
	},
	"groups": [
		0,
		1,
		{
			"name": "group",
			"origin": [0, 0, 0],
			"color": 0,
			"children": [2, 3, 4, 5, 6, 7, 8, 9]
		},
		10,
		11
	]
}