{
	"credit": "Сделано Веббером специально для MoreDeco https://modrinth.com/resourcepack/moredeco mc _Webber_3",
	"textures": {
		"0": "item/brick/bricks",
		"particle": "item/brick/bricks"
	},
	"elements": [
		{
			"from": [3, 0, -1],
			"to": [13, 3, 4],
			"rotation": {"angle": 0, "axis": "y", "origin": [5.5, 1.5, 5]},
			"faces": {
				"north": {"uv": [0, 5, 10, 8], "texture": "#0"},
				"east": {"uv": [10, 8, 15, 11], "texture": "#0"},
				"south": {"uv": [10, 5, 0, 8], "texture": "#0"},
				"west": {"uv": [10, 5, 15, 8], "texture": "#0"},
				"up": {"uv": [0, 0, 10, 5], "rotation": 180, "texture": "#0"},
				"down": {"uv": [0, 8, 10, 13], "texture": "#0"}
			}
		},
		{
			"from": [4, 0, 5],
			"to": [14, 3, 10],
			"rotation": {"angle": 0, "axis": "y", "origin": [5.5, 1.5, 5]},
			"faces": {
				"north": {"uv": [0, 5, 10, 8], "texture": "#0"},
				"east": {"uv": [10, 8, 15, 11], "texture": "#0"},
				"south": {"uv": [10, 5, 0, 8], "texture": "#0"},
				"west": {"uv": [10, 5, 15, 8], "texture": "#0"},
				"up": {"uv": [0, 0, 10, 5], "rotation": 180, "texture": "#0"},
				"down": {"uv": [0, 8, 10, 13], "texture": "#0"}
			}
		},
		{
			"from": [2, 3, 0],
			"to": [12, 6, 5],
			"rotation": {"angle": 0, "axis": "y", "origin": [8, 4.5, 8]},
			"faces": {
				"north": {"uv": [0, 5, 10, 8], "texture": "#0"},
				"east": {"uv": [10, 8, 15, 11], "texture": "#0"},
				"south": {"uv": [10, 5, 0, 8], "texture": "#0"},
				"west": {"uv": [10, 5, 15, 8], "texture": "#0"},
				"up": {"uv": [0, 0, 10, 5], "rotation": 180, "texture": "#0"},
				"down": {"uv": [0, 8, 10, 13], "texture": "#0"}
			}
		},
		{
			"from": [3, 3, 7],
			"to": [13, 6, 12],
			"rotation": {"angle": 0, "axis": "y", "origin": [8, 4.5, 8]},
			"faces": {
				"north": {"uv": [0, 5, 10, 8], "texture": "#0"},
				"east": {"uv": [10, 8, 15, 11], "texture": "#0"},
				"south": {"uv": [10, 5, 0, 8], "texture": "#0"},
				"west": {"uv": [10, 5, 15, 8], "texture": "#0"},
				"up": {"uv": [0, 0, 10, 5], "rotation": 180, "texture": "#0"},
				"down": {"uv": [0, 8, 10, 13], "texture": "#0"}
			}
		},
		{
			"from": [4, 6, 4],
			"to": [14, 9, 9],
			"rotation": {"angle": 0, "axis": "y", "origin": [8, 4.5, 8]},
			"faces": {
				"north": {"uv": [0, 5, 10, 8], "texture": "#0"},
				"east": {"uv": [10, 8, 15, 11], "texture": "#0"},
				"south": {"uv": [10, 5, 0, 8], "texture": "#0"},
				"west": {"uv": [10, 5, 15, 8], "texture": "#0"},
				"up": {"uv": [0, 0, 10, 5], "rotation": 180, "texture": "#0"},
				"down": {"uv": [0, 8, 10, 13], "texture": "#0"}
			}
		},
		{
			"from": [2, 0, 11],
			"to": [12, 3, 16],
			"rotation": {"angle": 0, "axis": "y", "origin": [8, 4.5, 8]},
			"faces": {
				"north": {"uv": [0, 5, 10, 8], "texture": "#0"},
				"east": {"uv": [10, 8, 15, 11], "texture": "#0"},
				"south": {"uv": [10, 5, 0, 8], "texture": "#0"},
				"west": {"uv": [10, 5, 15, 8], "texture": "#0"},
				"up": {"uv": [0, 0, 10, 5], "rotation": 180, "texture": "#0"},
				"down": {"uv": [0, 8, 10, 13], "texture": "#0"}
			}
		}
	],
	"display": {
		"thirdperson_righthand": {
			"rotation": [0, 90, 0],
			"translation": [-6, 8.25, 0]
		},
		"thirdperson_lefthand": {
			"rotation": [0, 90, 0],
			"translation": [-6, 8.25, 0]
		},
		"firstperson_righthand": {
			"rotation": [0, 90, 0],
			"translation": [-8.5, 7, 0],
			"scale": [0.75, 0.75, 0.75]
		},
		"firstperson_lefthand": {
			"rotation": [0, 90, 0],
			"translation": [-8.5, 7, 0],
			"scale": [0.75, 0.75, 0.75]
		},
		"ground": {
			"translation": [0, 4, 0],
			"scale": [0.75, 0.75, 0.75]
		},
		"gui": {
			"rotation": [35, -135, 0],
			"translation": [-0.5, 3, 0],
			"scale": [0.85, 0.85, 0.85]
		},
		"head": {
			"translation": [0, 15, 0]
		},
		"fixed": {
			"rotation": [-90, 0, 0],
			"translation": [0, 0, -16],
			"scale": [2, 2, 2]
		}
	}
}