{
	"credit": "Сделано Веббером специально для MoreDeco https://modrinth.com/resourcepack/moredeco mc _Webber_3",
	"textures": {
		"0": "item/brick/bricks",
		"particle": "item/brick/bricks"
	},
	"elements": [
		{
			"from": [5.5, 0, 3],
			"to": [10.5, 3, 13],
			"faces": {
				"north": {"uv": [10, 8, 15, 11], "texture": "#0"},
				"east": {"uv": [10, 5, 0, 8], "texture": "#0"},
				"south": {"uv": [10, 5, 15, 8], "texture": "#0"},
				"west": {"uv": [0, 5, 10, 8], "texture": "#0"},
				"up": {"uv": [0, 0, 10, 5], "rotation": 90, "texture": "#0"},
				"down": {"uv": [0, 8, 10, 13], "rotation": 90, "texture": "#0"}
			}
		}
	],
	"display": {
		"thirdperson_righthand": {
			"translation": [-2.5, 8.25, 0]
		},
		"thirdperson_lefthand": {
			"translation": [-2.5, 8.25, 0]
		},
		"firstperson_righthand": {
			"rotation": [75, 0, 0],
			"translation": [4, 3, 4]
		},
		"firstperson_lefthand": {
			"rotation": [75, 0, 0],
			"translation": [4, 3, 4]
		},
		"ground": {
			"translation": [0, 4, 0],
			"scale": [0.75, 0.75, 0.75]
		},
		"gui": {
			"rotation": [45, -135, 0],
			"translation": [0, 6, 0],
			"scale": [1.25, 1.25, 1.25]
		},
		"head": {
			"translation": [0, 15, 0]
		},
		"fixed": {
			"rotation": [-90, 0, 0],
			"translation": [0, 0, -16],
			"scale": [2, 2, 2]
		}
	}
}