{
	"credit": "Сделано Веббером специально для MoreDeco https://modrinth.com/resourcepack/moredeco mc _Webber_3",
	"textures": {
		"0": "item/brick/bricks",
		"particle": "item/brick/bricks"
	},
	"elements": [
		{
			"from": [9, 0, 3],
			"to": [14, 3, 13],
			"rotation": {"angle": 0, "axis": "y", "origin": [4, 0, 0]},
			"faces": {
				"north": {"uv": [10, 8, 15, 11], "texture": "#0"},
				"east": {"uv": [10, 5, 0, 8], "texture": "#0"},
				"south": {"uv": [10, 5, 15, 8], "texture": "#0"},
				"west": {"uv": [0, 5, 10, 8], "texture": "#0"},
				"up": {"uv": [0, 0, 10, 5], "rotation": 90, "texture": "#0"},
				"down": {"uv": [0, 8, 10, 13], "rotation": 90, "texture": "#0"}
			}
		},
		{
			"from": [3, 0, 3],
			"to": [8, 3, 13],
			"rotation": {"angle": 0, "axis": "y", "origin": [2, 0, 8]},
			"faces": {
				"north": {"uv": [10, 5, 15, 8], "texture": "#0"},
				"east": {"uv": [0, 5, 10, 8], "texture": "#0"},
				"south": {"uv": [10, 8, 15, 11], "texture": "#0"},
				"west": {"uv": [10, 5, 0, 8], "texture": "#0"},
				"up": {"uv": [0, 0, 10, 5], "rotation": 270, "texture": "#0"},
				"down": {"uv": [0, 8, 10, 13], "rotation": 270, "texture": "#0"}
			}
		},
		{
			"from": [3, 3, 5],
			"to": [13, 6, 10],
			"rotation": {"angle": 0, "axis": "y", "origin": [8, 4.5, 8]},
			"faces": {
				"north": {"uv": [0, 5, 10, 8], "texture": "#0"},
				"east": {"uv": [10, 8, 15, 11], "texture": "#0"},
				"south": {"uv": [10, 5, 0, 8], "texture": "#0"},
				"west": {"uv": [10, 5, 15, 8], "texture": "#0"},
				"up": {"uv": [0, 0, 10, 5], "rotation": 180, "texture": "#0"},
				"down": {"uv": [0, 8, 10, 13], "texture": "#0"}
			}
		}
	],
	"display": {
		"thirdperson_righthand": {
			"translation": [-6, 8.25, 0]
		},
		"thirdperson_lefthand": {
			"translation": [-6, 8.25, 0]
		},
		"firstperson_righthand": {
			"translation": [-9, 7, 0],
			"scale": [0.75, 0.75, 0.75]
		},
		"firstperson_lefthand": {
			"translation": [-9, 7, 0],
			"scale": [0.75, 0.75, 0.75]
		},
		"ground": {
			"translation": [0, 4, 0],
			"scale": [0.75, 0.75, 0.75]
		},
		"gui": {
			"rotation": [35, -135, 0],
			"translation": [0.25, 4, 0]
		},
		"head": {
			"translation": [0, 15, 0]
		},
		"fixed": {
			"rotation": [-90, 0, 0],
			"translation": [0, 0, -16],
			"scale": [2, 2, 2]
		}
	}
}