{
	"credit": "Сделано Веббером специально для MoreDeco https://modrinth.com/resourcepack/moredeco mc _Webber_3",
	"texture_size": [64, 64],
	"textures": {
		"2": "item/iron_ingot/barabans/barabans",
		"particle": "item/iron_ingot/barabans/barabans"
	},
	"elements": [
		{
			"from": [-5, 24, -2],
			"to": [5, 25, 8],
			"rotation": {"angle": 22.5, "axis": "x", "origin": [8, 23.5, 3]},
			"faces": {
				"north": {"uv": [4.5, 2.5, 7, 2.75], "texture": "#2"},
				"east": {"uv": [4.5, 2.5, 7, 2.75], "texture": "#2"},
				"south": {"uv": [4.5, 2.5, 7, 2.75], "texture": "#2"},
				"west": {"uv": [4.5, 2.5, 7, 2.75], "texture": "#2"},
				"up": {"uv": [7, 2.5, 4.5, 0], "texture": "#2"},
				"down": {"uv": [7, 0, 4.5, 2.5], "texture": "#2"}
			}
		},
		{
			"from": [11, 24, -2],
			"to": [21, 25, 8],
			"rotation": {"angle": 22.5, "axis": "x", "origin": [8, 23.5, 3]},
			"faces": {
				"north": {"uv": [4.5, 2.5, 7, 2.75], "texture": "#2"},
				"east": {"uv": [4.5, 2.5, 7, 2.75], "texture": "#2"},
				"south": {"uv": [4.5, 2.5, 7, 2.75], "texture": "#2"},
				"west": {"uv": [4.5, 2.5, 7, 2.75], "texture": "#2"},
				"up": {"uv": [7, 2.5, 4.5, 0], "texture": "#2"},
				"down": {"uv": [7, 0, 4.5, 2.5], "texture": "#2"}
			}
		},
		{
			"from": [6, 2, 8],
			"to": [10, 3, 14],
			"rotation": {"angle": 22.5, "axis": "x", "origin": [8, 3, 8]},
			"faces": {
				"north": {"uv": [14.75, 3, 15.75, 3.25], "texture": "#2"},
				"east": {"uv": [15.75, 4.25, 16, 2.75], "rotation": 270, "texture": "#2"},
				"south": {"uv": [14.75, 4.25, 15.75, 4.5], "texture": "#2"},
				"west": {"uv": [15.75, 4.25, 16, 2.75], "rotation": 90, "texture": "#2"},
				"up": {"uv": [14.75, 3, 15.75, 4.5], "texture": "#2"},
				"down": {"uv": [15.75, 3, 14.75, 4.5], "rotation": 180, "texture": "#2"}
			}
		},
		{
			"from": [0, 18, -2],
			"to": [0, 26.5, -1],
			"rotation": {"angle": -22.5, "axis": "x", "origin": [0, 26, -2]},
			"faces": {
				"north": {"uv": [9.5, 0.25, 9.5, 2.25], "texture": "#2"},
				"east": {"uv": [9.5, 0.25, 9.75, 2.25], "texture": "#2"},
				"south": {"uv": [9.5, 0.25, 9.5, 2.25], "texture": "#2"},
				"west": {"uv": [9.5, 0.25, 9.75, 2.25], "texture": "#2"},
				"up": {"uv": [9.5, 0.25, 9.75, 0.25], "rotation": 90, "texture": "#2"},
				"down": {"uv": [9.5, 0.25, 9.75, 0.25], "rotation": 270, "texture": "#2"}
			}
		},
		{
			"from": [-1, 24, -3],
			"to": [1, 25, -2],
			"rotation": {"angle": 22.5, "axis": "x", "origin": [8, 23.5, 3]},
			"faces": {
				"north": {"uv": [9, 0, 9.5, 0.25], "texture": "#2"},
				"east": {"uv": [9, 0, 9.25, 0.25], "texture": "#2"},
				"south": {"uv": [9, 0, 9.5, 0.25], "texture": "#2"},
				"west": {"uv": [9, 0, 9.25, 0.25], "texture": "#2"},
				"up": {"uv": [9, 0, 9.5, 0.25], "rotation": 90, "texture": "#2"},
				"down": {"uv": [9, 0, 9.5, 0.25], "rotation": 270, "texture": "#2"}
			}
		},
		{
			"from": [-1, 18, 1],
			"to": [1, 19, 2],
			"faces": {
				"north": {"uv": [9.5, 0, 10, 0.25], "texture": "#2"},
				"east": {"uv": [9.5, 0, 9.75, 0.25], "texture": "#2"},
				"south": {"uv": [9.5, 0, 10, 0.25], "texture": "#2"},
				"west": {"uv": [9.5, 0, 9.75, 0.25], "texture": "#2"},
				"up": {"uv": [9.5, 0, 10, 0.25], "rotation": 90, "texture": "#2"},
				"down": {"uv": [9.5, 0, 10, 0.25], "rotation": 270, "texture": "#2"}
			}
		},
		{
			"from": [15, 24, -3],
			"to": [17, 25, -2],
			"rotation": {"angle": 22.5, "axis": "x", "origin": [24, 23.5, 3]},
			"faces": {
				"north": {"uv": [9, 0, 9.5, 0.25], "texture": "#2"},
				"east": {"uv": [9, 0, 9.25, 0.25], "texture": "#2"},
				"south": {"uv": [9, 0, 9.5, 0.25], "texture": "#2"},
				"west": {"uv": [9, 0, 9.25, 0.25], "texture": "#2"},
				"up": {"uv": [9, 0, 9.5, 0.25], "rotation": 90, "texture": "#2"},
				"down": {"uv": [9, 0, 9.5, 0.25], "rotation": 270, "texture": "#2"}
			}
		},
		{
			"from": [16, 18, -2],
			"to": [16, 26.5, -1],
			"rotation": {"angle": -22.5, "axis": "x", "origin": [16, 26, -2]},
			"faces": {
				"north": {"uv": [9.5, 0.25, 9.5, 2.25], "texture": "#2"},
				"east": {"uv": [9.5, 0.25, 9.75, 2.25], "texture": "#2"},
				"south": {"uv": [9.5, 0.25, 9.5, 2.25], "texture": "#2"},
				"west": {"uv": [9.5, 0.25, 9.75, 2.25], "texture": "#2"},
				"up": {"uv": [9.5, 0.25, 9.75, 0.25], "rotation": 90, "texture": "#2"},
				"down": {"uv": [9.5, 0.25, 9.75, 0.25], "rotation": 270, "texture": "#2"}
			}
		},
		{
			"from": [15, 18, 1],
			"to": [17, 19, 2],
			"rotation": {"angle": 0, "axis": "x", "origin": [16, 0, 0]},
			"faces": {
				"north": {"uv": [9.5, 0, 10, 0.25], "texture": "#2"},
				"east": {"uv": [9.5, 0, 9.75, 0.25], "texture": "#2"},
				"south": {"uv": [9.5, 0, 10, 0.25], "texture": "#2"},
				"west": {"uv": [9.5, 0, 9.75, 0.25], "texture": "#2"},
				"up": {"uv": [9.5, 0, 10, 0.25], "rotation": 90, "texture": "#2"},
				"down": {"uv": [9.5, 0, 10, 0.25], "rotation": 270, "texture": "#2"}
			}
		},
		{
			"from": [5, 0, 4],
			"to": [11, 6, 8],
			"faces": {
				"north": {"uv": [13.5, 0, 15, 1.5], "texture": "#2"},
				"east": {"uv": [15, 0, 16, 1.5], "texture": "#2"},
				"south": {"uv": [13.5, 0, 15, 1.5], "texture": "#2"},
				"west": {"uv": [15, 0, 16, 1.5], "texture": "#2"},
				"up": {"uv": [16, 1.5, 15, 0], "rotation": 90, "texture": "#2"},
				"down": {"uv": [16, 0, 15, 1.5], "rotation": 90, "texture": "#2"}
			}
		},
		{
			"from": [-8, 16, 8],
			"to": [2, 17, 18],
			"rotation": {"angle": 0, "axis": "y", "origin": [-5.25, 6.5, 8.5]},
			"faces": {
				"north": {"uv": [4.5, 2.5, 7, 2.75], "texture": "#2"},
				"east": {"uv": [4.5, 2.5, 7, 2.75], "texture": "#2"},
				"south": {"uv": [4.5, 2.5, 7, 2.75], "texture": "#2"},
				"west": {"uv": [4.5, 2.5, 7, 2.75], "texture": "#2"},
				"up": {"uv": [7, 2.5, 4.5, 0], "texture": "#2"},
				"down": {"uv": [7, 0, 4.5, 2.5], "texture": "#2"}
			}
		},
		{
			"from": [14, 15, 7],
			"to": [22, 16, 15],
			"rotation": {"angle": 0, "axis": "y", "origin": [21, 5.33333, 11.25]},
			"faces": {
				"north": {"uv": [7, 2, 9, 2.25], "texture": "#2"},
				"east": {"uv": [7, 2, 9, 2.25], "texture": "#2"},
				"south": {"uv": [7, 2, 9, 2.25], "texture": "#2"},
				"west": {"uv": [7, 2, 9, 2.25], "texture": "#2"},
				"up": {"uv": [9, 2, 7, 0], "texture": "#2"},
				"down": {"uv": [9, 0, 7, 2], "texture": "#2"}
			}
		},
		{
			"from": [22, 15, 10],
			"to": [23, 16, 12],
			"faces": {
				"north": {"uv": [9, 0, 9.25, 0.25], "texture": "#2"},
				"east": {"uv": [9, 0, 9.5, 0.25], "texture": "#2"},
				"south": {"uv": [9, 0, 9.25, 0.25], "texture": "#2"},
				"west": {"uv": [9, 0, 9.5, 0.25], "texture": "#2"},
				"up": {"uv": [9, 0, 9.5, 0.25], "texture": "#2"},
				"down": {"uv": [9, 0, 9.5, 0.25], "texture": "#2"}
			}
		},
		{
			"from": [22, 11, 11],
			"to": [23, 15, 11],
			"faces": {
				"north": {"uv": [9, 0.25, 9.25, 1.25], "texture": "#2"},
				"east": {"uv": [9, 0.25, 9, 1.25], "texture": "#2"},
				"south": {"uv": [9, 0.25, 9.25, 1.25], "texture": "#2"},
				"west": {"uv": [9, 0.25, 9, 1.25], "texture": "#2"},
				"up": {"uv": [9, 0.25, 9.25, 0.25], "texture": "#2"},
				"down": {"uv": [9, 0.25, 9.25, 0.25], "texture": "#2"}
			}
		},
		{
			"from": [-9, 12, 13],
			"to": [-8, 16, 13],
			"faces": {
				"north": {"uv": [9, 0.25, 9.25, 1.25], "texture": "#2"},
				"east": {"uv": [9, 0.25, 9, 1.25], "texture": "#2"},
				"south": {"uv": [9, 0.25, 9.25, 1.25], "texture": "#2"},
				"west": {"uv": [9, 0.25, 9, 1.25], "texture": "#2"},
				"up": {"uv": [9, 0.25, 9.25, 0.25], "texture": "#2"},
				"down": {"uv": [9, 0.25, 9.25, 0.25], "texture": "#2"}
			}
		},
		{
			"from": [-9, 16, 12],
			"to": [-8, 17, 14],
			"faces": {
				"north": {"uv": [9, 0, 9.25, 0.25], "texture": "#2"},
				"east": {"uv": [9, 0, 9.5, 0.25], "texture": "#2"},
				"south": {"uv": [9, 0, 9.25, 0.25], "texture": "#2"},
				"west": {"uv": [9, 0, 9.5, 0.25], "texture": "#2"},
				"up": {"uv": [9, 0, 9.5, 0.25], "texture": "#2"},
				"down": {"uv": [9, 0, 9.5, 0.25], "texture": "#2"}
			}
		},
		{
			"from": [-7.5, 23, 19.5],
			"to": [-6.5, 24, 20.5],
			"faces": {
				"north": {"uv": [9.5, 0, 9.75, 0.25], "texture": "#2"},
				"east": {"uv": [9.5, 0, 9.75, 0.25], "texture": "#2"},
				"south": {"uv": [9.5, 0, 9.75, 0.25], "texture": "#2"},
				"west": {"uv": [9.5, 0, 9.75, 0.25], "texture": "#2"},
				"up": {"uv": [9.5, 0, 9.75, 0.25], "texture": "#2"},
				"down": {"uv": [15.75, 15.75, 16, 16], "texture": "#2"}
			}
		},
		{
			"from": [-5.5, 2, 18],
			"to": [0.5, 3, 22],
			"rotation": {"angle": -22.5, "axis": "z", "origin": [-6.5, 4, 20]},
			"faces": {
				"north": {"uv": [15.75, 2.75, 16, 4.25], "rotation": 270, "texture": "#2"},
				"east": {"uv": [14.75, 4.25, 15.75, 4.5], "texture": "#2"},
				"south": {"uv": [15.75, 2.75, 16, 4.25], "rotation": 270, "texture": "#2"},
				"west": {"uv": [14.75, 3, 15.75, 3.25], "texture": "#2"},
				"up": {"uv": [14.75, 3, 15.75, 4.5], "rotation": 270, "texture": "#2"},
				"down": {"uv": [14.75, 3, 15.75, 4.5], "rotation": 270, "texture": "#2"}
			}
		},
		{
			"from": [-13, 23, 14],
			"to": [-1, 23, 26],
			"rotation": {"angle": 0, "axis": "z", "origin": [-5.5, 23, 17]},
			"faces": {
				"north": {"uv": [5, 9, 7.5, 9], "texture": "#2"},
				"east": {"uv": [6.5, 10.5, 9, 10.5], "texture": "#2"},
				"south": {"uv": [5, 9, 7.5, 9], "texture": "#2"},
				"west": {"uv": [6.5, 10.5, 9, 10.5], "texture": "#2"},
				"up": {"uv": [2.75, 2.75, 0, 0], "texture": "#2"},
				"down": {"uv": [2.75, 2.75, 0, 5.5], "texture": "#2"}
			}
		},
		{
			"from": [-7.5, 20, 20],
			"to": [-6.5, 23, 20],
			"rotation": {"angle": 0, "axis": "y", "origin": [-5.5, 16, 17]},
			"faces": {
				"north": {"uv": [0.5, 7.25, 0.75, 8], "texture": "#2"},
				"east": {"uv": [16, 16, 15.75, 16], "texture": "#2"},
				"south": {"uv": [0.5, 7.25, 0.75, 8], "texture": "#2"},
				"west": {"uv": [16, 16, 15.75, 16], "texture": "#2"},
				"up": {"uv": [15.5, 1, 15.75, 0], "rotation": 180, "texture": "#2"},
				"down": {"uv": [15.5, 1, 15.75, 0], "rotation": 180, "texture": "#2"}
			}
		},
		{
			"from": [-7, 20, 19.5],
			"to": [-7, 23, 20.5],
			"rotation": {"angle": 0, "axis": "y", "origin": [-5.5, 16, 17]},
			"faces": {
				"north": {"uv": [16, 15.75, 16, 16], "texture": "#2"},
				"east": {"uv": [0.5, 7.25, 0.75, 8], "texture": "#2"},
				"south": {"uv": [16, 15.75, 16, 16], "texture": "#2"},
				"west": {"uv": [0.5, 7.25, 0.75, 8], "texture": "#2"},
				"up": {"uv": [15.5, 1, 15.75, 0], "rotation": 90, "texture": "#2"},
				"down": {"uv": [15.5, 1, 15.75, 0], "rotation": 270, "texture": "#2"}
			}
		},
		{
			"from": [21.5, 30, 2.5],
			"to": [22.5, 31, 3.5],
			"faces": {
				"north": {"uv": [9.5, 0, 9.75, 0.25], "texture": "#2"},
				"east": {"uv": [9.5, 0, 9.75, 0.25], "texture": "#2"},
				"south": {"uv": [9.5, 0, 9.75, 0.25], "texture": "#2"},
				"west": {"uv": [9.5, 0, 9.75, 0.25], "texture": "#2"},
				"up": {"uv": [9.5, 0, 9.75, 0.25], "texture": "#2"},
				"down": {"uv": [15.75, 15.75, 16, 16], "texture": "#2"}
			}
		},
		{
			"from": [16.5, 30, -2.5],
			"to": [27.5, 30, 8.5],
			"rotation": {"angle": 0, "axis": "x", "origin": [25, 30, 4]},
			"faces": {
				"north": {"uv": [5, 9, 7.5, 9], "texture": "#2"},
				"east": {"uv": [6.5, 10.5, 9, 10.5], "texture": "#2"},
				"south": {"uv": [5, 9, 7.5, 9], "texture": "#2"},
				"west": {"uv": [6.5, 10.5, 9, 10.5], "texture": "#2"},
				"up": {"uv": [2.75, 2.75, 0, 0], "texture": "#2"},
				"down": {"uv": [2.75, 2.75, 0, 5.5], "texture": "#2"}
			}
		},
		{
			"from": [21.5, 23, 3],
			"to": [22.5, 30, 3],
			"rotation": {"angle": 0, "axis": "y", "origin": [26, 16, 4]},
			"faces": {
				"north": {"uv": [2.75, 0, 3, 1.75], "texture": "#2"},
				"east": {"uv": [16, 16, 16, 16], "texture": "#2"},
				"south": {"uv": [2.75, 0, 3, 1.75], "texture": "#2"},
				"west": {"uv": [16, 16, 16, 16], "texture": "#2"},
				"up": {"uv": [15.5, 0, 15.75, 0], "rotation": 180, "texture": "#2"},
				"down": {"uv": [15.5, 0, 15.75, 0], "rotation": 180, "texture": "#2"}
			}
		},
		{
			"from": [22, 23, 2.5],
			"to": [22, 30, 3.5],
			"rotation": {"angle": 0, "axis": "y", "origin": [26, 16, 4]},
			"faces": {
				"north": {"uv": [16, 16, 16, 16], "texture": "#2"},
				"east": {"uv": [2.75, 0, 3, 1.75], "texture": "#2"},
				"south": {"uv": [16, 16, 16, 16], "texture": "#2"},
				"west": {"uv": [2.75, 0, 3, 1.75], "texture": "#2"},
				"up": {"uv": [15.5, 0, 15.75, 0], "rotation": 90, "texture": "#2"},
				"down": {"uv": [15.5, 0, 15.75, 0], "rotation": 270, "texture": "#2"}
			}
		},
		{
			"from": [-7.5, 30, 2.5],
			"to": [-6.5, 31, 3.5],
			"faces": {
				"north": {"uv": [9.5, 0, 9.75, 0.25], "texture": "#2"},
				"east": {"uv": [9.5, 0, 9.75, 0.25], "texture": "#2"},
				"south": {"uv": [9.5, 0, 9.75, 0.25], "texture": "#2"},
				"west": {"uv": [9.5, 0, 9.75, 0.25], "texture": "#2"},
				"up": {"uv": [9.5, 0, 9.75, 0.25], "texture": "#2"},
				"down": {"uv": [15.75, 15.75, 16, 16], "texture": "#2"}
			}
		},
		{
			"from": [-13, 30, -3],
			"to": [-1, 30, 9],
			"rotation": {"angle": 0, "axis": "x", "origin": [27, 30, 5]},
			"faces": {
				"north": {"uv": [0, 0, 3, 0], "texture": "#2"},
				"east": {"uv": [0, 0, 3, 0], "texture": "#2"},
				"south": {"uv": [0, 0, 3, 0], "texture": "#2"},
				"west": {"uv": [0, 0, 3, 0], "texture": "#2"},
				"up": {"uv": [2.75, 2.75, 0, 0], "texture": "#2"},
				"down": {"uv": [2.75, 2.75, 0, 5.5], "texture": "#2"}
			}
		},
		{
			"from": [-7, 23, 2.5],
			"to": [-7, 30, 3.5],
			"rotation": {"angle": 0, "axis": "y", "origin": [26, 16, 4]},
			"faces": {
				"north": {"uv": [16, 16, 16, 16], "texture": "#2"},
				"east": {"uv": [2.75, 0, 3, 1.75], "texture": "#2"},
				"south": {"uv": [16, 16, 16, 16], "texture": "#2"},
				"west": {"uv": [2.75, 0, 3, 1.75], "texture": "#2"},
				"up": {"uv": [15.5, 0, 15.75, 0], "rotation": 90, "texture": "#2"},
				"down": {"uv": [15.5, 0, 15.75, 0], "rotation": 270, "texture": "#2"}
			}
		},
		{
			"from": [-7.5, 23, 3],
			"to": [-6.5, 30, 3],
			"rotation": {"angle": 0, "axis": "y", "origin": [26, 16, 4]},
			"faces": {
				"north": {"uv": [2.75, 0, 3, 1.75], "texture": "#2"},
				"east": {"uv": [16, 16, 16, 16], "texture": "#2"},
				"south": {"uv": [2.75, 0, 3, 1.75], "texture": "#2"},
				"west": {"uv": [16, 16, 16, 16], "texture": "#2"},
				"up": {"uv": [15.5, 0, 15.75, 0], "rotation": 180, "texture": "#2"},
				"down": {"uv": [15.5, 0, 15.75, 0], "rotation": 180, "texture": "#2"}
			}
		},
		{
			"from": [-6, 18, 2],
			"to": [21, 20, 4],
			"faces": {
				"north": {"uv": [1.5, 6.5, 2, 13.25], "rotation": 270, "texture": "#2"},
				"east": {"uv": [15.5, 15.5, 16, 16], "texture": "#2"},
				"south": {"uv": [1.5, 6.5, 2, 13.25], "rotation": 90, "texture": "#2"},
				"west": {"uv": [15.5, 15.5, 16, 16], "texture": "#2"},
				"up": {"uv": [2, 6.5, 1.5, 13.25], "rotation": 90, "texture": "#2"},
				"down": {"uv": [2, 6.5, 1.5, 13.25], "rotation": 90, "texture": "#2"}
			}
		},
		{
			"from": [-8, 11, 4],
			"to": [-6, 13, 19],
			"faces": {
				"north": {"uv": [15.5, 15.5, 16, 16], "texture": "#2"},
				"east": {"uv": [1, 6.5, 1.5, 10.25], "rotation": 270, "texture": "#2"},
				"south": {"uv": [15.5, 15.5, 16, 16], "texture": "#2"},
				"west": {"uv": [1, 10.25, 1.5, 6.5], "rotation": 270, "texture": "#2"},
				"up": {"uv": [1.5, 6.5, 1, 10.25], "rotation": 180, "texture": "#2"},
				"down": {"uv": [1.5, 10.25, 1, 6.5], "rotation": 180, "texture": "#2"}
			}
		},
		{
			"from": [-8, 0, 2],
			"to": [-6, 23, 4],
			"faces": {
				"north": {"uv": [2.5, 6.5, 3, 12.25], "texture": "#2"},
				"east": {"uv": [3, 6.5, 2.5, 12.25], "texture": "#2"},
				"south": {"uv": [2.5, 6.5, 3, 12.25], "texture": "#2"},
				"west": {"uv": [3, 6.5, 2.5, 12.25], "texture": "#2"},
				"up": {"uv": [3, 6.5, 2.5, 6], "texture": "#2"},
				"down": {"uv": [3, 6, 2.5, 6.5], "texture": "#2"}
			}
		},
		{
			"from": [-8, 0, 19],
			"to": [-6, 20, 21],
			"faces": {
				"north": {"uv": [2, 6.5, 2.5, 11.5], "texture": "#2"},
				"east": {"uv": [2.5, 6.5, 2, 11.5], "texture": "#2"},
				"south": {"uv": [2.25, 6.5, 2.5, 11.5], "texture": "#2"},
				"west": {"uv": [2, 6.5, 2.5, 11.5], "texture": "#2"},
				"up": {"uv": [2.5, 6.5, 2, 6], "texture": "#2"},
				"down": {"uv": [2.5, 6, 2, 6.5], "texture": "#2"}
			}
		},
		{
			"from": [23, 10, 2],
			"to": [25, 12, 17],
			"faces": {
				"north": {"uv": [1, 6, 1.5, 6.5], "texture": "#2"},
				"east": {"uv": [1, 6.5, 1.5, 10.25], "rotation": 270, "texture": "#2"},
				"south": {"uv": [15.5, 15.5, 16, 16], "texture": "#2"},
				"west": {"uv": [1, 6.5, 1.5, 10.25], "rotation": 90, "texture": "#2"},
				"up": {"uv": [1, 10.25, 1.5, 6.5], "texture": "#2"},
				"down": {"uv": [1.5, 6.5, 1, 10.25], "texture": "#2"}
			}
		},
		{
			"from": [23, 0, 17],
			"to": [25, 20, 19],
			"faces": {
				"north": {"uv": [0.5, 6.5, 1, 11.5], "texture": "#2"},
				"east": {"uv": [1, 6.5, 0.5, 11.5], "texture": "#2"},
				"south": {"uv": [0.75, 6.5, 1, 11.5], "texture": "#2"},
				"west": {"uv": [0.5, 6.5, 1, 11.5], "texture": "#2"},
				"up": {"uv": [1, 6.5, 0.5, 6], "texture": "#2"},
				"down": {"uv": [1, 11.5, 0.5, 12], "texture": "#2"}
			}
		},
		{
			"from": [21, 0, 2],
			"to": [23, 23, 4],
			"faces": {
				"north": {"uv": [0, 6.5, 0.5, 12.25], "texture": "#2"},
				"east": {"uv": [0.5, 6.5, 0, 12.25], "texture": "#2"},
				"south": {"uv": [0, 6.5, 0.5, 12.25], "texture": "#2"},
				"west": {"uv": [0.5, 6.5, 0, 12.25], "texture": "#2"},
				"up": {"uv": [0.5, 6.5, 0, 6], "texture": "#2"},
				"down": {"uv": [0.5, 12.25, 0, 12.75], "texture": "#2"}
			}
		},
		{
			"from": [7, 0, 2],
			"to": [9, 18, 4],
			"rotation": {"angle": 0, "axis": "z", "origin": [8, 9, 3]},
			"faces": {
				"north": {"uv": [0, 6.5, 0.5, 11], "rotation": 180, "texture": "#2"},
				"east": {"uv": [0.5, 6.5, 0, 11], "rotation": 180, "texture": "#2"},
				"south": {"uv": [0, 6.5, 0.5, 11], "rotation": 180, "texture": "#2"},
				"west": {"uv": [0.5, 6.5, 0, 11], "rotation": 180, "texture": "#2"},
				"up": {"uv": [0.5, 6, 0, 6.5], "rotation": 180, "texture": "#2"},
				"down": {"uv": [0.5, 6.5, 0, 6], "rotation": 180, "texture": "#2"}
			}
		}
	],
	"display": {
		"thirdperson_righthand": {
			"rotation": [75, -45, 0],
			"translation": [0, 2.5, 0],
			"scale": [0.375, 0.375, 0.375]
		},
		"thirdperson_lefthand": {
			"rotation": [75, -45, 0],
			"translation": [0, 2.5, 0],
			"scale": [0.375, 0.375, 0.375]
		},
		"firstperson_righthand": {
			"rotation": [0, -45, 0],
			"scale": [0.4, 0.4, 0.4]
		},
		"firstperson_lefthand": {
			"rotation": [0, -45, 0],
			"scale": [0.4, 0.4, 0.4]
		},
		"ground": {
			"translation": [0, 5, 0]
		},
		"gui": {
			"rotation": [35, 35, 0],
			"translation": [0, -1.5, 0],
			"scale": [0.3, 0.3, 0.3]
		},
		"head": {
			"translation": [0, 6.25, 10],
			"scale": [1.6, 1.6, 1.6]
		},
		"fixed": {
			"rotation": [-90, 0, 0],
			"translation": [0, 14, -16],
			"scale": [2, 2, 2]
		}
	},
	"groups": [
		{
			"name": "drum 1",
			"origin": [8, 8, 8],
			"color": 0,
			"children": [0, 1, 2, 3, 4, 5, 6, 7, 8, 9]
		},
		{
			"name": "drum 4",
			"origin": [8, 16, 9],
			"color": 0,
			"children": [10, 11, 12, 13, 14, 15]
		},
		{
			"name": "drum 6",
			"origin": [8, 16, 9],
			"color": 0,
			"children": [16, 17, 18, 19, 20]
		},
		{
			"name": "drum 7",
			"origin": [8, 16, 9],
			"color": 0,
			"children": [21, 22, 23, 24]
		},
		{
			"name": "drum 8",
			"origin": [8, 16, 9],
			"color": 0,
			"children": [25, 26, 27, 28]
		},
		{
			"name": "group",
			"origin": [0, 0, 0],
			"color": 0,
			"children": [29, 30, 31, 32, 33, 34, 35, 36]
		}
	]
}