{
	"credit": "Сделано Веббером специально для MoreDeco https://modrinth.com/resourcepack/moredeco mc _Webber_3",
	"texture_size": [64, 64],
	"textures": {
		"1": "item/iron_ingot/barabans/bomj_ustanovka"
	},
	"elements": [
		{
			"from": [-7, 10, 8],
			"to": [3, 12, 18],
			"rotation": {"angle": -22.5, "axis": "y", "origin": [1, 8, 19]},
			"faces": {
				"north": {"uv": [5, 0, 10, 1], "texture": "#1"},
				"east": {"uv": [5, 0, 10, 1], "texture": "#1"},
				"south": {"uv": [5, 0, 10, 1], "texture": "#1"},
				"west": {"uv": [5, 0, 10, 1], "texture": "#1"},
				"up": {"uv": [0, 0, 5, 5], "texture": "#1"},
				"down": {"uv": [0, 0, 5, 5], "texture": "#1"}
			}
		},
		{
			"from": [-7, 0, 8],
			"to": [-5, 10, 10],
			"rotation": {"angle": -22.5, "axis": "y", "origin": [1, 8, 19]},
			"faces": {
				"north": {"uv": [10, 1, 9, 6], "texture": "#1"},
				"east": {"uv": [14, 1, 15, 6], "texture": "#1"},
				"south": {"uv": [15, 1, 14, 6], "texture": "#1"},
				"west": {"uv": [9, 1, 10, 6], "texture": "#1"},
				"up": {"uv": [9, 5, 10, 6], "texture": "#1"},
				"down": {"uv": [10, 2, 11, 3], "rotation": 270, "texture": "#1"}
			}
		},
		{
			"from": [-5, 6, 8],
			"to": [1, 8, 10],
			"rotation": {"angle": -22.5, "axis": "y", "origin": [1, 8, 19]},
			"faces": {
				"north": {"uv": [6, 2, 9, 3], "texture": "#1"},
				"east": {"uv": [15.5, 15.5, 16, 16], "texture": "#1"},
				"south": {"uv": [11, 2, 14, 3], "texture": "#1"},
				"west": {"uv": [15.5, 15.5, 16, 16], "texture": "#1"},
				"up": {"uv": [6, 2, 9, 3], "texture": "#1"},
				"down": {"uv": [11, 3, 14, 2], "texture": "#1"}
			}
		},
		{
			"from": [-5, 6, 16],
			"to": [1, 8, 18],
			"rotation": {"angle": -22.5, "axis": "y", "origin": [1, 8, 19]},
			"faces": {
				"north": {"uv": [11, 2, 14, 3], "texture": "#1"},
				"east": {"uv": [15.5, 15.5, 16, 16], "texture": "#1"},
				"south": {"uv": [6, 2, 9, 3], "texture": "#1"},
				"west": {"uv": [15.5, 15.5, 16, 16], "texture": "#1"},
				"up": {"uv": [6, 2, 9, 3], "texture": "#1"},
				"down": {"uv": [11, 2, 14, 3], "texture": "#1"}
			}
		},
		{
			"from": [1, 7, 10],
			"to": [3, 9, 16],
			"rotation": {"angle": -22.5, "axis": "y", "origin": [1, 8, 19]},
			"faces": {
				"north": {"uv": [15.5, 15.5, 16, 16], "texture": "#1"},
				"east": {"uv": [6, 2, 9, 3], "texture": "#1"},
				"south": {"uv": [15.5, 15.5, 16, 16], "texture": "#1"},
				"west": {"uv": [11, 2, 14, 3], "texture": "#1"},
				"up": {"uv": [6, 2, 9, 3], "rotation": 270, "texture": "#1"},
				"down": {"uv": [11, 2, 14, 3], "rotation": 90, "texture": "#1"}
			}
		},
		{
			"from": [-7, 7, 10],
			"to": [-5, 9, 16],
			"rotation": {"angle": -22.5, "axis": "y", "origin": [1, 8, 19]},
			"faces": {
				"north": {"uv": [15.5, 15.5, 16, 16], "texture": "#1"},
				"east": {"uv": [11, 2, 14, 3], "texture": "#1"},
				"south": {"uv": [15.5, 15.5, 16, 16], "texture": "#1"},
				"west": {"uv": [6, 2, 9, 3], "texture": "#1"},
				"up": {"uv": [6, 2, 9, 3], "rotation": 270, "texture": "#1"},
				"down": {"uv": [11, 3, 14, 2], "rotation": 90, "texture": "#1"}
			}
		},
		{
			"from": [1, 0, 8],
			"to": [3, 10, 10],
			"rotation": {"angle": -22.5, "axis": "y", "origin": [1, 8, 19]},
			"faces": {
				"north": {"uv": [5, 1, 6, 6], "texture": "#1"},
				"east": {"uv": [6, 1, 5, 6], "texture": "#1"},
				"south": {"uv": [11, 1, 10, 6], "texture": "#1"},
				"west": {"uv": [10, 1, 11, 6], "texture": "#1"},
				"up": {"uv": [5, 5, 6, 6], "texture": "#1"},
				"down": {"uv": [10, 2, 11, 3], "rotation": 180, "texture": "#1"}
			}
		},
		{
			"from": [-7, 0, 16],
			"to": [-5, 10, 18],
			"rotation": {"angle": -22.5, "axis": "y", "origin": [1, 8, 19]},
			"faces": {
				"north": {"uv": [14, 1, 15, 6], "texture": "#1"},
				"east": {"uv": [15, 1, 14, 6], "texture": "#1"},
				"south": {"uv": [9, 1, 10, 6], "texture": "#1"},
				"west": {"uv": [10, 1, 9, 6], "texture": "#1"},
				"up": {"uv": [9, 5, 10, 6], "rotation": 270, "texture": "#1"},
				"down": {"uv": [10, 2, 11, 3], "texture": "#1"}
			}
		},
		{
			"from": [1, 0, 16],
			"to": [3, 10, 18],
			"rotation": {"angle": -22.5, "axis": "y", "origin": [1, 8, 19]},
			"faces": {
				"north": {"uv": [10, 1, 11, 6], "texture": "#1"},
				"east": {"uv": [5, 1, 6, 6], "texture": "#1"},
				"south": {"uv": [6, 1, 5, 6], "texture": "#1"},
				"west": {"uv": [11, 1, 10, 6], "texture": "#1"},
				"up": {"uv": [5, 5, 6, 6], "rotation": 90, "texture": "#1"},
				"down": {"uv": [10, 2, 11, 3], "rotation": 90, "texture": "#1"}
			}
		},
		{
			"from": [14, 4, 6],
			"to": [20, 10, 12],
			"rotation": {"angle": 45, "axis": "y", "origin": [17, 4.25, 10.75]},
			"faces": {
				"north": {"uv": [3, 6, 6, 9], "texture": "#1"},
				"east": {"uv": [6, 6, 3, 9], "texture": "#1"},
				"south": {"uv": [3, 6, 6, 9], "texture": "#1"},
				"west": {"uv": [6, 6, 3, 9], "texture": "#1"},
				"up": {"uv": [0, 6, 3, 9], "texture": "#1"}
			}
		},
		{
			"from": [13.75, 4, 5],
			"to": [20.25, 5, 9],
			"rotation": {"angle": 45, "axis": "y", "origin": [17, 4.25, 10.75]},
			"faces": {
				"north": {"uv": [3, 9, 6, 9.5], "texture": "#1"},
				"east": {"uv": [6, 7.5, 6.5, 9.5], "rotation": 90, "texture": "#1"},
				"south": {"uv": [3, 9, 6, 9.5], "texture": "#1"},
				"west": {"uv": [6, 7.5, 6.5, 9.5], "rotation": 270, "texture": "#1"}
			}
		},
		{
			"from": [13.75, 5, 5],
			"to": [20.25, 4, 9],
			"rotation": {"angle": 45, "axis": "y", "origin": [17, 4.25, 10.75]},
			"faces": {
				"north": {"uv": [3, 9, 6, 9.5], "texture": "#1"},
				"east": {"uv": [3, 9, 6, 9.5], "texture": "#1"},
				"south": {"uv": [3, 9, 6, 9.5], "texture": "#1"},
				"west": {"uv": [3, 9, 6, 9.5], "texture": "#1"}
			}
		},
		{
			"from": [12, 3, 6],
			"to": [22, 4, 12],
			"rotation": {"angle": 45, "axis": "y", "origin": [17, 4.25, 10.75]},
			"faces": {
				"north": {"uv": [10, 13.5, 15, 14], "texture": "#1"},
				"east": {"uv": [11, 10, 14, 10.5], "texture": "#1"},
				"south": {"uv": [10, 13.5, 15, 14], "texture": "#1"},
				"west": {"uv": [11, 10, 14, 10.5], "texture": "#1"},
				"up": {"uv": [10, 10.5, 15, 13.5], "texture": "#1"},
				"down": {"uv": [10, 10.5, 15, 13.5], "texture": "#1"}
			}
		},
		{
			"from": [13, 0, 7],
			"to": [14, 3, 8],
			"rotation": {"angle": 45, "axis": "y", "origin": [17, 4.25, 10.75]},
			"faces": {
				"north": {"uv": [14, 14, 14.5, 15.5], "texture": "#1"},
				"east": {"uv": [14, 14, 14.5, 15.5], "texture": "#1"},
				"south": {"uv": [14, 14, 14.5, 15.5], "texture": "#1"},
				"west": {"uv": [14, 14, 14.5, 15.5], "texture": "#1"},
				"up": {"uv": [15, 14.5, 15.5, 15], "texture": "#1"},
				"down": {"uv": [14, 15, 14.5, 15.5], "texture": "#1"}
			}
		},
		{
			"from": [20, 0, 7],
			"to": [21, 3, 8],
			"rotation": {"angle": 45, "axis": "y", "origin": [17, 4.25, 10.75]},
			"faces": {
				"north": {"uv": [10.5, 14, 11, 15.5], "texture": "#1"},
				"east": {"uv": [10.5, 14, 11, 15.5], "texture": "#1"},
				"south": {"uv": [10.5, 14, 11, 15.5], "texture": "#1"},
				"west": {"uv": [10.5, 14, 11, 15.5], "texture": "#1"},
				"up": {"uv": [15, 14.5, 15.5, 15], "texture": "#1"},
				"down": {"uv": [10.5, 15, 11, 15.5], "texture": "#1"}
			}
		},
		{
			"from": [13, 0, 10],
			"to": [14, 3, 11],
			"rotation": {"angle": 45, "axis": "y", "origin": [17, 4.25, 10.75]},
			"faces": {
				"north": {"uv": [14, 14, 14.5, 15.5], "texture": "#1"},
				"east": {"uv": [14, 14, 14.5, 15.5], "texture": "#1"},
				"south": {"uv": [14, 14, 14.5, 15.5], "texture": "#1"},
				"west": {"uv": [14, 14, 14.5, 15.5], "texture": "#1"},
				"up": {"uv": [15, 14.5, 15.5, 15], "texture": "#1"},
				"down": {"uv": [14, 15, 14.5, 15.5], "texture": "#1"}
			}
		},
		{
			"from": [20, 0, 10],
			"to": [21, 3, 11],
			"rotation": {"angle": 45, "axis": "y", "origin": [17, 4.25, 10.75]},
			"faces": {
				"north": {"uv": [10.5, 14, 11, 15.5], "texture": "#1"},
				"east": {"uv": [10.5, 14, 11, 15.5], "texture": "#1"},
				"south": {"uv": [10.5, 14, 11, 15.5], "texture": "#1"},
				"west": {"uv": [10.5, 14, 11, 15.5], "texture": "#1"},
				"up": {"uv": [15, 14.5, 15.5, 15], "texture": "#1"},
				"down": {"uv": [10.5, 15, 11, 15.5], "texture": "#1"}
			}
		},
		{
			"from": [11, 1, 4],
			"to": [19, 4, 12],
			"rotation": {"angle": 45, "axis": "y", "origin": [6, 1.5, 6]},
			"faces": {
				"north": {"uv": [5, 13.5, 9, 15], "texture": "#1"},
				"east": {"uv": [5, 13.5, 9, 15], "texture": "#1"},
				"south": {"uv": [5, 13.5, 9, 15], "texture": "#1"},
				"west": {"uv": [5, 13.5, 9, 15], "texture": "#1"},
				"up": {"uv": [5, 9.5, 9, 13.5], "texture": "#1"}
			}
		},
		{
			"from": [10, 0, 3],
			"to": [20, 1, 13],
			"rotation": {"angle": 45, "axis": "y", "origin": [6, 1.5, 6]},
			"faces": {
				"north": {"uv": [0, 14.5, 5, 15], "texture": "#1"},
				"east": {"uv": [0, 14.5, 5, 15], "texture": "#1"},
				"south": {"uv": [0, 14.5, 5, 15], "texture": "#1"},
				"west": {"uv": [0, 14.5, 5, 15], "texture": "#1"},
				"up": {"uv": [0, 9.5, 5, 14.5], "texture": "#1"},
				"down": {"uv": [0, 9.5, 5, 14.5], "texture": "#1"}
			}
		},
		{
			"from": [11, 1, 4],
			"to": [19, 0, 12],
			"rotation": {"angle": 45, "axis": "y", "origin": [6, 1.5, 6]},
			"faces": {
				"north": {"uv": [0.5, 14.5, 4.5, 15], "texture": "#1"},
				"east": {"uv": [0.5, 14.5, 4.5, 15], "texture": "#1"},
				"south": {"uv": [0.5, 14.5, 4.5, 15], "texture": "#1"},
				"west": {"uv": [0.5, 14.5, 4.5, 15], "texture": "#1"},
				"up": {"uv": [15.5, 15.5, 16, 16], "texture": "#1"},
				"down": {"uv": [9, 6, 13, 10], "texture": "#1"}
			}
		}
	],
	"display": {
		"thirdperson_righthand": {
			"rotation": [0, -35, 0],
			"translation": [0, 4.25, 1],
			"scale": [0.5, 0.5, 0.5]
		},
		"thirdperson_lefthand": {
			"rotation": [0, -35, 0],
			"translation": [0, 4.25, 1],
			"scale": [0.5, 0.5, 0.5]
		},
		"firstperson_righthand": {
			"rotation": [0, -35, 0],
			"translation": [0, 4.25, 1],
			"scale": [0.5, 0.5, 0.5]
		},
		"firstperson_lefthand": {
			"rotation": [0, -35, 0],
			"translation": [0, 4.25, 1],
			"scale": [0.5, 0.5, 0.5]
		},
		"ground": {
			"translation": [0, 2, 0],
			"scale": [0.5, 0.5, 0.5]
		},
		"gui": {
			"rotation": [25, -140, 0],
			"translation": [1.5, -0.25, 0],
			"scale": [0.75, 0.75, 0.75]
		},
		"head": {
			"translation": [0, 15, 0]
		},
		"fixed": {
			"rotation": [-90, 0, 0],
			"translation": [0, 5, -20],
			"scale": [2.5, 2.5, 2.5]
		}
	},
	"groups": [
		{
			"name": "stul",
			"origin": [0, 0, 0],
			"color": 0,
			"children": [0, 1, 2, 3, 4, 5, 6, 7, 8]
		},
		{
			"name": "banka",
			"origin": [0, 0, 0],
			"color": 0,
			"children": [9, 10, 11, 12, 13, 14, 15, 16]
		},
		{
			"name": "taz",
			"origin": [0, 0, 0],
			"color": 0,
			"children": [17, 18, 19]
		}
	]
}