{
	"credit": "Сделано Веббером специально для MoreDeco https://modrinth.com/resourcepack/moredeco mc _Webber_3",
	"textures": {
		"2": "item/cake/cake_piece",
		"particle": "item/cake/cake_piece"
	},
	"elements": [
		{
			"from": [5, 0, 6],
			"to": [11, 8, 10],
			"faces": {
				"north": {"uv": [0, 4, 3, 8], "texture": "#2"},
				"east": {"uv": [8, 4, 10, 8], "texture": "#2"},
				"south": {"uv": [6, 4, 3, 8], "texture": "#2"},
				"west": {"uv": [8, 4, 6, 8], "texture": "#2"},
				"up": {"uv": [13, 6, 10, 4], "texture": "#2"},
				"down": {"uv": [13, 4, 16, 6], "rotation": 180, "texture": "#2"}
			}
		}
	],
	"display": {
		"thirdperson_righthand": {
			"translation": [1, 8, 2]
		},
		"thirdperson_lefthand": {
			"translation": [1, 8, 2]
		},
		"firstperson_righthand": {
			"rotation": [0, -75, 0],
			"translation": [0.5, 5, 0]
		},
		"firstperson_lefthand": {
			"rotation": [0, -180, 0],
			"translation": [0.75, 5, 0]
		},
		"ground": {
			"translation": [0, 4.5, 0]
		},
		"gui": {
			"rotation": [45, 45, 0],
			"translation": [0, 4.25, 0],
			"scale": [1.5, 1.5, 1.5]
		},
		"head": {
			"rotation": [0, -90, 0],
			"translation": [0, 15, 0]
		},
		"fixed": {
			"rotation": [-90, 0, 0],
			"translation": [0, 0, -16],
			"scale": [2, 2, 2]
		}
	}
}