{
	"credit": "Сделано Веббером специально для MoreDeco https://modrinth.com/resourcepack/moredeco mc _Webber_3",
	"textures": {
		"1": "item/carved_pumpkin/academy_hat"
	},
	"elements": [
		{
			"from": [4, 0, 4],
			"to": [12, 3, 12],
			"faces": {
				"north": {"uv": [2.66667, 2.66667, 5.33333, 3.66666], "texture": "#1"},
				"east": {"uv": [0, 2.66667, 2.66667, 3.66666], "texture": "#1"},
				"south": {"uv": [8, 2.66667, 10.66667, 3.66666], "texture": "#1"},
				"west": {"uv": [5.33333, 2.66667, 8, 3.66666], "texture": "#1"},
				"up": {"uv": [2.66667, 2.66667, 5.33333, 0], "texture": "#1"},
				"down": {"uv": [5.33333, 0, 8, 2.66667], "texture": "#1"}
			}
		},
		{
			"from": [2, 3, 2],
			"to": [14, 4, 14],
			"faces": {
				"north": {"uv": [4, 9.66667, 8, 10], "texture": "#1"},
				"east": {"uv": [0, 9.66667, 4, 10], "texture": "#1"},
				"south": {"uv": [12, 9.66667, 16, 10], "texture": "#1"},
				"west": {"uv": [8, 9.66667, 12, 10], "texture": "#1"},
				"up": {"uv": [4, 9.66667, 8, 5.66667], "texture": "#1"},
				"down": {"uv": [8, 5.66667, 12, 9.66667], "texture": "#1"}
			}
		},
		{
			"from": [1.875, -4, 6.875],
			"to": [9.125, 4.25, 13.125],
			"faces": {
				"north": {"uv": [2, 12.33334, 4, 15], "texture": "#1"},
				"east": {"uv": [0, 12.33334, 2, 15], "texture": "#1"},
				"south": {"uv": [6, 12.33334, 8, 15], "texture": "#1"},
				"west": {"uv": [4, 12.33334, 6, 15], "texture": "#1"},
				"up": {"uv": [2, 12.33334, 4, 10], "rotation": 90, "texture": "#1"},
				"down": {"uv": [4, 10, 6, 12.33334], "rotation": 90, "texture": "#1"}
			}
		},
		{
			"from": [1.875, 4.25, 6.875],
			"to": [9.125, -4, 13.125],
			"rotation": {"angle": 0, "axis": "x", "origin": [5.5, -0.125, 10]},
			"faces": {
				"north": {"uv": [8, 12.33334, 6, 15], "rotation": 180, "texture": "#1"},
				"east": {"uv": [2, 12.33334, 0, 15], "rotation": 180, "texture": "#1"},
				"south": {"uv": [4, 12.33334, 2, 15], "rotation": 180, "texture": "#1"},
				"west": {"uv": [6, 12.33334, 4, 15], "rotation": 180, "texture": "#1"},
				"up": {"uv": [6, 10, 4, 12.33334], "rotation": 90, "texture": "#1"},
				"down": {"uv": [4, 12.33334, 2, 10], "rotation": 90, "texture": "#1"}
			}
		},
		{
			"from": [7, 4, 7],
			"to": [9, 4.5, 9],
			"faces": {
				"north": {"uv": [5.66667, 9.66667, 6.33333, 10], "texture": "#1"},
				"east": {"uv": [1.66667, 9.66667, 2.33333, 10], "texture": "#1"},
				"south": {"uv": [13.66667, 9.66667, 14.33333, 10], "texture": "#1"},
				"west": {"uv": [9.66667, 9.66667, 10.33333, 10], "texture": "#1"},
				"up": {"uv": [5.66667, 8, 6.33333, 7.33334], "texture": "#1"},
				"down": {"uv": [9.66667, 7.33334, 10.33333, 8], "texture": "#1"}
			}
		}
	],
	"display": {
		"thirdperson_righthand": {
			"translation": [-2.75, 6.25, 0],
			"scale": [0.75, 0.75, 0.75]
		},
		"thirdperson_lefthand": {
			"translation": [-2.75, 6.25, 0],
			"scale": [0.75, 0.75, 0.75]
		},
		"firstperson_righthand": {
			"translation": [1.75, 3, 0],
			"scale": [0.75, 0.75, 0.75]
		},
		"firstperson_lefthand": {
			"translation": [1.75, 3, 0],
			"scale": [0.75, 0.75, 0.75]
		},
		"ground": {
			"translation": [0, 5, 0],
			"scale": [0.75, 0.75, 0.75]
		},
		"gui": {
			"rotation": [25, 135, 0],
			"translation": [0, 4.5, 0],
			"scale": [0.9, 0.9, 0.9]
		},
		"head": {
			"translation": [0, 16.5, 0],
			"scale": [1.65, 1.65, 1.65]
		},
		"fixed": {
			"rotation": [-90, 0, 0],
			"translation": [0, 0, -16],
			"scale": [2.01, 2.01, 2.01]
		}
	}
}