{
	"credit": "Сделано Веббером специально для MoreDeco https://modrinth.com/resourcepack/moredeco mc _Webber_3",
	"elements": [
		{
			"from": [0, 0, 6],
			"to": [1, 1, 9],
			"color": 3,
			"faces": {
				"north": {"uv": [0, 0, 1, 1], "texture": "#missing"},
				"east": {"uv": [0, 0, 3, 1], "texture": "#missing"},
				"south": {"uv": [0, 0, 1, 1], "texture": "#missing"},
				"west": {"uv": [0, 0, 3, 1], "texture": "#missing"},
				"up": {"uv": [0, 0, 1, 3], "texture": "#missing"},
				"down": {"uv": [0, 0, 1, 3], "texture": "#missing"}
			}
		},
		{
			"from": [0, 1, 9],
			"to": [1, 2, 10],
			"color": 3,
			"faces": {
				"north": {"uv": [0, 0, 1, 1], "texture": "#missing"},
				"east": {"uv": [0, 0, 1, 1], "texture": "#missing"},
				"south": {"uv": [0, 0, 1, 1], "texture": "#missing"},
				"west": {"uv": [0, 0, 1, 1], "texture": "#missing"},
				"up": {"uv": [0, 0, 1, 1], "texture": "#missing"},
				"down": {"uv": [0, 0, 1, 1], "texture": "#missing"}
			}
		},
		{
			"from": [0, 2, 10],
			"to": [1, 3, 11],
			"rotation": {"angle": 0, "axis": "y", "origin": [0.5, 5, 13]},
			"color": 3,
			"faces": {
				"north": {"uv": [0, 0, 1, 1], "texture": "#missing"},
				"east": {"uv": [0, 0, 1, 1], "texture": "#missing"},
				"south": {"uv": [0, 0, 1, 1], "texture": "#missing"},
				"west": {"uv": [0, 0, 1, 1], "texture": "#missing"},
				"up": {"uv": [0, 0, 1, 1], "rotation": 270, "texture": "#missing"},
				"down": {"uv": [0, 0, 1, 1], "rotation": 90, "texture": "#missing"}
			}
		},
		{
			"from": [1, 3, 10],
			"to": [3, 4, 11],
			"rotation": {"angle": 0, "axis": "y", "origin": [0.5, 5, 13]},
			"color": 3,
			"faces": {
				"north": {"uv": [0, 0, 2, 1], "texture": "#missing"},
				"east": {"uv": [0, 0, 1, 1], "texture": "#missing"},
				"south": {"uv": [0, 0, 2, 1], "texture": "#missing"},
				"west": {"uv": [0, 0, 1, 1], "texture": "#missing"},
				"up": {"uv": [0, 0, 1, 2], "rotation": 270, "texture": "#missing"},
				"down": {"uv": [0, 0, 1, 2], "rotation": 90, "texture": "#missing"}
			}
		},
		{
			"from": [3, 4, 10],
			"to": [4, 5, 11],
			"rotation": {"angle": 0, "axis": "y", "origin": [0.5, 5, 13]},
			"color": 3,
			"faces": {
				"north": {"uv": [0, 0, 1, 1], "texture": "#missing"},
				"east": {"uv": [0, 0, 1, 1], "texture": "#missing"},
				"south": {"uv": [0, 0, 1, 1], "texture": "#missing"},
				"west": {"uv": [0, 0, 1, 1], "texture": "#missing"},
				"up": {"uv": [0, 0, 1, 1], "rotation": 270, "texture": "#missing"},
				"down": {"uv": [0, 0, 1, 1], "rotation": 90, "texture": "#missing"}
			}
		},
		{
			"from": [5, 5, 6],
			"to": [6, 6, 9],
			"rotation": {"angle": 0, "axis": "y", "origin": [0.5, 5, 13]},
			"color": 3,
			"faces": {
				"north": {"uv": [0, 0, 1, 1], "texture": "#missing"},
				"east": {"uv": [0, 0, 3, 1], "texture": "#missing"},
				"south": {"uv": [0, 0, 1, 1], "texture": "#missing"},
				"west": {"uv": [0, 0, 3, 1], "texture": "#missing"},
				"up": {"uv": [0, 0, 3, 1], "rotation": 270, "texture": "#missing"},
				"down": {"uv": [0, 0, 3, 1], "rotation": 90, "texture": "#missing"}
			}
		},
		{
			"from": [4, 5, 9],
			"to": [5, 6, 11],
			"rotation": {"angle": 0, "axis": "y", "origin": [0.5, 5, 13]},
			"color": 3,
			"faces": {
				"north": {"uv": [0, 0, 1, 1], "texture": "#missing"},
				"east": {"uv": [0, 0, 2, 1], "texture": "#missing"},
				"south": {"uv": [0, 0, 1, 1], "texture": "#missing"},
				"west": {"uv": [0, 0, 2, 1], "texture": "#missing"},
				"up": {"uv": [0, 0, 2, 1], "rotation": 270, "texture": "#missing"},
				"down": {"uv": [0, 0, 2, 1], "rotation": 90, "texture": "#missing"}
			}
		},
		{
			"from": [4, 5, 5],
			"to": [5, 6, 7],
			"rotation": {"angle": 0, "axis": "y", "origin": [0.5, 5, 13]},
			"color": 3,
			"faces": {
				"north": {"uv": [0, 0, 1, 1], "texture": "#missing"},
				"east": {"uv": [0, 0, 2, 1], "texture": "#missing"},
				"south": {"uv": [0, 0, 1, 1], "texture": "#missing"},
				"west": {"uv": [0, 0, 2, 1], "texture": "#missing"},
				"up": {"uv": [0, 0, 2, 1], "rotation": 270, "texture": "#missing"},
				"down": {"uv": [0, 0, 2, 1], "rotation": 90, "texture": "#missing"}
			}
		},
		{
			"from": [3, 5, 4],
			"to": [4, 6, 5],
			"color": 3,
			"faces": {
				"north": {"uv": [0, 0, 1, 1], "texture": "#missing"},
				"east": {"uv": [0, 0, 1, 1], "texture": "#missing"},
				"south": {"uv": [0, 0, 1, 1], "texture": "#missing"},
				"west": {"uv": [0, 0, 1, 1], "texture": "#missing"},
				"up": {"uv": [0, 0, 1, 1], "texture": "#missing"},
				"down": {"uv": [0, 0, 1, 1], "texture": "#missing"}
			}
		},
		{
			"from": [0, 4, 3],
			"to": [1, 5, 4],
			"color": 3,
			"faces": {
				"north": {"uv": [0, 0, 1, 1], "texture": "#missing"},
				"east": {"uv": [0, 0, 1, 1], "texture": "#missing"},
				"south": {"uv": [0, 0, 1, 1], "texture": "#missing"},
				"west": {"uv": [0, 0, 1, 1], "texture": "#missing"},
				"up": {"uv": [0, 0, 1, 1], "texture": "#missing"},
				"down": {"uv": [0, 0, 1, 1], "texture": "#missing"}
			}
		},
		{
			"from": [1, 5, 3],
			"to": [3, 6, 4],
			"color": 3,
			"faces": {
				"north": {"uv": [0, 0, 2, 1], "texture": "#missing"},
				"east": {"uv": [0, 0, 1, 1], "texture": "#missing"},
				"south": {"uv": [0, 0, 2, 1], "texture": "#missing"},
				"west": {"uv": [0, 0, 1, 1], "texture": "#missing"},
				"up": {"uv": [0, 0, 2, 1], "texture": "#missing"},
				"down": {"uv": [0, 0, 2, 1], "texture": "#missing"}
			}
		},
		{
			"from": [0, 3, 3],
			"to": [1, 4, 5],
			"color": 3,
			"faces": {
				"north": {"uv": [0, 0, 1, 1], "texture": "#missing"},
				"east": {"uv": [0, 0, 2, 1], "texture": "#missing"},
				"south": {"uv": [0, 0, 1, 1], "texture": "#missing"},
				"west": {"uv": [0, 0, 2, 1], "texture": "#missing"},
				"up": {"uv": [0, 0, 1, 2], "texture": "#missing"},
				"down": {"uv": [0, 0, 1, 2], "texture": "#missing"}
			}
		},
		{
			"from": [0, 1, 5],
			"to": [1, 3, 6],
			"color": 3,
			"faces": {
				"north": {"uv": [0, 0, 1, 2], "texture": "#missing"},
				"east": {"uv": [0, 0, 1, 2], "texture": "#missing"},
				"south": {"uv": [0, 0, 1, 2], "texture": "#missing"},
				"west": {"uv": [0, 0, 1, 2], "texture": "#missing"},
				"up": {"uv": [0, 0, 1, 1], "texture": "#missing"},
				"down": {"uv": [0, 0, 1, 1], "texture": "#missing"}
			}
		}
	],
	"display": {
		"gui": {
			"rotation": [0, 90, 0],
			"translation": [0.1, 0, 0]
		},
		"head": {
			"rotation": [0, 90, 0],
			"translation": [3.25, 11.5, -5],
			"scale": [1.65, 1.65, 1.65]
		},
		"fixed": {
			"rotation": [0, 90, 0],
			"translation": [0, 0, -14],
			"scale": [2, 2, 2]
		}
	},
	"groups": [
		{
			"name": "group",
			"origin": [0, 0, 0],
			"color": 0,
			"children": [0, 1, 2, 3, 4, 5, 6, 7, 8, 9, 10, 11, 12]
		}
	]
}