{
	"credit": "Сделано Веббером специально для MoreDeco https://modrinth.com/resourcepack/moredeco mc _Webber_3",
	"textures": {
		"2": "item/carved_pumpkin/konus",
		"particle": "item/carved_pumpkin/konus"
	},
	"elements": [
		{
			"from": [7, 13, 7],
			"to": [9, 15, 9],
			"faces": {
				"north": {"uv": [1.66667, 7, 2.33333, 7.66667], "texture": "#2"},
				"east": {"uv": [1.66667, 7, 2.33333, 7.66667], "texture": "#2"},
				"south": {"uv": [1.66667, 7, 2.33333, 7.66667], "texture": "#2"},
				"west": {"uv": [1.66667, 7, 2.33333, 7.66667], "texture": "#2"},
				"up": {"uv": [1.66667, 2.33333, 2.33333, 1.66667], "texture": "#2"},
				"down": {"uv": [4, 0, 8, 4], "texture": "#2"}
			}
		},
		{
			"from": [7, 12, 7],
			"to": [9, 13, 9],
			"faces": {
				"north": {"uv": [9.66667, 5, 10.33333, 5.33333], "texture": "#2"},
				"east": {"uv": [9.66667, 5, 10.33333, 5.33333], "texture": "#2"},
				"south": {"uv": [9.66667, 5, 10.33333, 5.33333], "texture": "#2"},
				"west": {"uv": [9.66667, 5, 10.33333, 5.33333], "texture": "#2"},
				"up": {"uv": [9.33333, 2.66667, 10.66667, 1.33333], "texture": "#2"},
				"down": {"uv": [4, 0, 8, 4], "texture": "#2"}
			}
		},
		{
			"from": [6, 9, 6],
			"to": [10, 12, 10],
			"faces": {
				"north": {"uv": [1.33333, 6, 2.66667, 7], "texture": "#2"},
				"east": {"uv": [1.33333, 6, 2.66667, 7], "texture": "#2"},
				"south": {"uv": [1.33333, 6, 2.66667, 7], "texture": "#2"},
				"west": {"uv": [1.33333, 6, 2.66667, 7], "texture": "#2"},
				"up": {"uv": [1.33333, 2.66667, 2.66667, 1.33333], "texture": "#2"},
				"down": {"uv": [4, 0, 8, 4], "texture": "#2"}
			}
		},
		{
			"from": [6, 8, 6],
			"to": [10, 9, 10],
			"faces": {
				"north": {"uv": [9.33333, 4.66667, 10.66667, 5], "texture": "#2"},
				"east": {"uv": [9.33333, 4.66667, 10.66667, 5], "texture": "#2"},
				"south": {"uv": [9.33333, 4.66667, 10.66667, 5], "texture": "#2"},
				"west": {"uv": [9.33333, 4.66667, 10.66667, 5], "texture": "#2"},
				"up": {"uv": [9.33333, 2.66667, 10.66667, 1.33333], "texture": "#2"},
				"down": {"uv": [4, 0, 8, 4], "texture": "#2"}
			}
		},
		{
			"from": [5, 5, 5],
			"to": [11, 8, 11],
			"faces": {
				"north": {"uv": [1, 5, 3, 6], "texture": "#2"},
				"east": {"uv": [1, 5, 3, 6], "texture": "#2"},
				"south": {"uv": [1, 5, 3, 6], "texture": "#2"},
				"west": {"uv": [1, 5, 3, 6], "texture": "#2"},
				"up": {"uv": [1, 3, 3, 1], "texture": "#2"},
				"down": {"uv": [4, 0, 8, 4], "texture": "#2"}
			}
		},
		{
			"from": [5, 4, 5],
			"to": [11, 5, 11],
			"faces": {
				"north": {"uv": [9, 4.33334, 11, 4.66667], "texture": "#2"},
				"east": {"uv": [9, 4.33334, 11, 4.66667], "texture": "#2"},
				"south": {"uv": [9, 4.33334, 11, 4.66667], "texture": "#2"},
				"west": {"uv": [9, 4.33334, 11, 4.66667], "texture": "#2"},
				"up": {"uv": [9.33333, 2.66667, 10.66667, 1.33333], "texture": "#2"},
				"down": {"uv": [4, 0, 8, 4], "texture": "#2"}
			}
		},
		{
			"from": [4, 2, 4],
			"to": [12, 4, 12],
			"faces": {
				"north": {"uv": [0.66667, 4.33334, 3.33333, 5], "texture": "#2"},
				"east": {"uv": [0.66667, 4.33334, 3.33333, 5], "texture": "#2"},
				"south": {"uv": [0.66667, 4.33334, 3.33333, 5], "texture": "#2"},
				"west": {"uv": [0.66667, 4.33334, 3.33333, 5], "texture": "#2"},
				"up": {"uv": [0.66667, 3.33333, 3.33333, 0.66667], "texture": "#2"},
				"down": {"uv": [4, 0, 8, 4], "texture": "#2"}
			}
		},
		{
			"from": [4, 1, 4],
			"to": [12, 2, 12],
			"faces": {
				"north": {"uv": [8.66667, 4, 11.33333, 4.33333], "texture": "#2"},
				"east": {"uv": [8.66667, 4, 11.33333, 4.33333], "texture": "#2"},
				"south": {"uv": [8.66667, 4, 11.33333, 4.33333], "texture": "#2"},
				"west": {"uv": [8.66667, 4, 11.33333, 4.33333], "texture": "#2"},
				"up": {"uv": [8.66667, 3.33333, 11.33333, 0.66667], "texture": "#2"},
				"down": {"uv": [4, 0, 8, 4], "texture": "#2"}
			}
		},
		{
			"from": [2, 0, 2],
			"to": [14, 1, 14],
			"faces": {
				"north": {"uv": [0, 4, 4, 4.33333], "texture": "#2"},
				"east": {"uv": [0, 4, 4, 4.33333], "texture": "#2"},
				"south": {"uv": [0, 4, 4, 4.33333], "texture": "#2"},
				"west": {"uv": [0, 4, 4, 4.33333], "texture": "#2"},
				"up": {"uv": [0, 4, 4, 0], "texture": "#2"},
				"down": {"uv": [4, 0, 8, 4], "texture": "#2"}
			}
		}
	],
	"display": {
		"thirdperson_righthand": {
			"translation": [-2.5, 6.25, 0],
			"scale": [0.75, 0.75, 0.75]
		},
		"thirdperson_lefthand": {
			"translation": [-2.5, 6.25, 0],
			"scale": [0.75, 0.75, 0.75]
		},
		"firstperson_righthand": {
			"translation": [1.75, 3, 0],
			"scale": [0.75, 0.75, 0.75]
		},
		"firstperson_lefthand": {
			"translation": [1.75, 3, 0],
			"scale": [0.75, 0.75, 0.75]
		},
		"ground": {
			"translation": [0, 5, 0],
			"scale": [0.75, 0.75, 0.75]
		},
		"gui": {
			"rotation": [25, 135, 0],
			"translation": [0, 1.75, 0],
			"scale": [0.9, 0.9, 0.9]
		},
		"head": {
			"translation": [0, 19.5, 0],
			"scale": [1.65, 1.65, 1.65]
		},
		"fixed": {
			"rotation": [-90, 0, 0],
			"translation": [0, 0, -16],
			"scale": [2.01, 2.01, 2.01]
		}
	}
}