{
	"credit": "Сделано Веббером специально для MoreDeco https://modrinth.com/resourcepack/moredeco mc _Webber_3",
	"textures": {
		"1": "item/carved_pumpkin/pan"
	},
	"elements": [
		{
			"from": [4, 3, 4],
			"to": [12, 4, 12],
			"faces": {
				"north": {"uv": [3.66667, 3.66667, 6.33333, 4], "texture": "#1"},
				"east": {"uv": [0.33333, 3.66667, 3, 4], "texture": "#1"},
				"south": {"uv": [10.33333, 3.66667, 13, 4], "texture": "#1"},
				"west": {"uv": [7, 3.66667, 9.66667, 4], "texture": "#1"},
				"up": {"uv": [2.66667, 2.66667, 5.33333, 0], "texture": "#1"},
				"down": {"uv": [13.33333, 13.33333, 16, 16], "texture": "#1"}
			}
		},
		{
			"from": [3, 2, 3],
			"to": [13, 3, 13],
			"faces": {
				"north": {"uv": [3.33334, 4, 6.66666, 4.33333], "texture": "#1"},
				"east": {"uv": [0, 4, 3.33334, 4.33333], "texture": "#1"},
				"south": {"uv": [10, 4, 13.33334, 4.33333], "texture": "#1"},
				"west": {"uv": [6.66666, 4, 10, 4.33333], "texture": "#1"},
				"up": {"uv": [5.33334, 3.33334, 8.66666, 0], "texture": "#1"},
				"down": {"uv": [13.33333, 13.33333, 16, 16], "texture": "#1"}
			}
		},
		{
			"from": [2, 0, 2],
			"to": [14, 2, 14],
			"faces": {
				"north": {"uv": [4, 9.66667, 8, 10.33333], "texture": "#1"},
				"east": {"uv": [0, 9.66667, 4, 10.33333], "texture": "#1"},
				"south": {"uv": [12, 9.66667, 16, 10.33333], "texture": "#1"},
				"west": {"uv": [8, 10.33334, 12, 11], "texture": "#1"},
				"up": {"uv": [4, 9.66667, 8, 5.66667], "texture": "#1"},
				"down": {"uv": [8, 5.66667, 12, 9.66667], "texture": "#1"}
			}
		},
		{
			"from": [-8, 0, 7],
			"to": [0, 2, 9],
			"faces": {
				"north": {"uv": [0, 13, 2.66667, 13.66667], "texture": "#1"},
				"east": {"uv": [15.33333, 15.33334, 16, 16], "texture": "#1"},
				"south": {"uv": [2.66667, 13, 0, 13.66667], "texture": "#1"},
				"west": {"uv": [2.66667, 13, 3.33333, 13.66667], "texture": "#1"},
				"up": {"uv": [2.66667, 13, 0, 12.33333], "texture": "#1"},
				"down": {"uv": [2.66667, 13.66667, 0, 14.33333], "texture": "#1"}
			}
		},
		{
			"from": [0, 0, 7],
			"to": [2, 2, 9],
			"faces": {
				"north": {"uv": [3.33333, 13, 4, 13.66667], "texture": "#1"},
				"east": {"uv": [15.33333, 15.33334, 16, 16], "texture": "#1"},
				"south": {"uv": [4, 13, 3.33333, 13.66667], "texture": "#1"},
				"west": {"uv": [15.33333, 15.33334, 16, 16], "texture": "#1"},
				"up": {"uv": [4, 13, 3.33333, 12.33333], "texture": "#1"},
				"down": {"uv": [4, 13.66667, 3.33333, 14.33333], "texture": "#1"}
			}
		},
		{
			"from": [7, 0, 1],
			"to": [9, 2, 2],
			"faces": {
				"north": {"uv": [6.33333, 9.66667, 6.66667, 10.33333], "texture": "#1"},
				"east": {"uv": [5.33333, 9.66667, 5.66667, 10.33333], "texture": "#1"},
				"south": {"uv": [5.33333, 9.66667, 5.66667, 10.33333], "texture": "#1"},
				"west": {"uv": [6.33333, 9.66667, 6.66667, 10.33333], "texture": "#1"},
				"up": {"uv": [5.66667, 9.66667, 6.33333, 9.33334], "texture": "#1"},
				"down": {"uv": [6.66667, 9.33334, 7, 9.66667], "texture": "#1"}
			}
		},
		{
			"from": [7, 0, 3],
			"to": [9, 2, 2],
			"faces": {
				"north": {"uv": [15.66667, 15.33334, 16, 16], "texture": "#1"},
				"east": {"uv": [5.33333, 9.66667, 5.66667, 10.33333], "texture": "#1"},
				"south": {"uv": [5.33333, 9.66667, 5.66667, 10.33333], "texture": "#1"},
				"west": {"uv": [6.33333, 9.66667, 6.66667, 10.33333], "texture": "#1"},
				"up": {"uv": [5.66667, 9.66667, 6.33333, 9.33334], "texture": "#1"},
				"down": {"uv": [6.66667, 9.33334, 7, 9.66667], "texture": "#1"}
			}
		},
		{
			"from": [3, 2, 3],
			"to": [13, 0, 13],
			"rotation": {"angle": 0, "axis": "y", "origin": [8, 1, 8]},
			"faces": {
				"north": {"uv": [4.33333, 9.66667, 7.66667, 10.33333], "rotation": 180, "texture": "#1"},
				"east": {"uv": [8.33333, 9.66667, 11.66667, 10.33333], "rotation": 180, "texture": "#1"},
				"south": {"uv": [11.66667, 9.66667, 12.33333, 10.33333], "rotation": 180, "texture": "#1"},
				"west": {"uv": [0.33333, 9.66667, 3.66667, 10.33333], "rotation": 180, "texture": "#1"},
				"up": {"uv": [8, 5.66667, 12, 9.66667], "rotation": 180, "texture": "#1"},
				"down": {"uv": [4.33333, 9.33334, 7.66667, 6], "rotation": 180, "texture": "#1"}
			}
		}
	],
	"display": {
		"thirdperson_righthand": {
			"rotation": [90, -90, -180],
			"translation": [-1, 7, -4],
			"scale": [0.75, 0.75, 0.75]
		},
		"thirdperson_lefthand": {
			"rotation": [90, 90, -180],
			"translation": [-1, 7, -4],
			"scale": [0.75, 0.75, 0.75]
		},
		"firstperson_righthand": {
			"rotation": [0, -90, -180],
			"translation": [2.75, -4, -5.5],
			"scale": [0.75, 0.75, 0.75]
		},
		"firstperson_lefthand": {
			"rotation": [0, 90, -180],
			"translation": [2.75, -4, -5.5],
			"scale": [0.75, 0.75, 0.75]
		},
		"ground": {
			"translation": [0, 3, 0],
			"scale": [0.75, 0.75, 0.75]
		},
		"gui": {
			"rotation": [45, -135, 0],
			"translation": [-1.25, 2.5, 0],
			"scale": [0.75, 0.75, 0.75]
		},
		"head": {
			"translation": [0, 16, 0],
			"scale": [1.65, 1.65, 1.65]
		},
		"fixed": {
			"rotation": [-90, 0, 0],
			"translation": [0, 0, -16],
			"scale": [2.01, 2.01, 2.01]
		}
	}
}