{
	"credit": "Сделано Веббером специально для MoreDeco https://modrinth.com/resourcepack/moredeco mc _Webber_3",
	"textures": {
		"1": "item/carved_pumpkin/obodki/obodki"
	},
	"elements": [
		{
			"from": [3, 1, 7],
			"to": [4, 4, 8],
			"rotation": {"angle": 0, "axis": "x", "origin": [4, 3.5, 8.5]},
			"faces": {
				"north": {"uv": [0, 1, 1, 4], "texture": "#1"},
				"east": {"uv": [1, 1, 2, 4], "texture": "#1"},
				"south": {"uv": [2, 1, 3, 4], "texture": "#1"},
				"west": {"uv": [3, 1, 4, 4], "texture": "#1"},
				"up": {"uv": [1, 5, 0, 4], "texture": "#1"},
				"down": {"uv": [5, 0, 4, 1], "texture": "#1"}
			}
		},
		{
			"from": [4, 4, 7],
			"to": [5, 5, 8],
			"rotation": {"angle": 0, "axis": "x", "origin": [4, 3.5, 8.5]},
			"faces": {
				"north": {"uv": [0, 0, 1, 1], "texture": "#1"},
				"east": {"uv": [1, 0, 2, 1], "texture": "#1"},
				"south": {"uv": [2, 0, 3, 1], "texture": "#1"},
				"west": {"uv": [3, 0, 4, 1], "texture": "#1"},
				"up": {"uv": [1, 5, 0, 4], "texture": "#1"},
				"down": {"uv": [5, 0, 4, 1], "texture": "#1"}
			}
		},
		{
			"from": [12, 1, 7],
			"to": [13, 4, 8],
			"rotation": {"angle": 0, "axis": "y", "origin": [4, 2.5, 8.5]},
			"faces": {
				"north": {"uv": [2, 1, 3, 4], "texture": "#1"},
				"east": {"uv": [3, 1, 4, 4], "texture": "#1"},
				"south": {"uv": [0, 1, 1, 4], "texture": "#1"},
				"west": {"uv": [1, 1, 2, 4], "texture": "#1"},
				"up": {"uv": [1, 5, 0, 4], "rotation": 180, "texture": "#1"},
				"down": {"uv": [5, 0, 4, 1], "rotation": 180, "texture": "#1"}
			}
		},
		{
			"from": [11, 4, 7],
			"to": [12, 5, 8],
			"rotation": {"angle": 0, "axis": "y", "origin": [4, 2.5, 8.5]},
			"faces": {
				"north": {"uv": [2, 0, 3, 1], "texture": "#1"},
				"east": {"uv": [3, 0, 4, 1], "texture": "#1"},
				"south": {"uv": [0, 0, 1, 1], "texture": "#1"},
				"west": {"uv": [1, 0, 2, 1], "texture": "#1"},
				"up": {"uv": [1, 5, 0, 4], "rotation": 180, "texture": "#1"},
				"down": {"uv": [5, 0, 4, 1], "rotation": 180, "texture": "#1"}
			}
		},
		{
			"from": [4, -6, 7],
			"to": [12, 2, 8],
			"rotation": {"angle": 0, "axis": "y", "origin": [4, 2.5, 8.5]},
			"faces": {
				"north": {"uv": [6, 1, 12, 8], "texture": "#1"},
				"east": {"uv": [5, 0, 6, 8], "texture": "#1"},
				"south": {"uv": [6, 1, 12, 8], "texture": "#1"},
				"west": {"uv": [12, 0, 13, 8], "texture": "#1"},
				"up": {"uv": [13, 1, 5, 0], "rotation": 180, "texture": "#1"},
				"down": {"uv": [12, 7, 6, 8], "rotation": 180, "texture": "#1"}
			}
		},
		{
			"from": [12, 2, 8],
			"to": [4, -6, 7],
			"rotation": {"angle": 0, "axis": "x", "origin": [8, -2, 8.5]},
			"faces": {
				"north": {"uv": [6, 1, 12, 8], "rotation": 180, "texture": "#1"},
				"east": {"uv": [5, 0, 6, 8], "rotation": 180, "texture": "#1"},
				"south": {"uv": [6, 1, 12, 8], "rotation": 180, "texture": "#1"},
				"west": {"uv": [12, 0, 13, 8], "rotation": 180, "texture": "#1"},
				"up": {"uv": [12, 7, 6, 8], "rotation": 180, "texture": "#1"},
				"down": {"uv": [13, 1, 5, 0], "rotation": 180, "texture": "#1"}
			}
		}
	],
	"display": {
		"thirdperson_righthand": {
			"translation": [-4, 6, 1.75],
			"scale": [0.75, 0.75, 0.75]
		},
		"thirdperson_lefthand": {
			"translation": [-4, 6, 1.75],
			"scale": [0.75, 0.75, 0.75]
		},
		"firstperson_righthand": {
			"translation": [0.25, 7.5, 1.75],
			"scale": [0.75, 0.75, 0.75]
		},
		"firstperson_lefthand": {
			"translation": [0.25, 7.5, 1.75],
			"scale": [0.75, 0.75, 0.75]
		},
		"ground": {
			"rotation": [90, 0, 0],
			"translation": [0, -1, 9]
		},
		"gui": {
			"rotation": [35, 35, 0],
			"translation": [0, 8.5, 0],
			"scale": [1.35, 1.35, 1.35]
		},
		"head": {
			"translation": [0, 16.5, 0.25],
			"scale": [1.65, 1.65, 1.65]
		},
		"fixed": {
			"rotation": [-90, 0, 0],
			"translation": [0, 0, -26],
			"scale": [2, 2, 2]
		}
	}
}