{
	"credit": "Сделано Веббером специально для MoreDeco https://modrinth.com/resourcepack/moredeco mc _Webber_3",
	"textures": {
		"1": "item/carved_pumpkin/obodki/obodki"
	},
	"elements": [
		{
			"from": [3, 1, 7],
			"to": [4, 5, 8],
			"rotation": {"angle": 0, "axis": "x", "origin": [4, 3.5, 8.5]},
			"faces": {
				"north": {"uv": [7, 10, 8, 14], "texture": "#1"},
				"east": {"uv": [7, 11, 8, 9], "texture": "#1"},
				"south": {"uv": [11, 10, 12, 14], "texture": "#1"},
				"west": {"uv": [7, 10, 8, 14], "texture": "#1"},
				"up": {"uv": [8, 11, 7, 10], "texture": "#1"},
				"down": {"uv": [8, 13, 7, 14], "texture": "#1"}
			}
		},
		{
			"from": [4, 2, 7],
			"to": [5, 4, 8],
			"rotation": {"angle": 0, "axis": "x", "origin": [4, 3.5, 8.5]},
			"faces": {
				"north": {"uv": [6, 11, 7, 13], "texture": "#1"},
				"east": {"uv": [6, 11, 7, 13], "texture": "#1"},
				"south": {"uv": [10, 11, 11, 13], "texture": "#1"},
				"west": {"uv": [6, 11, 7, 13], "texture": "#1"},
				"up": {"uv": [7, 12, 6, 11], "texture": "#1"},
				"down": {"uv": [16, 15, 15, 16], "texture": "#1"}
			}
		},
		{
			"from": [5, 2, 7],
			"to": [6, 3, 8],
			"rotation": {"angle": 0, "axis": "x", "origin": [4, 3.5, 8.5]},
			"faces": {
				"north": {"uv": [5, 12, 6, 13], "texture": "#1"},
				"east": {"uv": [5, 12, 6, 13], "texture": "#1"},
				"south": {"uv": [9, 12, 10, 13], "texture": "#1"},
				"west": {"uv": [5, 12, 6, 13], "texture": "#1"},
				"up": {"uv": [6, 13, 5, 12], "texture": "#1"},
				"down": {"uv": [16, 15, 15, 16], "texture": "#1"}
			}
		},
		{
			"from": [2, 2, 7],
			"to": [3, 4, 8],
			"rotation": {"angle": 0, "axis": "x", "origin": [4, 3.5, 8.5]},
			"faces": {
				"north": {"uv": [8, 11, 9, 13], "texture": "#1"},
				"east": {"uv": [8, 11, 9, 13], "texture": "#1"},
				"south": {"uv": [12, 11, 13, 13], "texture": "#1"},
				"west": {"uv": [8, 11, 9, 13], "texture": "#1"},
				"up": {"uv": [9, 12, 8, 11], "texture": "#1"},
				"down": {"uv": [9, 12, 8, 13], "texture": "#1"}
			}
		},
		{
			"from": [13, 2, 7],
			"to": [14, 4, 8],
			"rotation": {"angle": 0, "axis": "x", "origin": [4, 3.5, 8.5]},
			"faces": {
				"north": {"uv": [8, 11, 9, 13], "texture": "#1"},
				"east": {"uv": [8, 11, 9, 13], "texture": "#1"},
				"south": {"uv": [12, 11, 13, 13], "texture": "#1"},
				"west": {"uv": [8, 11, 9, 13], "texture": "#1"},
				"up": {"uv": [9, 12, 8, 11], "texture": "#1"},
				"down": {"uv": [9, 12, 8, 13], "texture": "#1"}
			}
		},
		{
			"from": [12, 1, 7],
			"to": [13, 5, 8],
			"rotation": {"angle": 0, "axis": "y", "origin": [12.5, 3, 7.5]},
			"faces": {
				"north": {"uv": [7, 10, 8, 14], "texture": "#1"},
				"east": {"uv": [7, 10, 8, 14], "texture": "#1"},
				"south": {"uv": [11, 10, 12, 14], "texture": "#1"},
				"west": {"uv": [7, 11, 8, 9], "texture": "#1"},
				"up": {"uv": [8, 11, 7, 10], "texture": "#1"},
				"down": {"uv": [8, 13, 7, 14], "texture": "#1"}
			}
		},
		{
			"from": [11, 2, 7],
			"to": [12, 4, 8],
			"rotation": {"angle": 0, "axis": "x", "origin": [4, 3.5, 8.5]},
			"faces": {
				"north": {"uv": [6, 11, 7, 13], "texture": "#1"},
				"east": {"uv": [6, 11, 7, 13], "texture": "#1"},
				"south": {"uv": [10, 11, 11, 13], "texture": "#1"},
				"west": {"uv": [6, 11, 7, 13], "texture": "#1"},
				"up": {"uv": [7, 12, 6, 11], "texture": "#1"},
				"down": {"uv": [16, 15, 15, 16], "texture": "#1"}
			}
		},
		{
			"from": [10, 2, 7],
			"to": [11, 3, 8],
			"rotation": {"angle": 0, "axis": "x", "origin": [4, 3.5, 8.5]},
			"faces": {
				"north": {"uv": [5, 12, 6, 13], "texture": "#1"},
				"east": {"uv": [5, 12, 6, 13], "texture": "#1"},
				"south": {"uv": [9, 12, 10, 13], "texture": "#1"},
				"west": {"uv": [5, 12, 6, 13], "texture": "#1"},
				"up": {"uv": [6, 13, 5, 12], "texture": "#1"},
				"down": {"uv": [16, 15, 15, 16], "texture": "#1"}
			}
		},
		{
			"from": [4, -6, 7],
			"to": [12, 2, 8],
			"rotation": {"angle": 0, "axis": "y", "origin": [4, 2.5, 8.5]},
			"faces": {
				"north": {"uv": [6, 1, 12, 8], "texture": "#1"},
				"east": {"uv": [5, 0, 6, 8], "texture": "#1"},
				"south": {"uv": [6, 1, 12, 8], "texture": "#1"},
				"west": {"uv": [12, 0, 13, 8], "texture": "#1"},
				"up": {"uv": [13, 1, 5, 0], "rotation": 180, "texture": "#1"},
				"down": {"uv": [12, 7, 6, 8], "rotation": 180, "texture": "#1"}
			}
		},
		{
			"from": [12, 2, 8],
			"to": [4, -6, 7],
			"rotation": {"angle": 0, "axis": "x", "origin": [8, -2, 8.5]},
			"faces": {
				"north": {"uv": [6, 1, 12, 8], "rotation": 180, "texture": "#1"},
				"east": {"uv": [5, 0, 6, 8], "rotation": 180, "texture": "#1"},
				"south": {"uv": [6, 1, 12, 8], "rotation": 180, "texture": "#1"},
				"west": {"uv": [12, 0, 13, 8], "rotation": 180, "texture": "#1"},
				"up": {"uv": [12, 7, 6, 8], "rotation": 180, "texture": "#1"},
				"down": {"uv": [13, 1, 5, 0], "rotation": 180, "texture": "#1"}
			}
		}
	],
	"display": {
		"thirdperson_righthand": {
			"translation": [-4, 6, 1.75],
			"scale": [0.75, 0.75, 0.75]
		},
		"thirdperson_lefthand": {
			"translation": [-4, 6, 1.75],
			"scale": [0.75, 0.75, 0.75]
		},
		"firstperson_righthand": {
			"translation": [0.25, 7.5, 1.75],
			"scale": [0.75, 0.75, 0.75]
		},
		"firstperson_lefthand": {
			"translation": [0.25, 7.5, 1.75],
			"scale": [0.75, 0.75, 0.75]
		},
		"ground": {
			"rotation": [90, 0, 0],
			"translation": [0, -1, 9]
		},
		"gui": {
			"rotation": [35, -145, 0],
			"translation": [-0.25, 9, 0],
			"scale": [1.35, 1.35, 1.35]
		},
		"head": {
			"translation": [0, 16.5, 0.25],
			"scale": [1.65, 1.65, 1.65]
		},
		"fixed": {
			"rotation": [-90, 0, 0],
			"translation": [0, 0, -26],
			"scale": [2, 2, 2]
		}
	},
	"groups": [
		{
			"name": "group",
			"origin": [4, 2.5, 8.5],
			"color": 0,
			"children": [0, 1, 2, 3, 4, 5, 6, 7]
		},
		8,
		9
	]
}