{
	"credit": "Сделано Веббером специально для MoreDeco https://modrinth.com/resourcepack/moredeco mc _Webber_3",
	"texture_size": [32, 32],
	"textures": {
		"1": "item/carved_pumpkin/emotes/plak"
	},
	"elements": [
		{
			"from": [0, 0, 8],
			"to": [16, 16, 8],
			"faces": {
				"north": {"uv": [8, 8, 16, 16], "texture": "#1"},
				"east": {"uv": [8, 8, 8, 15], "texture": "#1"},
				"south": {"uv": [8, 8, 16, 16], "texture": "#1"},
				"west": {"uv": [8, 8, 8, 15], "texture": "#1"},
				"up": {"uv": [15, 8, 8, 8], "texture": "#1"},
				"down": {"uv": [15, 8, 8, 8], "texture": "#1"}
			}
		}
	],
	"display": {
		"thirdperson_lefthand": {
			"translation": [0, -2, 0]
		},
		"ground": {
			"rotation": [90, 0, 0]
		},
		"head": {
			"translation": [0, -2, -6.5],
			"scale": [1.65, 1.65, 1.65]
		},
		"fixed": {
			"translation": [0, -8, -16],
			"scale": [2, 2, 2]
		}
	}
}