{
	"format_version": "1.21.6",
	"credit": "Сделано Веббером специально для MoreDeco https://modrinth.com/resourcepack/moredeco mc _Webber_3",
	"parent": "item/generated",
	"textures": {
		"layer0": "item/golden_sword/golden_sword_big"
	},
	"gui_light": "front",
	"display": {
		"thirdperson_righthand": {
			"rotation": [0, -90, 55],
			"translation": [0, 5, 1.25],
			"scale": [1.7, 1.7, 0.85]
		},
		"thirdperson_lefthand": {
			"rotation": [0, 90, -55],
			"translation": [0, 5, 0.5],
			"scale": [1.7, 1.7, 0.85]
		},
		"firstperson_righthand": {
			"rotation": [0, -90, 25],
			"translation": [1.13, 3.2, 1.13],
			"scale": [1.36, 1.36, 0.68]
		},
		"firstperson_lefthand": {
			"rotation": [0, 90, -25],
			"translation": [1.13, 3.2, 1.13],
			"scale": [1.36, 1.36, 0.68]
		},
		"ground": {
			"translation": [0, 1, 0],
			"scale": [1, 1, 0.5]
		},
		"gui": {
			"translation": [-2.25, -2.25, 0],
			"scale": [1.3, 1.3, 1]
		},
		"head": {
			"rotation": [0, 0, -45],
			"translation": [-7, 0, 0],
			"scale": [2, 2, 2]
		},
		"fixed": {
			"translation": [-3.5, -3.5, -1],
			"scale": [2, 2, 2]
		}
	}
}