{
	"credit": "Сделано Веббером специально для тестировщика MoreDeco berigan_cord",
	"texture_size": [32, 32],
	"textures": {
		"0": "item/stick/dickaya_ambrlla",
		"particle": "item/stick/dickaya_ambrlla"
	},
	"elements": [
		{
			"from": [7.5, 0, 7.5],
			"to": [8.5, 1, 10.5],
			"rotation": {"angle": 0, "axis": "z", "origin": [8, 10, 8]},
			"faces": {
				"north": {"uv": [15, 0, 15.5, 0.5], "texture": "#0"},
				"east": {"uv": [14, 0, 15.5, 0.5], "texture": "#0"},
				"south": {"uv": [14, 0, 14.5, 0.5], "texture": "#0"},
				"west": {"uv": [15.5, 0, 14, 0.5], "texture": "#0"},
				"up": {"uv": [15.5, 0.5, 14, 1], "rotation": 90, "texture": "#0"},
				"down": {"uv": [14, 0.5, 15.5, 1], "rotation": 90, "texture": "#0"}
			}
		},
		{
			"from": [7.5, 1, 9.5],
			"to": [8.5, 2, 10.5],
			"rotation": {"angle": 0, "axis": "z", "origin": [8, 10, 8]},
			"faces": {
				"north": {"uv": [13.5, 0.5, 14, 1], "rotation": 180, "texture": "#0"},
				"east": {"uv": [13.5, 0, 14, 0.5], "rotation": 180, "texture": "#0"},
				"south": {"uv": [13.5, 0.5, 14, 1], "rotation": 180, "texture": "#0"},
				"west": {"uv": [13.5, 0, 14, 0.5], "rotation": 180, "texture": "#0"},
				"up": {"uv": [13.5, 0.5, 14, 1], "rotation": 180, "texture": "#0"},
				"down": {"uv": [13.5, 0.5, 14, 1], "rotation": 180, "texture": "#0"}
			}
		},
		{
			"from": [7.5, 1, 7.5],
			"to": [8.5, 27, 8.5],
			"rotation": {"angle": 0, "axis": "z", "origin": [8, 10, 8]},
			"faces": {
				"north": {"uv": [15.5, 0, 16, 13], "texture": "#0"},
				"east": {"uv": [15.5, 0, 16, 13], "texture": "#0"},
				"south": {"uv": [15.5, 0, 16, 13], "texture": "#0"},
				"west": {"uv": [15.5, 0, 16, 13], "texture": "#0"},
				"up": {"uv": [15.5, 0, 16, 0.5], "rotation": 180, "texture": "#0"}
			}
		},
		{
			"from": [-3.5, 26.5, 8],
			"to": [19.5, 26.5, 25],
			"rotation": {"angle": 22.5, "axis": "x", "origin": [8, 26.5, 8]},
			"faces": {
				"up": {"uv": [0, 0, 11.5, 8.5], "texture": "#0"},
				"down": {"uv": [0, 0, 11.5, 8.5], "rotation": 180, "texture": "#0"}
			}
		},
		{
			"from": [8, 26.5, -3.5],
			"to": [25, 26.5, 19.5],
			"rotation": {"angle": -22.5, "axis": "z", "origin": [8, 26.5, 8]},
			"faces": {
				"up": {"uv": [0, 0, 11.5, 8.5], "rotation": 270, "texture": "#0"},
				"down": {"uv": [0, 0, 11.5, 8.5], "rotation": 270, "texture": "#0"}
			}
		},
		{
			"from": [-3.5, 26.5, -9],
			"to": [19.5, 26.5, 8],
			"rotation": {"angle": -22.5, "axis": "x", "origin": [8, 26.5, 8]},
			"faces": {
				"up": {"uv": [0, 0, 11.5, 8.5], "rotation": 180, "texture": "#0"},
				"down": {"uv": [0, 0, 11.5, 8.5], "texture": "#0"}
			}
		},
		{
			"from": [-9, 26.5, -3.5],
			"to": [8, 26.5, 19.5],
			"rotation": {"angle": 22.5, "axis": "z", "origin": [8, 26.5, 8]},
			"faces": {
				"up": {"uv": [0, 0, 11.5, 8.5], "rotation": 90, "texture": "#0"},
				"down": {"uv": [0, 0, 11.5, 8.5], "rotation": 90, "texture": "#0"}
			}
		},
		{
			"from": [-0.5, 23, -0.5],
			"to": [16.5, 23, 8.5],
			"rotation": {"angle": 0, "axis": "x", "origin": [8, 10, 8]},
			"faces": {
				"up": {"uv": [0, 8.5, 8.5, 13], "rotation": 180, "texture": "#0"},
				"down": {"uv": [0, 8.5, 8.5, 13], "texture": "#0"}
			}
		},
		{
			"from": [-0.5, 23, 8.5],
			"to": [16.5, 23, 16.5],
			"rotation": {"angle": 0, "axis": "y", "origin": [8, 10, 8]},
			"faces": {
				"up": {"uv": [0, 9, 8.5, 13], "texture": "#0"},
				"down": {"uv": [0, 9, 8.5, 13], "rotation": 180, "texture": "#0"}
			}
		}
	],
	"display": {
		"thirdperson_righthand": {
			"rotation": [70, -5, 0],
			"translation": [0, 2.5, 6.5]
		},
		"thirdperson_lefthand": {
			"rotation": [70, -5, 0],
			"translation": [0, 2.5, 6.5]
		},
		"firstperson_righthand": {
			"rotation": [5, 0, 0],
			"translation": [0, 3.5, 0]
		},
		"firstperson_lefthand": {
			"rotation": [5, 0, 0],
			"translation": [0, 3.5, 0]
		},
		"ground": {
			"rotation": [-55, 0, 0],
			"translation": [1, 3, 5]
		},
		"gui": {
			"rotation": [25, -165, 35],
			"translation": [-3.5, -3.75, 0],
			"scale": [0.53, 0.53, 0.53]
		},
		"head": {
			"translation": [6.4, -9.6, -7.2],
			"scale": [1.6, 1.6, 1.6]
		},
		"fixed": {
			"rotation": [-90, 0, 0],
			"translation": [0, 0, -14],
			"scale": [2, 2, 2]
		}
	},
	"credits": "diamondworld.pro | vk.com/NyashMyash99 & vk.com/Foghost"
}