{
	"credit": "Сделано Веббером специально для MoreDeco https://modrinth.com/resourcepack/moredeco mc _Webber_3",
	"textures": {
		"0": "item/stick/trost_hat",
		"particle": "item/stick/trost_hat"
	},
	"elements": [
		{
			"from": [7, 12, 7],
			"to": [10, 15, 10],
			"faces": {
				"north": {"uv": [9, 3, 12, 6], "texture": "#0"},
				"east": {"uv": [9, 6, 12, 9], "texture": "#0"},
				"south": {"uv": [12, 3, 15, 6], "texture": "#0"},
				"west": {"uv": [9, 0, 12, 3], "texture": "#0"},
				"up": {"uv": [12, 0, 15, 3], "texture": "#0"},
				"down": {"uv": [10, 12, 13, 15], "texture": "#0"}
			}
		},
		{
			"from": [6, 12, 6],
			"to": [11, 12, 11],
			"faces": {
				"north": {"uv": [0, 0, 5, 0], "texture": "#0"},
				"east": {"uv": [0, 0, 5, 0], "texture": "#0"},
				"south": {"uv": [0, 0, 5, 0], "texture": "#0"},
				"west": {"uv": [0, 0, 5, 0], "texture": "#0"},
				"up": {"uv": [9, 5, 4, 0], "texture": "#0"},
				"down": {"uv": [9, 5, 4, 10], "texture": "#0"}
			}
		},
		{
			"from": [8, 0, 8],
			"to": [9, 13, 9],
			"faces": {
				"north": {"uv": [0, 1, 1, 14], "texture": "#0"},
				"east": {"uv": [1, 1, 2, 14], "texture": "#0"},
				"south": {"uv": [2, 1, 3, 14], "texture": "#0"},
				"west": {"uv": [3, 1, 4, 14], "texture": "#0"},
				"up": {"uv": [2, 1, 1, 0], "texture": "#0"},
				"down": {"uv": [3, 0, 2, 1], "texture": "#0"}
			}
		}
	],
	"display": {
		"thirdperson_righthand": {
			"rotation": [70, 90, 0],
			"translation": [-0.5, -2.25, -5.5]
		},
		"thirdperson_lefthand": {
			"rotation": [2, 3, 1],
			"translation": [0, 0, 0.75]
		},
		"firstperson_righthand": {
			"translation": [-1, -1.5, 0]
		},
		"ground": {
			"translation": [0, 4, 0]
		},
		"gui": {
			"rotation": [27, -160, 35],
			"translation": [0.5, -0.75, 0],
			"scale": [1.05, 1.05, 1.05]
		},
		"head": {
			"translation": [0, 4, 0]
		},
		"fixed": {
			"rotation": [-9, -90, 0],
			"translation": [0, 0, -4.5],
			"scale": [2, 2, 2]
		}
	}
}