{
	"credit": "Сделано Веббером специально для MoreDeco https://modrinth.com/resourcepack/moredeco mc _Webber_3",
	"textures": {
		"1": "item/stick/trost_ledenec"
	},
	"elements": [
		{
			"from": [8, 0, 8],
			"to": [9, 13, 9],
			"faces": {
				"north": {"uv": [0, 0, 1, 13], "texture": "#1"},
				"east": {"uv": [1, 0, 2, 13], "texture": "#1"},
				"south": {"uv": [2, 0, 3, 13], "texture": "#1"},
				"west": {"uv": [3, 0, 4, 13], "texture": "#1"},
				"up": {"uv": [4, 1, 3, 0], "texture": "#1"},
				"down": {"uv": [5, 1, 4, 2], "texture": "#1"}
			}
		},
		{
			"from": [8, 13, 6],
			"to": [9, 14, 8],
			"faces": {
				"north": {"uv": [6, 2, 7, 3], "texture": "#1"},
				"east": {"uv": [7, 1, 9, 2], "texture": "#1"},
				"south": {"uv": [5, 2, 6, 3], "texture": "#1"},
				"west": {"uv": [7, 0, 9, 1], "texture": "#1"},
				"up": {"uv": [6, 0, 7, 2], "texture": "#1"},
				"down": {"uv": [5, 0, 6, 2], "texture": "#1"}
			}
		},
		{
			"from": [8, 11, 5],
			"to": [9, 13, 6],
			"faces": {
				"north": {"uv": [12, 0, 13, 2], "texture": "#1"},
				"east": {"uv": [9, 0, 10, 2], "texture": "#1"},
				"south": {"uv": [11, 0, 12, 2], "texture": "#1"},
				"west": {"uv": [10, 0, 11, 2], "texture": "#1"},
				"up": {"uv": [3, 0, 4, 1], "texture": "#1"},
				"down": {"uv": [4, 0, 5, 1], "texture": "#1"}
			}
		}
	],
	"display": {
		"thirdperson_righthand": {
			"rotation": [70, 180, 0],
			"translation": [0, -1.25, -4.75],
			"scale": [1.15, 1.15, 1.15]
		},
		"thirdperson_lefthand": {
			"rotation": [6, 95, -2.5],
			"translation": [-1, 0.5, 1]
		},
		"firstperson_righthand": {
			"rotation": [0, 180, 0],
			"translation": [0, -0.5, 0]
		},
		"firstperson_lefthand": {
			"translation": [0, -0.5, 0]
		},
		"ground": {
			"translation": [0, 4, 0]
		},
		"gui": {
			"rotation": [26, -120, 35],
			"translation": [1, 0.75, 0],
			"scale": [1.15, 1.15, 1.15]
		},
		"head": {
			"translation": [0, 14.25, 0]
		},
		"fixed": {
			"rotation": [0, -90, 0],
			"translation": [0, 0, -2],
			"scale": [2, 2, 2]
		}
	}
}