{
	"credit": "Сделано Веббером специально для MoreDeco https://modrinth.com/resourcepack/moredeco mc _Webber_3",
	"texture_size": [32, 32],
	"textures": {
		"1": "item/carved_pumpkin/furajka/comander"
	},
	"elements": [
		{
			"from": [3.5, 9, 3.5],
			"to": [12.5, 10, 12.5],
			"faces": {
				"north": {"uv": [9.5, 3.5, 14, 4], "texture": "#1"},
				"east": {"uv": [9.5, 0.5, 14, 1], "texture": "#1"},
				"south": {"uv": [9.5, 1.5, 14, 2], "texture": "#1"},
				"west": {"uv": [9.5, 2.5, 14, 3], "texture": "#1"},
				"up": {"uv": [5, 5, 0.5, 0.5], "texture": "#1"},
				"down": {"uv": [4.5, 5.5, 0, 10], "texture": "#1"}
			}
		},
		{
			"from": [2.5, 10, 2.5],
			"to": [13.5, 11, 13.5],
			"faces": {
				"north": {"uv": [9.5, 3, 15, 3.5], "texture": "#1"},
				"east": {"uv": [9.5, 0, 15, 0.5], "texture": "#1"},
				"south": {"uv": [9.5, 1, 15, 1.5], "texture": "#1"},
				"west": {"uv": [9.5, 2, 15, 2.5], "texture": "#1"},
				"up": {"uv": [5.5, 5.5, 0, 0], "texture": "#1"},
				"down": {"uv": [4.5, 5.5, 0, 10], "texture": "#1"}
			}
		},
		{
			"from": [4, 7, 4],
			"to": [12, 9, 12],
			"rotation": {"angle": 0, "axis": "x", "origin": [8, 8, 8]},
			"faces": {
				"north": {"uv": [9.5, 4, 13.5, 5], "texture": "#1"},
				"east": {"uv": [9.5, 5, 13.5, 6], "texture": "#1"},
				"south": {"uv": [9.5, 6, 13.5, 7], "texture": "#1"},
				"west": {"uv": [9.5, 7, 13.5, 8], "texture": "#1"},
				"up": {"uv": [1, 16, 0, 15], "texture": "#1"},
				"down": {"uv": [1, 15, 0, 16], "texture": "#1"}
			}
		},
		{
			"from": [12, 8, 12],
			"to": [4, 7, 4],
			"rotation": {"angle": 0, "axis": "y", "origin": [8, 7.5, 8]},
			"faces": {
				"north": {"uv": [9.5, 6.5, 13.5, 7], "texture": "#1"},
				"east": {"uv": [9.5, 6.5, 13.5, 7], "texture": "#1"},
				"south": {"uv": [9.5, 6.5, 13.5, 7], "texture": "#1"},
				"west": {"uv": [9.5, 6.5, 13.5, 7], "texture": "#1"},
				"up": {"uv": [1, 16, 0, 15], "rotation": 180, "texture": "#1"},
				"down": {"uv": [9.5, 4, 5.5, 8], "rotation": 180, "texture": "#1"}
			}
		},
		{
			"from": [4.5, 6, 0],
			"to": [11.5, 7, 5],
			"rotation": {"angle": -22.5, "axis": "x", "origin": [8, 7, 4]},
			"faces": {
				"north": {"uv": [9.5, 8, 13.5, 8.5], "texture": "#1"},
				"east": {"uv": [9.5, 8.5, 12, 9], "texture": "#1"},
				"south": {"uv": [0, 14.5, 1.5, 16], "texture": "#1"},
				"west": {"uv": [9.5, 9.5, 12, 10], "texture": "#1"},
				"up": {"uv": [9, 10.5, 5.5, 8], "texture": "#1"},
				"down": {"uv": [1.5, 14.5, 0, 16], "texture": "#1"}
			}
		},
		{
			"from": [11.5, 6.46404, 5.30552],
			"to": [4.5, 5.46404, 0.30552],
			"rotation": {"angle": -22.5, "axis": "x", "origin": [8, 5.96404, 2.80552]},
			"faces": {
				"north": {"uv": [0, 14.5, 1.5, 16], "rotation": 180, "texture": "#1"},
				"east": {"uv": [9.5, 8.5, 12, 9], "rotation": 180, "texture": "#1"},
				"south": {"uv": [9.5, 8, 13.5, 8.5], "rotation": 180, "texture": "#1"},
				"west": {"uv": [9.5, 9.5, 12, 10], "rotation": 180, "texture": "#1"},
				"up": {"uv": [1.5, 14.5, 0, 16], "texture": "#1"},
				"down": {"uv": [9, 10.5, 5.5, 8], "texture": "#1"}
			}
		}
	],
	"display": {
		"thirdperson_righthand": {
			"translation": [0, 1, 0]
		},
		"thirdperson_lefthand": {
			"rotation": [-25, 180, 0],
			"translation": [0, 0.25, 0]
		},
		"firstperson_righthand": {
			"translation": [0.75, 0, 0],
			"scale": [0.75, 0.75, 0.75]
		},
		"firstperson_lefthand": {
			"rotation": [-45, 180, 0],
			"translation": [0, 0.25, -1.5],
			"scale": [0.75, 0.75, 0.75]
		},
		"ground": {
			"scale": [0.75, 0.75, 0.75]
		},
		"gui": {
			"rotation": [15, -145, 0],
			"translation": [0, 0.25, 0]
		},
		"head": {
			"rotation": [5, 0, 0],
			"translation": [0, 6.5, 0.25],
			"scale": [1.85, 1.85, 1.85]
		},
		"fixed": {
			"rotation": [-78, 0, 0],
			"translation": [0, 3, -3.75],
			"scale": [2, 2, 2]
		}
	}
}